schemaVersion,evidenceClass,diagnosticOnly,smokeMode,windowId,endpoint,endpointExpression,endpointRole,N,quadratureOrder,finiteAction,finiteAverageRate,finiteWkbCorrection,berryIntegral,viscousIntegral,edgeAtZeroReal,edgeAtEndpointReal,minimumNodeRealGap,minimumNodeComplexSeparation,maximumNodeEigenCondition,maximumNodeEigenResidualRelative,maximumDerivativeResidualRelative
r073i-finite-diagnostic-v1,finite-binary64-galerkin-diagnostic-only,true,false,explicit-pilot,0.0001,1e-4,explicit finite pilot; not a theorem endpoint,24,32,1.7039125194741825e-05,0.17039125194741825,-0.00017970645483995782,3.2682977808914753e-05,0.00014702347703104306,0.17040797692029541,0.17037452877888176,0.12995451568119809,0.170374574530855,1.6835035508230562,9.3013273262283244e-16,2.8706977074677748e-16
r073i-finite-diagnostic-v1,finite-binary64-galerkin-diagnostic-only,true,false,explicit-pilot,0.0001,1e-4,explicit finite pilot; not a theorem endpoint,24,64,1.7039125194741829e-05,0.17039125194741828,-0.00017970645483995798,3.2682977808914719e-05,0.00014702347703104325,0.17040797692029541,0.17037452877888176,0.12995450194465824,0.17037454039953293,1.6835036280852997,8.5372266576346157e-16,3.7606665847506681e-16
r073i-finite-diagnostic-v1,finite-binary64-galerkin-diagnostic-only,true,false,explicit-pilot,0.0001,1e-4,explicit finite pilot; not a theorem endpoint,48,32,1.7039125194755551e-05,0.1703912519475555,-0.00017970645480646478,3.2682977746859764e-05,0.00014702347705960501,0.17040797692043391,0.17037452877901837,0.12985579056520469,0.17037457453099167,1.6835041013491112,7.4802252113502403e-16,3.8981845468140509e-16
r073i-finite-diagnostic-v1,finite-binary64-galerkin-diagnostic-only,true,false,explicit-pilot,0.0001,1e-4,explicit finite pilot; not a theorem endpoint,48,64,1.7039125194755544e-05,0.17039125194755542,-0.00017970645480646475,3.2682977746859777e-05,0.00014702347705960499,0.17040797692043391,0.17037452877901837,0.12985577733775441,0.17037454039966907,1.6835041786117881,7.1982996468203838e-16,4.4676095734430303e-16
r073i-finite-diagnostic-v1,finite-binary64-galerkin-diagnostic-only,true,false,explicit-pilot,0.0001,1e-4,explicit finite pilot; not a theorem endpoint,96,32,1.7039125194755574e-05,0.17039125194755572,-0.00017970645480646451,3.2682977746859791e-05,0.00014702347705960472,0.1704079769204333,0.17037452877901893,0.12985563509636075,0.17037457453099172,1.6835041013492753,7.7742695190648714e-16,3.481173800683795e-16
r073i-finite-diagnostic-v1,finite-binary64-galerkin-diagnostic-only,true,false,explicit-pilot,0.0001,1e-4,explicit finite pilot; not a theorem endpoint,96,64,1.7039125194755557e-05,0.17039125194755556,-0.00017970645480646445,3.2682977746859784e-05,0.00014702347705960466,0.1704079769204333,0.17037452877901893,0.12985562186455388,0.17037454039967004,1.6835041786119531,7.8032496573001594e-16,4.3110964422425e-16
r073i-finite-diagnostic-v1,finite-binary64-galerkin-diagnostic-only,true,false,analytic-upper-bound,0.00082880904292593235,sqrt(19/180)/392,finite route diagnostic at a strict analytic upper bound for d0; not d0,24,32,0.00014112087459729243,0.17026946774023541,-0.0014886471315208594,0.00027065631862327499,0.0012179908128975843,0.17040797692029541,0.17013108231723198,0.12985671627126938,0.17013146062123544,1.6835027960137563,8.6209765896712378e-16,4.078665349969755e-16
r073i-finite-diagnostic-v1,finite-binary64-galerkin-diagnostic-only,true,false,analytic-upper-bound,0.00082880904292593235,sqrt(19/180)/392,finite route diagnostic at a strict analytic upper bound for d0; not d0,24,64,0.00014112087459729241,0.17026946774023538,-0.0014886471315208598,0.00027065631862327499,0.0012179908128975849,0.17040797692029541,0.17013108231723198,0.12985660279306685,0.17013117840343742,1.683503436369262,8.6741392206576502e-16,3.90723598821772e-16
r073i-finite-diagnostic-v1,finite-binary64-galerkin-diagnostic-only,true,false,analytic-upper-bound,0.00082880904292593235,sqrt(19/180)/392,finite route diagnostic at a strict analytic upper bound for d0; not d0,48,32,0.00014112087459740226,0.17026946774036794,-0.0014886471311894131,0.0002706563181175439,0.0012179908130718693,0.17040797692043391,0.17013108231735871,0.12976167887821702,0.17013146062136275,1.6835033465356588,6.9279482956986539e-16,3.0593001946108535e-16
r073i-finite-diagnostic-v1,finite-binary64-galerkin-diagnostic-only,true,false,analytic-upper-bound,0.00082880904292593235,sqrt(19/180)/392,finite route diagnostic at a strict analytic upper bound for d0; not d0,48,64,0.00014112087459740226,0.17026946774036794,-0.001488647131189417,0.00027065631811754395,0.001217990813071873,0.17040797692043391,0.17013108231735871,0.1297615697525317,0.17013117840356473,1.6835039868946948,8.0655215195214731e-16,3.8183685789451095e-16
r073i-finite-diagnostic-v1,finite-binary64-galerkin-diagnostic-only,true,false,analytic-upper-bound,0.00082880904292593235,sqrt(19/180)/392,finite route diagnostic at a strict analytic upper bound for d0; not d0,96,32,0.00014112087459740237,0.17026946774036808,-0.0014886471311894144,0.00027065631811754411,0.0012179908130718704,0.1704079769204333,0.17013108231735979,0.12976149201499093,0.17013146062136267,1.6835033465358278,8.0236513909639143e-16,3.695381440853264e-16
r073i-finite-diagnostic-v1,finite-binary64-galerkin-diagnostic-only,true,false,analytic-upper-bound,0.00082880904292593235,sqrt(19/180)/392,finite route diagnostic at a strict analytic upper bound for d0; not d0,96,64,0.00014112087459740224,0.17026946774036791,-0.001488647131189414,0.00027065631811754368,0.0012179908130718702,0.1704079769204333,0.17013108231735979,0.12976138285245811,0.17013117840356479,1.6835039868948571,8.7571920020087456e-16,4.4672528996741198e-16
r073i-finite-diagnostic-v1,finite-binary64-galerkin-diagnostic-only,true,false,one-over-450,0.0022222222222222222,1/450,legacy finite comparison; not the currently known theorem endpoint D=d0,24,32,0.00037786035537742903,0.17003715991984306,-0.0039874134427738822,0.00072454318932426267,0.0032628702534496195,0.17040797692029541,0.16966723003436329,0.12967062023320941,0.16966823979691889,1.6835013528956722,7.9699693620167536e-16,3.5088621443773245e-16
r073i-finite-diagnostic-v1,finite-binary64-galerkin-diagnostic-only,true,false,one-over-450,0.0022222222222222222,1/450,legacy finite comparison; not the currently known theorem endpoint D=d0,24,64,0.00037786035537742897,0.17003715991984303,-0.0039874134427738865,0.00072454318932426191,0.0032628702534496243,0.17040797692029541,0.16966723003436329,0.12967031786868516,0.16966748650542721,1.683503069826866,9.7565337944739107e-16,4.6661242819346618e-16
r073i-finite-diagnostic-v1,finite-binary64-galerkin-diagnostic-only,true,false,one-over-450,0.0022222222222222222,1/450,legacy finite comparison; not the currently known theorem endpoint D=d0,48,32,0.00037786035537770311,0.1700371599199664,-0.0039874134416229626,0.00072454318801168393,0.0032628702536112789,0.17040797692043391,0.1696672300344719,0.12958295153269819,0.16966823979702744,1.6835019034096232,7.6089259515194955e-16,3.684952107905427e-16
r073i-finite-diagnostic-v1,finite-binary64-galerkin-diagnostic-only,true,false,one-over-450,0.0022222222222222222,1/450,legacy finite comparison; not the currently known theorem endpoint D=d0,48,64,0.00037786035537770328,0.17003715991996649,-0.0039874134416229522,0.00072454318801168436,0.003262870253611268,0.17040797692043391,0.1696672300344719,0.12958266151827236,0.16966748650553626,1.6835036203502824,7.5093917609547022e-16,4.318404645734351e-16
r073i-finite-diagnostic-v1,finite-binary64-galerkin-diagnostic-only,true,false,one-over-450,0.0022222222222222222,1/450,legacy finite comparison; not the currently known theorem endpoint D=d0,96,32,0.00037786035537770344,0.17003715991996654,-0.0039874134416229591,0.00072454318801168393,0.003262870253611275,0.1704079769204333,0.16966723003447218,0.12958270301161418,0.16966823979702844,1.6835019034097864,7.9483857462188681e-16,5.292278146740001e-16
r073i-finite-diagnostic-v1,finite-binary64-galerkin-diagnostic-only,true,false,one-over-450,0.0022222222222222222,1/450,legacy finite comparison; not the currently known theorem endpoint D=d0,96,64,0.00037786035537770344,0.17003715991996654,-0.0039874134416229643,0.00072454318801168469,0.0032628702536112797,0.1704079769204333,0.16966723003447218,0.12958241289509409,0.16966748650553445,1.6835036203504419,1.0553916899889369e-15,4.2141172589994156e-16
