lambda3OverLambda2,determinantRatio,gapToSharpSupremum
1.000000000000,1.333333333333,0.666666666667
1.019373485939,1.346083781875,0.653916218125
1.039122303835,1.358747755674,0.641252244326
1.059253725177,1.371320689597,0.628679310403
1.079775162328,1.383798123367,0.616201876633
1.100694171252,1.396175708415,0.603824291585
1.122018454302,1.408449214417,0.591550785583
1.143755863050,1.420614535517,0.579385464483
1.165914401180,1.432667696194,0.567332303806
1.188502227437,1.444604856764,0.555395143236
1.211527658629,1.456422318514,0.543577681486
1.234999172688,1.468116528421,0.531883471579
1.258925411794,1.479684083483,0.520315916517
1.283315185558,1.491121734617,0.508878265383
1.308177474260,1.502426390146,0.497573609854
1.333521432163,1.513595118841,0.486404881159
1.359356390879,1.524625152539,0.475374847461
1.385691862803,1.535513888314,0.464486111686
1.412537544623,1.546258890215,0.453741109785
1.439903320882,1.556857890575,0.443142109425
1.467799267622,1.567308790874,0.432691209126
1.496235656094,1.577609662193,0.422390337807
1.525222956539,1.587758745238,0.412241254762
1.554771842041,1.597754449965,0.402245550035
1.584893192461,1.607595354801,0.392404645199
1.615598098440,1.617280205486,0.382719794514
1.646897865483,1.626807913539,0.373192086461
1.678804018123,1.636177554372,0.363822445628
1.711328304162,1.645388365063,0.354611634937
1.744482698999,1.654439741807,0.345560258193
1.778279410039,1.663331237060,0.336668762940
1.812730881185,1.672062556403,0.327937443597
1.847849797422,1.680633555130,0.319366444870
1.883649089490,1.689044234600,0.310955765400
1.920141938639,1.697294738355,0.302705261645
1.957341781488,1.705385348033,0.294614651967
1.995262314969,1.713316479096,0.286683520904
2.033917501372,1.721088676390,0.278911323610
2.073321573486,1.728702609562,0.271297390438
2.113489039837,1.736159068351,0.263840931649
2.154434690032,1.743458957771,0.256541042229
2.196173600205,1.750603293204,0.249396706796
2.238721138568,1.757593195435,0.242406804565
2.282092971067,1.764429885626,0.235570114374
2.326305067154,1.771114680262,0.228885319738
2.371373705662,1.777648986081,0.222351013919
2.417315480804,1.784034295002,0.215965704998
2.464147308281,1.790272179071,0.209727820929
2.511886431510,1.796364285433,0.203635714567
2.560550427970,1.802312331352,0.197687668648
2.610157215683,1.808118099281,0.191881900719
2.660725059799,1.813783432001,0.186216567999
2.712272579332,1.819310227845,0.180689772155
2.764818754010,1.824700436000,0.175299564000
2.818382931264,1.829956051916,0.170043948084
2.872984833354,1.835079112813,0.164920887187
2.928644564625,1.840071693308,0.159928306692
2.985382618918,1.844935901157,0.155064098843
3.043219887108,1.849673873124,0.150326126876
3.102177664800,1.854287770986,0.145712229014
3.162277660168,1.858779777661,0.141220222339
3.223542001952,1.863152093483,0.136847906517
3.285993247601,1.867406932620,0.132593067380
3.349654391578,1.871546519627,0.128453480373
3.414548873834,1.875573086146,0.124426913854
3.480700588428,1.879488867757,0.120511132243
3.548133892336,1.883296100969,0.116703899031
3.616873614408,1.886997020357,0.113002979643
3.686945064520,1.890593855843,0.109406144157
3.758374042884,1.894088830126,0.105911169874
3.831186849557,1.897484156248,0.102515843752
3.905410294116,1.900782035301,0.099217964699
3.981071705535,1.903984654275,0.096015345725
4.058198942244,1.907094184039,0.092905815961
4.136820402389,1.910112777451,0.089887222549
4.216965034286,1.913042567607,0.086957432393
4.298662347082,1.915885666203,0.084114333797
4.381942421619,1.918644162030,0.081355837970
4.466835921510,1.921320119582,0.078679880418
4.553374104426,1.923915577782,0.076084422218
4.641588833613,1.926432548816,0.073567451184
4.731512589615,1.928873017077,0.071126982923
4.823178482239,1.931238938213,0.068761061787
4.916620262746,1.933532238267,0.066467761733
5.011872336273,1.935754812923,0.064245187077
5.108969774507,1.937908526834,0.062091473166
5.207948328595,1.939995213038,0.060004786962
5.308844442310,1.942016672462,0.057983327538
5.411695265465,1.943974673501,0.056025326499
5.516538667596,1.945870951669,0.054129048331
5.623413251903,1.947707209328,0.052292790672
5.732358369468,1.949485115479,0.050514884521
5.843414133735,1.951206305613,0.048793694387
5.956621435290,1.952872381634,0.047127618366
6.072021956910,1.954484911826,0.045515088174
6.189658188913,1.956045430874,0.043954569126
6.309573444802,1.957555439944,0.042444560056
6.431811877215,1.959016406797,0.040983593203
6.556418494180,1.960429765953,0.039570234047
6.683439175686,1.961796918893,0.038203081107
6.812920690580,1.963119234298,0.036880765702
6.944910713781,1.964398048320,0.035601951680
7.079457843841,1.965634664889,0.034365335111
7.216611620834,1.966830356044,0.033169643956
7.356422544596,1.967986362292,0.032013637708
7.498942093325,1.969103892995,0.030896107005
7.644222742526,1.970184126768,0.029815873232
7.792317984342,1.971228211911,0.028771788089
7.943282347243,1.972237266845,0.027762733155
8.097171416106,1.973212380573,0.026787619427
8.254041852680,1.974154613148,0.025845386852
8.413951416452,1.975064996159,0.024935003841
8.576958985909,1.975944533222,0.024055466778
8.743124580221,1.976794200482,0.023205799518
8.912509381337,1.977614947126,0.022385052874
9.085175756517,1.978407695891,0.021592304109
9.261187281288,1.979173343593,0.020826656407
9.440608762859,1.979912761641,0.020087238359
9.623506263981,1.980626796570,0.019373203430
9.809947127269,1.981316270564,0.018683729436
10.000000000000,1.981981981982,0.018018018018
10.193734859389,1.982624705889,0.017375294111
10.391223038352,1.983245194578,0.016754805422
10.592537251773,1.983844178091,0.016155821909
10.797751623277,1.984422364742,0.015577635258
11.006941712522,1.984980441633,0.015019558367
11.220184543020,1.985519075165,0.014480924835
11.437558630495,1.986038911542,0.013961088458
11.659144011798,1.986540577278,0.013459422722
11.885022274370,1.987024679692,0.012975320308
12.115276586286,1.987491807396,0.012508192604
12.349991726876,1.987942530777,0.012057469223
12.589254117942,1.988377402480,0.011622597520
12.833151855577,1.988796957871,0.011203042129
13.081774742602,1.989201715500,0.010798284500
13.335214321633,1.989592177561,0.010407822439
13.593563908785,1.989968830330,0.010031169670
13.856918628031,1.990332144610,0.009667855390
14.125375446228,1.990682576159,0.009317423841
14.399033208816,1.991020566114,0.008979433886
14.677992676221,1.991346541401,0.008653458599
14.962356560944,1.991660915145,0.008339084855
15.252229565390,1.991964087064,0.008035912936
15.547718420412,1.992256443860,0.007743556140
15.848931924611,1.992538359596,0.007461640404
16.155980984399,1.992810196071,0.007189803929
16.468978654829,1.993072303181,0.006927696819
16.788040181226,1.993325019273,0.006674980727
17.113283041618,1.993568671497,0.006431328503
17.444826989993,1.993803576134,0.006196423866
17.782794100389,1.994030038936,0.005969961064
18.127308811847,1.994248355441,0.005751644559
18.478497974223,1.994458811290,0.005541188710
18.836490894898,1.994661682531,0.005338317469
19.201419386388,1.994857235916,0.005142764084
19.573417814877,1.995045729192,0.004954270808
19.952623149689,1.995227411386,0.004772588614
20.339175013723,1.995402523073,0.004597476927
20.733215734860,1.995571296648,0.004428703352
21.134890398366,1.995733956586,0.004266043414
21.544346900319,1.995890719692,0.004109280308
21.961736002054,1.996041795350,0.003958204650
22.387211385683,1.996187385758,0.003812614242
22.820929710675,1.996327686164,0.003672313836
23.263050671536,1.996462885089,0.003537114911
23.713737056617,1.996593164545,0.003406835455
24.173154808041,1.996718700250,0.003281299750
24.641473082813,1.996839661833,0.003160338167
25.118864315096,1.996956213034,0.003043786966
25.605504279705,1.997068511898,0.002931488102
26.101572156825,1.997176710965,0.002823289035
26.607250597988,1.997280957450,0.002719042550
27.122725793320,1.997381393424,0.002618606576
27.648187540101,1.997478155982,0.002521844018
28.183829312645,1.997571377412,0.002428622588
28.729848333537,1.997661185356,0.002338814644
29.286445646252,1.997747702966,0.002252297034
29.853826189180,1.997831049055,0.002168950945
30.432198871077,1.997911338245,0.002088661755
31.021776647995,1.997988681108,0.002011318892
31.622776601684,1.998063184306,0.001936815694
32.235420019525,1.998134950721,0.001865049279
32.859932476007,1.998204079586,0.001795920414
33.496543915783,1.998270666612,0.001729333388
34.145488738336,1.998334804104,0.001665195896
34.807005884284,1.998396581081,0.001603418919
35.481338923358,1.998456083389,0.001543916611
36.168736144082,1.998513393813,0.001486606187
36.869450645196,1.998568592177,0.001431407823
37.583740428844,1.998621755452,0.001378244548
38.311868495573,1.998672957852,0.001327042148
39.054102941164,1.998722270931,0.001277729069
39.810717055350,1.998769763677,0.001230236323
40.581989422438,1.998815502599,0.001184497401
41.368204023885,1.998859551815,0.001140448185
42.169650342858,1.998901973136,0.001098026864
42.986623470823,1.998942826146,0.001057173854
43.819424216194,1.998982168282,0.001017831718
44.668359215096,1.999020054907,0.000979945093
45.533741044262,1.999056539384,0.000943460616
46.415888336128,1.999091673150,0.000908326850
47.315125896148,1.999125505777,0.000874494223
48.231784822393,1.999158085046,0.000841914954
49.166202627456,1.999189457002,0.000810542998
50.118723362727,1.999219666025,0.000780333975
51.089697745069,1.999248754881,0.000751245119
52.079483285955,1.999276764783,0.000723235217
53.088444423099,1.999303735446,0.000696264554
54.116952654646,1.999329705143,0.000670294857
55.165386675956,1.999354710750,0.000645289250
56.234132519035,1.999378787801,0.000621212199
57.323583694677,1.999401970537,0.000598029463
58.434141337352,1.999424291946,0.000575708054
59.566214352901,1.999445783817,0.000554216183
60.720219569099,1.999466476773,0.000533523227
61.896581889126,1.999486400321,0.000513599679
63.095734448019,1.999505582889,0.000494417111
64.318118772151,1.999524051863,0.000475948137
65.564184941798,1.999541833629,0.000458166371
66.834391756861,1.999558953604,0.000441046396
68.129206905796,1.999575436275,0.000424563725
69.449107137812,1.999591305230,0.000408694770
70.794578438414,1.999606583194,0.000393416806
72.166116208339,1.999621292055,0.000378707945
73.564225445964,1.999635452898,0.000364547102
74.989420933246,1.999649086033,0.000350913967
76.442227425260,1.999662211025,0.000337788975
77.923179843419,1.999674846718,0.000325153282
79.432823472428,1.999687011262,0.000312988738
80.971714161056,1.999698722139,0.000301277861
82.540418526802,1.999709996190,0.000290003810
84.139514164520,1.999720849630,0.000279150370
85.769589859089,1.999731298082,0.000268701918
87.431245802207,1.999741356589,0.000258643411
89.125093813375,1.999751039641,0.000248960359
90.851757565169,1.999760361192,0.000239638808
92.611872812879,1.999769334680,0.000230665320
94.406087628592,1.999777973050,0.000222026950
96.235062639809,1.999786288765,0.000213711235
98.099471272688,1.999794293829,0.000205706171
100.000000000000,1.999801999802,0.000198000198
