panel,row_role,series,x_exact,exact_value,numeric_value,context
A,strain-segment,A,0,1,1,end=1; C-coefficient=0
A,strain-segment,C,1,0,0,end=2; C-coefficient=1
A,strain-segment,-A,2,-1,-1,end=3; C-coefficient=0
A,strain-segment,-C,3,0,0,end=4; C-coefficient=-1
B,rank-one-gap,physical-Q,0,2/3,0.66666666666666663,traceQ=3; trB2=0
B,rank-one-gap,physical-Q,1,13122/3296483,0.0039806059973614303,traceQ=3296483/6561; trB2=6553600/9889449
B,rank-one-gap,physical-Q,2,86093442/2434935719363,3.5357583083352516e-05,traceQ=2434935719363/43046721; trB2=4869613158400/7304807158089
B,rank-one-gap,physical-Q,3,564859072962/1777360790686804643,3.1780777201894286e-07,traceQ=1777360790686804643/282429536481; trB2=3554719886796390400/5332082372060413929
B,rank-one-gap,physical-Q,4,3706040377703682/1297231170654864498408323,2.8568850807314548e-09,traceQ=1297231170654864498408323/1853020188851841; trB2=2594462330191607863705600/3891693511964593495224969
B,rank-one-gap,physical-Q,5,24315330918113857602/946801069151885465681777506403,2.5681562590433875e-11,traceQ=946801069151885465681777506403/12157665459056928801; trB2=1893602138230824938609213440000/2840403207455656397045332519209
B,rank-one-gap,physical-Q,6,159532886153745019726722/691035088502739492091338081900994883,2.3086076062997569e-13,traceQ=691035088502739492091338081900994883/79766443076872509863361; trB2=1382070177005000385524214928742809600/2073105265508218476274014245702984649
B,rank-one-gap,physical-Q,7,1046695266054721074427023042/504360957188981560228184601901666132489763,2.0752900301569725e-15,traceQ=504360957188981560228184601901666132489763/523347633027360537213511521; trB2=1008721914377959980370571039640108983910400/1513082871566944680684553805704998397469289
B,rank-one-gap,physical-Q,8,6867367640585024969315698178562/368114411798642115074522969526257138016771127043,1.8655525077191114e-17,traceQ=368114411798642115074522969526257138016771127043/3433683820292512484657849089281; trB2=736228823597284209546943017297439368086447718400/1104343235395926345223568908578771414050313381129
C,optimized-amplification,k=2,1/100000000,sqrt(37037038518518600000002666666705185185659259264/144675983796306032987690972380601852009259275)/16,0.9999998200000233,plotted value=(rhoG/rho0)/kappa(G)^2
C,optimized-amplification,k=2,3/100000000,sqrt(1000000120000019800001944000084240003110400093312/3906254687502366016776719096376251032750309825)/16,0.99999946000020923,plotted value=(rhoG/rho0)/kappa(G)^2
C,optimized-amplification,k=2,1/10000000,sqrt(37037051851860000002666667051851899259264/144676504630603300190973806018534259275)/16,0.99999820000232498,plotted value=(rhoG/rho0)/kappa(G)^2
C,optimized-amplification,k=2,3/10000000,sqrt(1000001200001980001944000842400311040093312/3906296875236602714222213762603275309825)/16,0.99999460002092488,plotted value=(rhoG/rho0)/kappa(G)^2
C,optimized-amplification,k=2,1/1000000,sqrt(37037185186000002666670518523259264/144681713060331440988060186759275)/16,0.99998200023249506,plotted value=(rhoG/rho0)/kappa(G)^2
C,optimized-amplification,k=2,3/1000000,sqrt(1000012000198001944008424031104093312/3906718773661308003387635327809825)/16,0.99994600209236761,plotted value=(rhoG/rho0)/kappa(G)^2
C,optimized-amplification,k=2,1/100000,sqrt(37038518600002666705185659264/144733806034566130602009275)/16,0.99982002324509622,plotted value=(rhoG/rho0)/kappa(G)^2
C,optimized-amplification,k=2,3/100000,sqrt(1000120019801944084243110493312/3910939867167690127283059825)/16,0.99946020911766598,plotted value=(rhoG/rho0)/kappa(G)^2
C,optimized-amplification,k=2,1/10000,sqrt(37051860002667051899264/145255604880056034275)/16,0.99820232010744159,plotted value=(rhoG/rho0)/kappa(G)^2
C,optimized-amplification,k=2,3/10000,sqrt(1001201981944842711133312/3953362756745116084825)/16,0.99462079356884259,plotted value=(rhoG/rho0)/kappa(G)^2
C,optimized-amplification,k=2,1/1000,sqrt(37186002670523264/150561925561775)/16,0.98222771726121016,plotted value=(rhoG/rho0)/kappa(G)^2
C,optimized-amplification,k=2,3/1000,sqrt(1012199952455197312/4399846523262325)/16,0.94796959885922727,plotted value=(rhoG/rho0)/kappa(G)^2
C,optimized-amplification,k=2,1/100,sqrt(4825338208/26752675)/16,0.83938323297711803,plotted value=(rhoG/rho0)/kappa(G)^2
C,optimized-amplification,k=2,3/100,sqrt(8920558154/97337525)/16,0.59832325394563513,plotted value=(rhoG/rho0)/kappa(G)^2
C,optimized-amplification,k=2,1/10,sqrt(1009664/78275)/16,0.22446928075048214,plotted value=(rhoG/rho0)/kappa(G)^2
C,optimized-amplification,k=2,3/10,sqrt(117932032/85055425)/16,0.073594421983227853,plotted value=(rhoG/rho0)/kappa(G)^2
C,optimized-amplification,k=2,1,sqrt(2176/4459)/16,0.043660703250151901,plotted value=(rhoG/rho0)/kappa(G)^2
C,optimized-amplification,k=3,1/100000000,sqrt(820125032805007135087772281504051417553144100531441/125000225000184287649467567268677514944506725025)/81,0.99999912000046409,plotted value=(rhoG/rho0)/kappa(G)^2
C,optimized-amplification,k=3,3/100000000,sqrt(820125098415064215794851600828164830414016687420489/125000675001658591535627948762881131518402543225)/81,0.99999736000417605,plotted value=(rhoG/rho0)/kappa(G)^2
C,optimized-amplification,k=3,1/10000000,sqrt(820125328050713509022281540514180314410531441/125002250018428899468172686776494456725025)/81,0.99999120004639952,plotted value=(rhoG/rho0)/kappa(G)^2
C,optimized-amplification,k=3,3/10000000,sqrt(820125984156421586101603781649466402017420489/125006750165862785676987629138156252543225)/81,0.99997360041758854,plotted value=(rhoG/rho0)/kappa(G)^2
C,optimized-amplification,k=3,1/1000000,sqrt(820128280571351147281905142281441531441/125022501843024474226867899451725025)/81,0.99991200463957586,plotted value=(rhoG/rho0)/kappa(G)^2
C,optimized-amplification,k=3,3/1000000,sqrt(820134842142165226633316610890550420489/125067516589911167376324070037543225)/81,0.99973604174855213,plotted value=(rhoG/rho0)/kappa(G)^2
C,optimized-amplification,k=3,1/100000,sqrt(820157812135359785551470644631441/125225184437034768692451225025)/81,0.9991204635763854,plotted value=(rhoG/rho0)/kappa(G)^2
C,optimized-amplification,k=3,3/100000,sqrt(820223479223139428677731903720489/125676662628571266513916043225)/81,0.99736416459177235,plotted value=(rhoG/rho0)/kappa(G)^2
C,optimized-amplification,k=3,1/10000,sqrt(820453763781072019489941441/127268578890188276175025)/81,0.99124598124965035,plotted value=(rhoG/rho0)/kappa(G)^2
C,optimized-amplification,k=3,3/10000,sqrt(821115578933633439964050489/131919948860496828893225)/81,0.97400657817617708,plotted value=(rhoG/rho0)/kappa(G)^2
C,optimized-amplification,k=3,1/1000,sqrt(823477123562173722441/149499069523920025)/81,0.91626586134872079,plotted value=(rhoG/rho0)/kappa(G)^2
C,optimized-amplification,k=3,3/1000,sqrt(830616042421509333489/213666415005428225)/81,0.76974523096278269,plotted value=(rhoG/rho0)/kappa(G)^2
C,optimized-amplification,k=3,1/100,sqrt(860341474093041/751045347025)/81,0.41784704077857149,plotted value=(rhoG/rho0)/kappa(G)^2
C,optimized-amplification,k=3,3/100,sqrt(990448854254289/11951506934225)/81,0.11238793049007048,plotted value=(rhoG/rho0)/kappa(G)^2
C,optimized-amplification,k=3,1/10,sqrt(545081319/212794375)/81,0.019759027168402249,plotted value=(rhoG/rho0)/kappa(G)^2
C,optimized-amplification,k=3,3/10,sqrt(1283620284/3997604975)/81,0.0069957346513775985,plotted value=(rhoG/rho0)/kappa(G)^2
C,optimized-amplification,k=3,1,sqrt(7263027/55010683)/81,0.0044859072703543274,plotted value=(rhoG/rho0)/kappa(G)^2
C,optimized-amplification,k=5,1/100000000,sqrt(4629629814815106944456055555729537039351851875/11852005926890377583738702689037639853811)/625,0.99999352002258879,plotted value=(rhoG/rho0)/kappa(G)^2
C,optimized-amplification,k=5,3/100000000,sqrt(125000015000070987508464500380497515187500455625/320012480234364682574078780927955106561913)/625,0.99998056020329529,plotted value=(rhoG/rho0)/kappa(G)^2
C,optimized-amplification,k=5,1/10000000,sqrt(4629631481510694456055557295370601851875/11853392689043183915026890430653811)/625,0.99993520225873267,plotted value=(rhoG/rho0)/kappa(G)^2
C,optimized-amplification,k=5,3/10000000,sqrt(125000150007098758464503804976518750455625/320124823440423759699809635545361913)/625,0.99980562032594622,plotted value=(rhoG/rho0)/kappa(G)^2
C,optimized-amplification,k=5,1/1000000,sqrt(4629648151069456055572953726851875/11867268909745678268909733811)/625,0.99935222574093518,plotted value=(rhoG/rho0)/kappa(G)^2
C,optimized-amplification,k=5,3/1000000,sqrt(125001500709883464538049901875455625/321250348001695910131989241913)/625,0.99805802902949037,plotted value=(rhoG/rho0)/kappa(G)^2
C,optimized-amplification,k=5,1/100000,sqrt(4629815106956055729539351875/12006896419310689641811)/625,0.99354244310262607,plotted value=(rhoG/rho0)/kappa(G)^2
C,optimized-amplification,k=5,3/100000,sqrt(125015070995964880512687955625/332718797666016917629913)/625,0.98075944589473363,plotted value=(rhoG/rho0)/kappa(G)^2
C,optimized-amplification,k=5,1/10000,sqrt(243763721371436610625/710276907102769)/625,0.93732601514370983,plotted value=(rhoG/rho0)/kappa(G)^2
C,optimized-amplification,k=5,3/10000,sqrt(125157107218306494205625/473059028275308713)/625,0.82298150112342827,plotted value=(rhoG/rho0)/kappa(G)^2
C,optimized-amplification,k=5,1/1000,sqrt(4651081072976875/44891044891)/625,0.51501168221144722,plotted value=(rhoG/rho0)/kappa(G)^2
C,optimized-amplification,k=5,3/1000,sqrt(127218377702080625/12590890316993)/625,0.16082986184384393,plotted value=(rhoG/rho0)/kappa(G)^2
C,optimized-amplification,k=5,1/100,sqrt(204749275/1070107)/625,0.022131842274307395,plotted value=(rhoG/rho0)/kappa(G)^2
C,optimized-amplification,k=5,3/100,sqrt(8793925625/1901239577)/625,0.0034410656131302112,plotted value=(rhoG/rho0)/kappa(G)^2
C,optimized-amplification,k=5,1/10,sqrt(7703125/31884589)/625,0.00078643538087777934,plotted value=(rhoG/rho0)/kappa(G)^2
C,optimized-amplification,k=5,3/10,sqrt(844437500/18431379743)/625,0.00034247179875858657,plotted value=(rhoG/rho0)/kappa(G)^2
C,optimized-amplification,k=5,1,sqrt(122265625/6141206113)/625,0.00022575913478809672,plotted value=(rhoG/rho0)/kappa(G)^2
