dOverOptimal,production,dissipation,profit
0.00000000,0.000000000000e+00,0.000000000000e+00,0.000000000000e+00
0.01000000,1.264911064067e-01,3.000000000000e-02,9.649110640674e-02
0.02000000,2.127318358778e-01,6.000000000000e-02,1.527318358778e-01
0.03000000,2.883373696962e-01,9.000000000000e-02,1.983373696962e-01
0.04000000,3.577708764000e-01,1.200000000000e-01,2.377708764000e-01
0.05000000,4.229485053762e-01,1.500000000000e-01,2.729485053762e-01
0.06000000,4.849237211224e-01,1.800000000000e-01,3.049237211224e-01
0.07000000,5.443566357079e-01,2.100000000000e-01,3.343566357079e-01
0.08000000,6.016964948938e-01,2.400000000000e-01,3.616964948938e-01
0.09000000,6.572670690062e-01,2.700000000000e-01,3.872670690062e-01
0.10000000,7.113117640156e-01,3.000000000000e-01,4.113117640156e-01
0.11000000,7.640196091087e-01,3.300000000000e-01,4.340196091087e-01
0.12000000,8.155412375266e-01,3.600000000000e-01,4.555412375266e-01
0.13000000,8.659992293856e-01,3.900000000000e-01,4.759992293856e-01
0.14000000,9.154950871727e-01,4.200000000000e-01,4.954950871727e-01
0.15000000,9.641141027336e-01,4.500000000000e-01,5.141141027336e-01
0.16000000,1.011928851254e+00,4.800000000000e-01,5.319288512539e-01
0.17000000,1.059001761173e+00,5.100000000000e-01,5.490017611732e-01
0.18000000,1.105387044383e+00,5.400000000000e-01,5.653870443833e-01
0.19000000,1.151132172618e+00,5.700000000000e-01,5.811321726181e-01
0.20000000,1.196279024977e+00,6.000000000000e-01,5.962790249770e-01
0.21000000,1.240864792596e+00,6.300000000000e-01,6.108647925963e-01
0.22000000,1.284922700966e+00,6.600000000000e-01,6.249227009660e-01
0.23000000,1.328482593254e+00,6.900000000000e-01,6.384825932541e-01
0.24000000,1.371571406255e+00,7.200000000000e-01,6.515714062554e-01
0.25000000,1.414213562373e+00,7.500000000000e-01,6.642135623731e-01
0.26000000,1.456431295206e+00,7.800000000000e-01,6.764312952057e-01
0.27000000,1.498244922104e+00,8.100000000000e-01,6.882449221036e-01
0.28000000,1.539673073972e+00,8.400000000000e-01,6.996730739718e-01
0.29000000,1.580732890311e+00,8.700000000000e-01,7.107328903108e-01
0.30000000,1.621440185768e+00,9.000000000000e-01,7.214401857684e-01
0.31000000,1.661809593174e+00,9.300000000000e-01,7.318095931736e-01
0.32000000,1.701854687022e+00,9.600000000000e-01,7.418546870224e-01
0.33000000,1.741588090615e+00,9.900000000000e-01,7.515880906150e-01
0.34000000,1.781021569436e+00,1.020000000000e+00,7.610215694359e-01
0.35000000,1.820166112896e+00,1.050000000000e+00,7.701661128962e-01
0.36000000,1.859032006180e+00,1.080000000000e+00,7.790320061796e-01
0.37000000,1.897628893629e+00,1.110000000000e+00,7.876288936292e-01
0.38000000,1.935965834875e+00,1.140000000000e+00,7.959658348755e-01
0.39000000,1.974051354702e+00,1.170000000000e+00,8.040513547019e-01
0.40000000,2.011893487493e+00,1.200000000000e+00,8.118934874927e-01
0.41000000,2.049499816969e+00,1.230000000000e+00,8.194998169690e-01
0.42000000,2.086877511818e+00,1.260000000000e+00,8.268775118176e-01
0.43000000,2.124033357723e+00,1.290000000000e+00,8.340333577229e-01
0.44000000,2.160973786241e+00,1.320000000000e+00,8.409737862409e-01
0.45000000,2.197704900891e+00,1.350000000000e+00,8.477049008908e-01
0.46000000,2.234232500789e+00,1.380000000000e+00,8.542325007886e-01
0.47000000,2.270562102102e+00,1.410000000000e+00,8.605621021019e-01
0.48000000,2.306698957569e+00,1.440000000000e+00,8.666989575694e-01
0.49000000,2.342648074295e+00,1.470000000000e+00,8.726480742954e-01
0.50000000,2.378414230005e+00,1.500000000000e+00,8.784142300054e-01
0.51000000,2.414001987922e+00,1.530000000000e+00,8.840019879219e-01
0.52000000,2.449415710404e+00,1.560000000000e+00,8.894157104036e-01
0.53000000,2.484659571472e+00,1.590000000000e+00,8.946595714725e-01
0.54000000,2.519737568338e+00,1.620000000000e+00,8.997375683380e-01
0.55000000,2.554653532016e+00,1.650000000000e+00,9.046535320165e-01
0.56000000,2.589411137131e+00,1.680000000000e+00,9.094111371312e-01
0.57000000,2.624013910971e+00,1.710000000000e+00,9.140139109705e-01
0.58000000,2.658465241872e+00,1.740000000000e+00,9.184652418720e-01
0.59000000,2.692768386993e+00,1.770000000000e+00,9.227683869928e-01
0.60000000,2.726926479522e+00,1.800000000000e+00,9.269264795220e-01
0.61000000,2.760942535383e+00,1.830000000000e+00,9.309425353826e-01
0.62000000,2.794819459468e+00,1.860000000000e+00,9.348194594678e-01
0.63000000,2.828560051450e+00,1.890000000000e+00,9.385600514501e-01
0.64000000,2.862167011200e+00,1.920000000000e+00,9.421670111997e-01
0.65000000,2.895642943843e+00,1.950000000000e+00,9.456429438435e-01
0.66000000,2.928990364493e+00,1.980000000000e+00,9.489903644935e-01
0.67000000,2.962211702672e+00,2.010000000000e+00,9.522117026721e-01
0.68000000,2.995309306456e+00,2.040000000000e+00,9.553093064564e-01
0.69000000,3.028285446364e+00,2.070000000000e+00,9.582854463643e-01
0.70000000,3.061142319001e+00,2.100000000000e+00,9.611423190015e-01
0.71000000,3.093882050487e+00,2.130000000000e+00,9.638820504874e-01
0.72000000,3.126506699677e+00,2.160000000000e+00,9.665066996766e-01
0.73000000,3.159018261190e+00,2.190000000000e+00,9.690182611898e-01
0.74000000,3.191418668269e+00,2.220000000000e+00,9.714186682694e-01
0.75000000,3.223709795471e+00,2.250000000000e+00,9.737097954706e-01
0.76000000,3.255893461201e+00,2.280000000000e+00,9.758934612009e-01
0.77000000,3.287971430117e+00,2.310000000000e+00,9.779714301172e-01
0.78000000,3.319945415391e+00,2.340000000000e+00,9.799454153912e-01
0.79000000,3.351817080851e+00,2.370000000000e+00,9.818170808514e-01
0.80000000,3.383588043010e+00,2.400000000000e+00,9.835880430098e-01
0.81000000,3.415259872982e+00,2.430000000000e+00,9.852598729818e-01
0.82000000,3.446834098305e+00,2.460000000000e+00,9.868340983047e-01
0.83000000,3.478312204662e+00,2.490000000000e+00,9.883122046624e-01
0.84000000,3.509695637522e+00,2.520000000000e+00,9.896956375220e-01
0.85000000,3.540985803688e+00,2.550000000000e+00,9.909858036878e-01
0.86000000,3.572184072777e+00,2.580000000000e+00,9.921840727771e-01
0.87000000,3.603291778624e+00,2.610000000000e+00,9.932917786240e-01
0.88000000,3.634310220614e+00,2.640000000000e+00,9.943102206145e-01
0.89000000,3.665240664956e+00,2.670000000000e+00,9.952406649562e-01
0.90000000,3.696084345889e+00,2.700000000000e+00,9.960843458892e-01
0.91000000,3.726842466838e+00,2.730000000000e+00,9.968424668385e-01
0.92000000,3.757516201513e+00,2.760000000000e+00,9.975162015130e-01
0.93000000,3.788106694954e+00,2.790000000000e+00,9.981066949543e-01
0.94000000,3.818615064537e+00,2.820000000000e+00,9.986150645369e-01
0.95000000,3.849042400924e+00,2.850000000000e+00,9.990424009238e-01
0.96000000,3.879389768979e+00,2.880000000000e+00,9.993897689791e-01
0.97000000,3.909658208640e+00,2.910000000000e+00,9.996582086402e-01
0.98000000,3.939848735752e+00,2.940000000000e+00,9.998487357521e-01
0.99000000,3.969962342865e+00,2.970000000000e+00,9.999623428653e-01
1.00000000,4.000000000000e+00,3.000000000000e+00,1.000000000000e+00
1.01000000,4.029962655377e+00,3.030000000000e+00,9.999626553768e-01
1.02000000,4.059851236118e+00,3.060000000000e+00,9.998512361178e-01
1.03000000,4.089666648918e+00,3.090000000000e+00,9.996666489180e-01
1.04000000,4.119409780689e+00,3.120000000000e+00,9.994097806891e-01
1.05000000,4.149081499177e+00,3.150000000000e+00,9.990814991769e-01
1.06000000,4.178682653554e+00,3.180000000000e+00,9.986826535541e-01
1.07000000,4.208214074989e+00,3.210000000000e+00,9.982140749888e-01
1.08000000,4.237676577191e+00,3.240000000000e+00,9.976765771911e-01
1.09000000,4.267070956938e+00,3.270000000000e+00,9.970709569376e-01
1.10000000,4.296397994576e+00,3.300000000000e+00,9.963979945758e-01
1.11000000,4.325658454509e+00,3.330000000000e+00,9.956584545091e-01
1.12000000,4.354853085663e+00,3.360000000000e+00,9.948530856633e-01
1.13000000,4.383982621935e+00,3.390000000000e+00,9.939826219346e-01
1.14000000,4.413047782622e+00,3.420000000000e+00,9.930477826220e-01
1.15000000,4.442049272843e+00,3.450000000000e+00,9.920492728430e-01
1.16000000,4.470987783934e+00,3.480000000000e+00,9.909877839336e-01
1.17000000,4.499863993834e+00,3.510000000000e+00,9.898639938342e-01
1.18000000,4.528678567462e+00,3.540000000000e+00,9.886785674616e-01
1.19000000,4.557432157067e+00,3.570000000000e+00,9.874321570668e-01
1.20000000,4.586125402581e+00,3.600000000000e+00,9.861254025810e-01
1.21000000,4.614758931949e+00,3.630000000000e+00,9.847589319487e-01
1.22000000,4.643333361449e+00,3.660000000000e+00,9.833333614495e-01
1.23000000,4.671849296008e+00,3.690000000000e+00,9.818492960084e-01
1.24000000,4.700307329496e+00,3.720000000000e+00,9.803073294955e-01
1.25000000,4.728708045016e+00,3.750000000000e+00,9.787080450159e-01
1.26000000,4.757052015188e+00,3.780000000000e+00,9.770520151885e-01
1.27000000,4.785339802417e+00,3.810000000000e+00,9.753398024170e-01
1.28000000,4.813571959151e+00,3.840000000000e+00,9.735719591506e-01
1.29000000,4.841749028137e+00,3.870000000000e+00,9.717490281368e-01
1.30000000,4.869871542665e+00,3.900000000000e+00,9.698715426654e-01
1.31000000,4.897940026805e+00,3.930000000000e+00,9.679400268048e-01
1.32000000,4.925954995630e+00,3.960000000000e+00,9.659549956305e-01
1.33000000,4.953916955446e+00,3.990000000000e+00,9.639169554464e-01
1.34000000,4.981826403999e+00,4.020000000000e+00,9.618264039991e-01
1.35000000,5.009683830685e+00,4.050000000000e+00,9.596838306847e-01
1.36000000,5.037489716750e+00,4.080000000000e+00,9.574897167505e-01
1.37000000,5.065244535489e+00,4.110000000000e+00,9.552445354886e-01
1.38000000,5.092948752425e+00,4.140000000000e+00,9.529487524254e-01
1.39000000,5.120602825504e+00,4.170000000000e+00,9.506028255035e-01
1.40000000,5.148207205260e+00,4.200000000000e+00,9.482072052595e-01
1.41000000,5.175762334995e+00,4.230000000000e+00,9.457623349954e-01
1.42000000,5.203268650945e+00,4.260000000000e+00,9.432686509454e-01
1.43000000,5.230726582437e+00,4.290000000000e+00,9.407265824373e-01
1.44000000,5.258136552050e+00,4.320000000000e+00,9.381365520496e-01
1.45000000,5.285498975764e+00,4.350000000000e+00,9.354989757636e-01
1.46000000,5.312814263111e+00,4.380000000000e+00,9.328142631111e-01
1.47000000,5.340082817318e+00,4.410000000000e+00,9.300828173179e-01
1.48000000,5.367305035443e+00,4.440000000000e+00,9.273050354431e-01
1.49000000,5.394481308514e+00,4.470000000000e+00,9.244813085142e-01
1.50000000,5.421612021659e+00,4.500000000000e+00,9.216120216591e-01
1.51000000,5.448697554233e+00,4.530000000000e+00,9.186975542331e-01
1.52000000,5.475738279944e+00,4.560000000000e+00,9.157382799437e-01
1.53000000,5.502734566971e+00,4.590000000000e+00,9.127345669709e-01
1.54000000,5.529686778084e+00,4.620000000000e+00,9.096867780844e-01
1.55000000,5.556595270758e+00,4.650000000000e+00,9.065952707582e-01
1.56000000,5.583460397281e+00,4.680000000000e+00,9.034603972810e-01
1.57000000,5.610282504864e+00,4.710000000000e+00,9.002825048644e-01
1.58000000,5.637061935748e+00,4.740000000000e+00,8.970619357481e-01
1.59000000,5.663799027302e+00,4.770000000000e+00,8.937990273018e-01
1.60000000,5.690494112125e+00,4.800000000000e+00,8.904941121246e-01
1.61000000,5.717147518142e+00,4.830000000000e+00,8.871475181421e-01
1.62000000,5.743759568701e+00,4.860000000000e+00,8.837595687006e-01
1.63000000,5.770330582659e+00,4.890000000000e+00,8.803305826589e-01
1.64000000,5.796860874477e+00,4.920000000000e+00,8.768608744775e-01
1.65000000,5.823350754306e+00,4.950000000000e+00,8.733507543060e-01
1.66000000,5.849800528068e+00,4.980000000000e+00,8.698005280678e-01
1.67000000,5.876210497543e+00,5.010000000000e+00,8.662104975427e-01
1.68000000,5.902580960448e+00,5.040000000000e+00,8.625809604478e-01
1.69000000,5.928912210516e+00,5.070000000000e+00,8.589122105155e-01
1.70000000,5.955204537571e+00,5.100000000000e+00,8.552045375707e-01
1.71000000,5.981458227605e+00,5.130000000000e+00,8.514582276049e-01
1.72000000,6.007673562849e+00,5.160000000000e+00,8.476735628493e-01
1.73000000,6.033850821846e+00,5.190000000000e+00,8.438508218458e-01
1.74000000,6.059990279516e+00,5.220000000000e+00,8.399902795163e-01
1.75000000,6.086092207230e+00,5.250000000000e+00,8.360922072299e-01
1.76000000,6.112156872869e+00,5.280000000000e+00,8.321568728693e-01
1.77000000,6.138184540895e+00,5.310000000000e+00,8.281845408949e-01
1.78000000,6.164175472408e+00,5.340000000000e+00,8.241754724076e-01
1.79000000,6.190129925210e+00,5.370000000000e+00,8.201299252103e-01
1.80000000,6.216048153867e+00,5.400000000000e+00,8.160481538672e-01
1.81000000,6.241930409763e+00,5.430000000000e+00,8.119304097631e-01
1.82000000,6.267776941160e+00,5.460000000000e+00,8.077769411596e-01
1.83000000,6.293587993251e+00,5.490000000000e+00,8.035879932513e-01
1.84000000,6.319363808220e+00,5.520000000000e+00,7.993638082201e-01
1.85000000,6.345104625288e+00,5.550000000000e+00,7.951046252885e-01
1.86000000,6.370810680771e+00,5.580000000000e+00,7.908106807713e-01
1.87000000,6.396482208127e+00,5.610000000000e+00,7.864822081268e-01
1.88000000,6.422119438006e+00,5.640000000000e+00,7.821194380059e-01
1.89000000,6.447722598301e+00,5.670000000000e+00,7.777225983008e-01
1.90000000,6.473291914193e+00,5.700000000000e+00,7.732919141928e-01
1.91000000,6.498827608198e+00,5.730000000000e+00,7.688276081980e-01
1.92000000,6.524329900213e+00,5.760000000000e+00,7.643299002130e-01
1.93000000,6.549799007559e+00,5.790000000000e+00,7.597990075590e-01
1.94000000,6.575235145026e+00,5.820000000000e+00,7.552351450256e-01
1.95000000,6.600638524913e+00,5.850000000000e+00,7.506385249125e-01
1.96000000,6.626009357072e+00,5.880000000000e+00,7.460093570716e-01
1.97000000,6.651347848947e+00,5.910000000000e+00,7.413478489471e-01
1.98000000,6.676654205615e+00,5.940000000000e+00,7.366542056154e-01
1.99000000,6.701928629824e+00,5.970000000000e+00,7.319286298241e-01
2.00000000,6.727171322030e+00,6.000000000000e+00,7.271713220297e-01
2.01000000,6.752382480435e+00,6.030000000000e+00,7.223824804350e-01
2.02000000,6.777562301025e+00,6.060000000000e+00,7.175623010253e-01
2.03000000,6.802710977605e+00,6.090000000000e+00,7.127109776045e-01
2.04000000,6.827828701830e+00,6.120000000000e+00,7.078287018296e-01
2.05000000,6.852915663245e+00,6.150000000000e+00,7.029156632448e-01
2.06000000,6.877972049316e+00,6.180000000000e+00,6.979720493156e-01
2.07000000,6.902998045461e+00,6.210000000000e+00,6.929980454608e-01
2.08000000,6.927993835085e+00,6.240000000000e+00,6.879938350851e-01
2.09000000,6.952959599610e+00,6.270000000000e+00,6.829595996104e-01
2.10000000,6.977895518507e+00,6.300000000000e+00,6.778955185067e-01
2.11000000,7.002801769322e+00,6.330000000000e+00,6.728017693223e-01
2.12000000,7.027678527713e+00,6.360000000000e+00,6.676785277130e-01
2.13000000,7.052525967472e+00,6.390000000000e+00,6.625259674718e-01
2.14000000,7.077344260557e+00,6.420000000000e+00,6.573442605567e-01
2.15000000,7.102133577119e+00,6.450000000000e+00,6.521335771187e-01
2.16000000,7.126894085529e+00,6.480000000000e+00,6.468940855293e-01
2.17000000,7.151625952407e+00,6.510000000000e+00,6.416259524071e-01
2.18000000,7.176329342644e+00,6.540000000000e+00,6.363293426441e-01
2.19000000,7.201004419431e+00,6.570000000000e+00,6.310044194312e-01
2.20000000,7.225651344284e+00,6.600000000000e+00,6.256513442840e-01
2.21000000,7.250270277067e+00,6.630000000000e+00,6.202702770668e-01
2.22000000,7.274861376017e+00,6.660000000000e+00,6.148613760173e-01
2.23000000,7.299424797770e+00,6.690000000000e+00,6.094247977705e-01
2.24000000,7.323960697382e+00,6.720000000000e+00,6.039606973817e-01
2.25000000,7.348469228350e+00,6.750000000000e+00,5.984692283495e-01
2.26000000,7.372950542639e+00,6.780000000000e+00,5.929505426387e-01
2.27000000,7.397404790702e+00,6.810000000000e+00,5.874047907017e-01
2.28000000,7.421832121500e+00,6.840000000000e+00,5.818321215004e-01
2.29000000,7.446232682528e+00,6.870000000000e+00,5.762326825278e-01
2.30000000,7.470606619828e+00,6.900000000000e+00,5.706066198281e-01
2.31000000,7.494954078018e+00,6.930000000000e+00,5.649540780179e-01
2.32000000,7.519275200306e+00,6.960000000000e+00,5.592752003058e-01
2.33000000,7.543570128512e+00,6.990000000000e+00,5.535701285122e-01
2.34000000,7.567839003089e+00,7.020000000000e+00,5.478390030889e-01
2.35000000,7.592081963138e+00,7.050000000000e+00,5.420819631378e-01
2.36000000,7.616299146430e+00,7.080000000000e+00,5.362991464296e-01
2.37000000,7.640490689422e+00,7.110000000000e+00,5.304906894222e-01
2.38000000,7.664656727279e+00,7.140000000000e+00,5.246567272789e-01
2.39000000,7.688797393886e+00,7.170000000000e+00,5.187973938857e-01
2.40000000,7.712912821869e+00,7.200000000000e+00,5.129128218687e-01
2.41000000,7.737003142611e+00,7.230000000000e+00,5.070031426114e-01
2.42000000,7.761068486271e+00,7.260000000000e+00,5.010684862714e-01
2.43000000,7.785108981797e+00,7.290000000000e+00,4.951089817966e-01
2.44000000,7.809124756942e+00,7.320000000000e+00,4.891247569417e-01
2.45000000,7.833115938284e+00,7.350000000000e+00,4.831159382837e-01
2.46000000,7.857082651238e+00,7.380000000000e+00,4.770826512380e-01
2.47000000,7.881025020073e+00,7.410000000000e+00,4.710250200734e-01
2.48000000,7.904943167927e+00,7.440000000000e+00,4.649431679271e-01
2.49000000,7.928837216820e+00,7.470000000000e+00,4.588372168199e-01
2.50000000,7.952707287671e+00,7.500000000000e+00,4.527072876705e-01
2.51000000,7.976553500310e+00,7.530000000000e+00,4.465535003097e-01
2.52000000,8.000375973495e+00,7.560000000000e+00,4.403759734949e-01
2.53000000,8.024174824923e+00,7.590000000000e+00,4.341748249235e-01
2.54000000,8.047950171247e+00,7.620000000000e+00,4.279501712467e-01
2.55000000,8.071702128083e+00,7.650000000000e+00,4.217021280830e-01
2.56000000,8.095430810031e+00,7.680000000000e+00,4.154308100311e-01
2.57000000,8.119136330683e+00,7.710000000000e+00,4.091363306830e-01
2.58000000,8.142818802637e+00,7.740000000000e+00,4.028188026368e-01
2.59000000,8.166478337509e+00,7.770000000000e+00,3.964783375089e-01
2.60000000,8.190115045947e+00,7.800000000000e+00,3.901150459468e-01
2.61000000,8.213729037641e+00,7.830000000000e+00,3.837290376406e-01
2.62000000,8.237320421336e+00,7.860000000000e+00,3.773204213356e-01
2.63000000,8.260889304843e+00,7.890000000000e+00,3.708893048433e-01
2.64000000,8.284435795054e+00,7.920000000000e+00,3.644357950536e-01
2.65000000,8.307959997946e+00,7.950000000000e+00,3.579599979455e-01
2.66000000,8.331462018599e+00,7.980000000000e+00,3.514620185990e-01
2.67000000,8.354941961205e+00,8.010000000000e+00,3.449419612053e-01
2.68000000,8.378399929078e+00,8.040000000000e+00,3.383999290782e-01
2.69000000,8.401836024665e+00,8.070000000000e+00,3.318360246646e-01
2.70000000,8.425250349555e+00,8.100000000000e+00,3.252503495546e-01
2.71000000,8.448643004492e+00,8.130000000000e+00,3.186430044923e-01
2.72000000,8.472014089386e+00,8.160000000000e+00,3.120140893858e-01
2.73000000,8.495363703317e+00,8.190000000000e+00,3.053637033171e-01
2.74000000,8.518691944552e+00,8.220000000000e+00,2.986919445517e-01
2.75000000,8.541998910549e+00,8.250000000000e+00,2.919989105489e-01
2.76000000,8.565284697971e+00,8.280000000000e+00,2.852846979708e-01
2.77000000,8.588549402692e+00,8.310000000000e+00,2.785494026918e-01
2.78000000,8.611793119808e+00,8.340000000000e+00,2.717931198079e-01
2.79000000,8.635015943646e+00,8.370000000000e+00,2.650159436459e-01
2.80000000,8.658217967772e+00,8.400000000000e+00,2.582179677722e-01
2.81000000,8.681399285001e+00,8.430000000000e+00,2.513992850015e-01
2.82000000,8.704559987406e+00,8.460000000000e+00,2.445599874057e-01
2.83000000,8.727700166323e+00,8.490000000000e+00,2.377001663227e-01
2.84000000,8.750819912364e+00,8.520000000000e+00,2.308199123640e-01
2.85000000,8.773919315424e+00,8.550000000000e+00,2.239193154241e-01
2.86000000,8.796998464688e+00,8.580000000000e+00,2.169984646876e-01
2.87000000,8.820057448638e+00,8.610000000000e+00,2.100574486383e-01
2.88000000,8.843096355066e+00,8.640000000000e+00,2.030963550661e-01
2.89000000,8.866115271076e+00,8.670000000000e+00,1.961152710756e-01
2.90000000,8.889114283094e+00,8.700000000000e+00,1.891142830936e-01
2.91000000,8.912093476876e+00,8.730000000000e+00,1.820934768765e-01
2.92000000,8.935052937518e+00,8.760000000000e+00,1.750529375179e-01
2.93000000,8.957992749456e+00,8.790000000000e+00,1.679927494561e-01
2.94000000,8.980912996481e+00,8.820000000000e+00,1.609129964812e-01
2.95000000,9.003813761742e+00,8.850000000000e+00,1.538137617423e-01
2.96000000,9.026695127755e+00,8.880000000000e+00,1.466951277546e-01
2.97000000,9.049557176406e+00,8.910000000000e+00,1.395571764063e-01
2.98000000,9.072399988966e+00,8.940000000000e+00,1.323999889655e-01
2.99000000,9.095223646087e+00,8.970000000000e+00,1.252236460871e-01
3.00000000,9.118028227819e+00,9.000000000000e+00,1.180282278191e-01
3.01000000,9.140813813609e+00,9.030000000000e+00,1.108138136095e-01
3.02000000,9.163580482313e+00,9.060000000000e+00,1.035804823126e-01
3.03000000,9.186328312196e+00,9.090000000000e+00,9.632831219555e-02
3.04000000,9.209057380944e+00,9.120000000000e+00,8.905738094444e-02
3.05000000,9.231767765671e+00,9.150000000000e+00,8.176776567068e-02
3.06000000,9.254459542917e+00,9.180000000000e+00,7.445954291701e-02
3.07000000,9.277132788664e+00,9.210000000000e+00,6.713278866363e-02
3.08000000,9.299787578334e+00,9.240000000000e+00,5.978757833407e-02
3.09000000,9.322423986801e+00,9.270000000000e+00,5.242398680112e-02
3.10000000,9.345042088393e+00,9.300000000000e+00,4.504208839258e-02
3.11000000,9.367641956897e+00,9.330000000000e+00,3.764195689699e-02
3.12000000,9.390223665569e+00,9.360000000000e+00,3.022366556927e-02
3.13000000,9.412787287136e+00,9.390000000000e+00,2.278728713627e-02
3.14000000,9.435332893802e+00,9.420000000000e+00,1.533289380225e-02
3.15000000,9.457860557254e+00,9.450000000000e+00,7.860557254277e-03
3.16000000,9.480370348668e+00,9.480000000000e+00,3.703486675679e-04
3.17000000,9.502862338711e+00,9.510000000000e+00,-7.137661289239e-03
3.18000000,9.525336597551e+00,9.540000000000e+00,-1.466340244891e-02
3.19000000,9.547793194860e+00,9.570000000000e+00,-2.220680514047e-02
3.20000000,9.570232199816e+00,9.600000000000e+00,-2.976780018419e-02
3.21000000,9.592653681113e+00,9.630000000000e+00,-3.734631888654e-02
3.22000000,9.615057706965e+00,9.660000000000e+00,-4.494229303533e-02
3.23000000,9.637444345105e+00,9.690000000000e+00,-5.255565489482e-02
3.24000000,9.659813662799e+00,9.720000000000e+00,-6.018633720091e-02
3.25000000,9.682165726844e+00,9.750000000000e+00,-6.783427315646e-02
3.26000000,9.704500603573e+00,9.780000000000e+00,-7.549939642658e-02
3.27000000,9.726818358866e+00,9.810000000000e+00,-8.318164113406e-02
3.28000000,9.749119058145e+00,9.840000000000e+00,-9.088094185478e-02
3.29000000,9.771402766387e+00,9.870000000000e+00,-9.859723361325e-02
3.30000000,9.793669548122e+00,9.900000000000e+00,-1.063304518782e-01
3.31000000,9.815919467442e+00,9.930000000000e+00,-1.140805325581e-01
3.32000000,9.838152588003e+00,9.960000000000e+00,-1.218474119971e-01
3.33000000,9.860368973030e+00,9.990000000000e+00,-1.296310269703e-01
3.34000000,9.882568685320e+00,1.002000000000e+01,-1.374313146802e-01
3.35000000,9.904751787248e+00,1.005000000000e+01,-1.452482127518e-01
3.36000000,9.926918340771e+00,1.008000000000e+01,-1.530816592293e-01
3.37000000,9.949068407429e+00,1.011000000000e+01,-1.609315925712e-01
3.38000000,9.971202048353e+00,1.014000000000e+01,-1.687979516471e-01
3.39000000,9.993319324267e+00,1.017000000000e+01,-1.766806757331e-01
3.40000000,1.001542029549e+01,1.020000000000e+01,-1.845797045083e-01
3.41000000,1.003750502195e+01,1.023000000000e+01,-1.924949780510e-01
3.42000000,1.005957356317e+01,1.026000000000e+01,-2.004264368345e-01
3.43000000,1.008162597828e+01,1.029000000000e+01,-2.083740217236e-01
3.44000000,1.010366232603e+01,1.032000000000e+01,-2.163376739711e-01
3.45000000,1.012568266479e+01,1.035000000000e+01,-2.243173352135e-01
3.46000000,1.014768705253e+01,1.038000000000e+01,-2.323129474683e-01
3.47000000,1.016967554687e+01,1.041000000000e+01,-2.403244531296e-01
3.48000000,1.019164820504e+01,1.044000000000e+01,-2.483517949648e-01
3.49000000,1.021360508389e+01,1.047000000000e+01,-2.563949161115e-01
3.50000000,1.023554623993e+01,1.050000000000e+01,-2.644537600737e-01
