N,epsilon,absoluteLambda,fastStep,physicalTime,fastTime,finiteTopDimension,finiteTopSpectralAbscissa,finiteTopRealGap,projectorIdempotenceResidual,projectorCommutatorResidual,logFullNorm,logTopConorm,normalizedFullRate,normalizedTopRate,topConormNoLargerThanFullNorm,r073bUpperLogBound,r073bUpperSlack
24,0.01,100.0,0.25,0.0,0.0,1,0.15631640701491004,0.1483399001377229,1.42706284064814e-16,3.758261474761584e-15,-2.220446049250313e-16,0.0,0.0,0.0,True,31.25,31.25
24,0.01,100.0,0.25,0.001,0.1,1,0.15631640701491004,0.1483399001377229,1.42706284064814e-16,3.758261474761584e-15,0.02449281812471038,0.015610026978917668,0.2449281812471038,0.15610026978917668,True,31.25,31.22550718187529
24,0.01,100.0,0.25,0.002,0.2,1,0.15631640701491004,0.1483399001377229,1.42706284064814e-16,3.758261474761584e-15,0.048911544005463714,0.031177118052069908,0.2445577200273186,0.15588559026034954,True,31.25,31.201088455994537
24,0.01,100.0,0.25,0.003,0.3,1,0.15631640701491004,0.1483399001377229,1.42706284064814e-16,3.758261474761584e-15,0.07324630577980829,0.046701704807690536,0.24415435259936094,0.15567234935896845,True,31.25,31.176753694220192
24,0.01,100.0,0.25,0.004,0.4,1,0.15631640701491004,0.1483399001377229,1.42706284064814e-16,3.758261474761584e-15,0.09748752051408505,0.062184211286190116,0.24371880128521262,0.1554605282154753,True,31.25,31.152512479485914
24,0.01,100.0,0.25,0.005,0.5,1,0.15631640701491004,0.1483399001377229,1.42706284064814e-16,3.758261474761584e-15,0.1216259461165512,0.07762505408313669,0.2432518922331024,0.15525010816627338,True,31.25,31.128374053883448
24,0.01,100.0,0.25,0.006,0.6,1,0.15631640701491004,0.1483399001377229,1.42706284064814e-16,3.758261474761584e-15,0.14565272846433386,0.09302464245511022,0.24275454744055644,0.15504107075851703,True,31.25,31.104347271535666
24,0.01,100.0,0.25,0.007,0.7,1,0.15631640701491004,0.1483399001377229,1.42706284064814e-16,3.758261474761584e-15,0.16955944321372196,0.10838337842792223,0.2422277760196028,0.1548333977541746,True,31.25,31.08044055678628
24,0.01,100.0,0.25,0.008,0.8,1,0.15631640701491004,0.1483399001377229,1.42706284064814e-16,3.758261474761584e-15,0.19333813189898663,0.12370165690672219,0.2416726648737333,0.15462707113340274,True,31.25,31.056661868101013
24,0.01,100.0,0.25,0.009,0.8999999999999999,1,0.15631640701491004,0.1483399001377229,1.42706284064814e-16,3.758261474761584e-15,0.21698133206405945,0.1389798657875747,0.24109036896006605,0.15442207309730527,True,31.25,31.03301866793594
24,0.01,100.0,0.25,0.01,1.0,1,0.15631640701491004,0.1483399001377229,1.42706284064814e-16,3.758261474761584e-15,0.2404821013087055,0.1542183860701305,0.2404821013087055,0.1542183860701305,True,31.25,31.009517898691293
24,0.001,1000.0,0.25,0.0,0.0,1,0.16894375143319693,0.1316175451399676,2.85334106760426e-16,2.1441162058618906e-15,-2.220446049250313e-16,-2.220446049250313e-16,0.0,0.0,True,312.5,312.5
24,0.001,1000.0,0.25,0.001,1.0,1,0.16894375143319693,0.1316175451399676,2.85334106760426e-16,2.1441162058618906e-15,0.2629879615284878,0.1687403127730811,0.2629879615284878,0.1687403127730811,True,312.5,312.2370120384715
24,0.001,1000.0,0.25,0.002,2.0,1,0.16894375143319693,0.1316175451399676,2.85334106760426e-16,2.1441162058618906e-15,0.5164675850265934,0.3370828740829974,0.2582337925132967,0.1685414370414987,True,312.5,311.9835324149734
24,0.001,1000.0,0.25,0.003,3.0,1,0.16894375143319693,0.1316175451399676,2.85334106760426e-16,2.1441162058618906e-15,0.7556046664696662,0.5050394526222397,0.2518682221565554,0.16834648420741322,True,312.5,311.74439533353035
24,0.001,1000.0,0.25,0.004,4.0,1,0.16894375143319693,0.1316175451399676,2.85334106760426e-16,2.1441162058618906e-15,0.9798615494446089,0.6726201591203679,0.24496538736115225,0.16815503978009197,True,312.5,311.5201384505554
24,0.001,1000.0,0.25,0.005,5.0,1,0.16894375143319693,0.1316175451399676,2.85334106760426e-16,2.1441162058618906e-15,1.19106620162809,0.8398340875845958,0.238213240325618,0.16796681751691914,True,312.5,311.3089337983719
24,0.001,1000.0,0.25,0.006,6.0,1,0.16894375143319693,0.1316175451399676,2.85334106760426e-16,2.1441162058618906e-15,1.3917051233453996,1.0066895871469645,0.23195085389089995,0.16778159785782742,True,312.5,311.1082948766546
24,0.001,1000.0,0.25,0.007,7.0,1,0.16894375143319693,0.1316175451399676,2.85334106760426e-16,2.1441162058618906e-15,1.5840875447658407,1.1731943370500142,0.22629822068083438,0.16759919100714488,True,312.5,310.91591245523415
24,0.001,1000.0,0.25,0.008,8.0,1,0.16894375143319693,0.1316175451399676,2.85334106760426e-16,2.1441162058618906e-15,1.7700903602202427,1.3393553327075853,0.22126129502753034,0.16741941658844817,True,312.5,310.72990963977975
24,0.001,1000.0,0.25,0.009,9.0,1,0.16894375143319693,0.1316175451399676,2.85334106760426e-16,2.1441162058618906e-15,1.951156195387668,1.50517884660388,0.216795132820852,0.1672420940670978,True,312.5,310.5488438046123
24,0.001,1000.0,0.25,0.01,10.0,1,0.16894375143319693,0.1316175451399676,2.85334106760426e-16,2.1441162058618906e-15,2.1283700844858995,1.670670398344237,0.21283700844858996,0.1670670398344237,True,312.5,310.3716299155141
24,0.0001,10000.0,0.25,0.0,0.0,1,0.1702610052476631,0.130047086803648,2.963900747733058e-16,1.6499101667195675e-15,-2.220446049250313e-16,-2.220446049250313e-16,0.0,0.0,True,3125.0,3125.0
24,0.0001,10000.0,0.25,0.001,10.0,1,0.1702610052476631,0.130047086803648,2.963900747733058e-16,1.6499101667195675e-15,2.1722527127730387,1.7007117611433773,0.21722527127730387,0.17007117611433772,True,3125.0,3122.827747287227
24,0.0001,10000.0,0.25,0.002,20.0,1,0.1702610052476631,0.130047086803648,2.963900747733058e-16,1.6499101667195675e-15,3.9150181193628946,3.3979757954684637,0.19575090596814473,0.1698987897734232,True,3125.0,3121.0849818806373
24,0.0001,10000.0,0.25,0.003,30.0,1,0.1702610052476631,0.130047086803648,2.963900747733058e-16,1.6499101667195675e-15,5.610048185491733,5.091939044659272,0.18700160618305778,0.1697313014886424,True,3125.0,3119.389951814508
24,0.0001,10000.0,0.25,0.004,40.0,1,0.1702610052476631,0.130047086803648,2.963900747733058e-16,1.6499101667195675e-15,7.299013872042111,6.782590085944495,0.18247534680105276,0.16956475214861239,True,3125.0,3117.700986127958
24,0.0001,10000.0,0.25,0.005,50.0,1,0.1702610052476631,0.130047086803648,2.963900747733058e-16,1.6499101667195675e-15,8.98619810030606,8.469939224576079,0.1797239620061212,0.16939878449152157,True,3125.0,3116.013801899694
24,0.0001,10000.0,0.25,0.006,60.0,1,0.1702610052476631,0.130047086803648,2.963900747733058e-16,1.6499101667195675e-15,10.670349430428322,10.153999486727603,0.17783915717380538,0.16923332477879338,True,3125.0,3114.3296505695716
24,0.0001,10000.0,0.25,0.007,70.0,1,0.1702610052476631,0.130047086803648,2.963900747733058e-16,1.6499101667195675e-15,12.351130967688558,11.834781267323994,0.17644472810983655,0.16906830381891422,True,3125.0,3112.6488690323113
24,0.0001,10000.0,0.25,0.008,80.0,1,0.1702610052476631,0.130047086803648,2.963900747733058e-16,1.6499101667195675e-15,14.02863757172792,13.512294949307552,0.175357969646599,0.1689036868663444,True,3125.0,3110.971362428272
24,0.0001,10000.0,0.25,0.009,89.99999999999999,1,0.1702610052476631,0.130047086803648,2.963900747733058e-16,1.6499101667195675e-15,15.702894319261423,15.186551061353901,0.17447660354734915,0.1687394562372656,True,3125.0,3109.2971056807387
24,0.0001,10000.0,0.25,0.01,99.99999999999999,1,0.1702610052476631,0.130047086803648,2.963900747733058e-16,1.6499101667195675e-15,17.37390380737032,16.857560069246034,0.1737390380737032,0.16857560069246036,True,3125.0,3107.6260961926296
48,0.01,100.0,0.25,0.0,0.0,1,0.15631640701490782,0.1483399001377195,2.8030958029209975e-16,1.4872904417426437e-14,0.0,4.440892098500626e-16,0.0,0.0,True,31.25,31.25
48,0.01,100.0,0.25,0.001,0.1,1,0.15631640701490782,0.1483399001377195,2.8030958029209975e-16,1.4872904417426437e-14,0.024492818124711935,0.015610026978917446,0.24492818124711935,0.15610026978917446,True,31.25,31.225507181875287
48,0.01,100.0,0.25,0.002,0.2,1,0.15631640701490782,0.1483399001377195,2.8030958029209975e-16,1.4872904417426437e-14,0.048911544005462826,0.03117711805206924,0.24455772002731416,0.1558855902603462,True,31.25,31.201088455994537
48,0.01,100.0,0.25,0.003,0.3,1,0.15631640701490782,0.1483399001377195,2.8030958029209975e-16,1.4872904417426437e-14,0.07324630577980784,0.04670170480768987,0.24415435259935947,0.15567234935896623,True,31.25,31.176753694220192
48,0.01,100.0,0.25,0.004,0.4,1,0.15631640701490782,0.1483399001377195,2.8030958029209975e-16,1.4872904417426437e-14,0.0974875205140846,0.062184211286189894,0.2437188012852115,0.15546052821547474,True,31.25,31.152512479485914
48,0.01,100.0,0.25,0.005,0.5,1,0.15631640701490782,0.1483399001377195,2.8030958029209975e-16,1.4872904417426437e-14,0.12162594611655009,0.07762505408313602,0.24325189223310018,0.15525010816627205,True,31.25,31.12837405388345
48,0.01,100.0,0.25,0.006,0.6,1,0.15631640701490782,0.1483399001377195,2.8030958029209975e-16,1.4872904417426437e-14,0.14565272846433386,0.09302464245510911,0.24275454744055644,0.1550410707585152,True,31.25,31.104347271535666
48,0.01,100.0,0.25,0.007,0.7,1,0.15631640701490782,0.1483399001377195,2.8030958029209975e-16,1.4872904417426437e-14,0.16955944321372174,0.10838337842792112,0.2422277760196025,0.154833397754173,True,31.25,31.08044055678628
48,0.01,100.0,0.25,0.008,0.8,1,0.15631640701490782,0.1483399001377195,2.8030958029209975e-16,1.4872904417426437e-14,0.19333813189898752,0.12370165690672108,0.2416726648737344,0.15462707113340135,True,31.25,31.056661868101013
48,0.01,100.0,0.25,0.009,0.8999999999999999,1,0.15631640701490782,0.1483399001377195,2.8030958029209975e-16,1.4872904417426437e-14,0.216981332064059,0.13897986578757315,0.24109036896006558,0.15442207309730352,True,31.25,31.03301866793594
48,0.01,100.0,0.25,0.01,1.0,1,0.15631640701490782,0.1483399001377195,2.8030958029209975e-16,1.4872904417426437e-14,0.2404821013087055,0.15421838607012872,0.2404821013087055,0.15421838607012872,True,31.25,31.009517898691293
48,0.001,1000.0,0.25,0.0,0.0,1,0.16894375143319584,0.1316175451401557,3.407783582797235e-16,4.161864908867306e-15,0.0,0.0,0.0,0.0,True,312.5,312.5
48,0.001,1000.0,0.25,0.001,1.0,1,0.16894375143319584,0.1316175451401557,3.407783582797235e-16,4.161864908867306e-15,0.2629879615284869,0.16874031277308132,0.2629879615284869,0.16874031277308132,True,312.5,312.2370120384715
48,0.001,1000.0,0.25,0.002,2.0,1,0.16894375143319584,0.1316175451401557,3.407783582797235e-16,4.161864908867306e-15,0.5164675850265936,0.33708287408299853,0.2582337925132968,0.16854143704149926,True,312.5,311.9835324149734
48,0.001,1000.0,0.25,0.003,3.0,1,0.16894375143319584,0.1316175451401557,3.407783582797235e-16,4.161864908867306e-15,0.7556046664696667,0.5050394526222404,0.2518682221565556,0.16834648420741344,True,312.5,311.74439533353035
48,0.001,1000.0,0.25,0.004,4.0,1,0.16894375143319584,0.1316175451401557,3.407783582797235e-16,4.161864908867306e-15,0.9798615494446098,0.6726201591203691,0.24496538736115248,0.16815503978009227,True,312.5,311.5201384505554
48,0.001,1000.0,0.25,0.005,5.0,1,0.16894375143319584,0.1316175451401557,3.407783582797235e-16,4.161864908867306e-15,1.1910662016280902,0.8398340875845969,0.23821324032561805,0.1679668175169194,True,312.5,311.3089337983719
48,0.001,1000.0,0.25,0.006,6.0,1,0.16894375143319584,0.1316175451401557,3.407783582797235e-16,4.161864908867306e-15,1.391705123345399,1.006689587146965,0.23195085389089984,0.1677815978578275,True,312.5,311.1082948766546
48,0.001,1000.0,0.25,0.007,7.0,1,0.16894375143319584,0.1316175451401557,3.407783582797235e-16,4.161864908867306e-15,1.584087544765841,1.1731943370500149,0.22629822068083444,0.167599191007145,True,312.5,310.91591245523415
48,0.001,1000.0,0.25,0.008,8.0,1,0.16894375143319584,0.1316175451401557,3.407783582797235e-16,4.161864908867306e-15,1.7700903602202422,1.3393553327075858,0.22126129502753028,0.16741941658844822,True,312.5,310.72990963977975
48,0.001,1000.0,0.25,0.009,9.0,1,0.16894375143319584,0.1316175451401557,3.407783582797235e-16,4.161864908867306e-15,1.951156195387667,1.5051788466038794,0.21679513282085192,0.16724209406709772,True,312.5,310.5488438046123
48,0.001,1000.0,0.25,0.01,10.0,1,0.16894375143319584,0.1316175451401557,3.407783582797235e-16,4.161864908867306e-15,2.1283700844858986,1.670670398344237,0.21283700844858988,0.1670670398344237,True,312.5,310.3716299155141
48,0.0001,10000.0,0.25,0.0,0.0,1,0.17026100524771026,0.13004323778482255,3.4127077421626366e-16,2.2350432655941637e-15,0.0,4.440892098500626e-16,0.0,0.0,True,3125.0,3125.0
48,0.0001,10000.0,0.25,0.001,10.0,1,0.17026100524771026,0.13004323778482255,3.4127077421626366e-16,2.2350432655941637e-15,2.172252712773041,1.7007117611438494,0.2172252712773041,0.17007117611438494,True,3125.0,3122.827747287227
48,0.0001,10000.0,0.25,0.002,20.0,1,0.17026100524771026,0.13004323778482255,3.4127077421626366e-16,2.2350432655941637e-15,3.9150181193629865,3.3979757954693994,0.19575090596814934,0.16989878977346998,True,3125.0,3121.084981880637
48,0.0001,10000.0,0.25,0.003,30.0,1,0.17026100524771026,0.13004323778482255,3.4127077421626366e-16,2.2350432655941637e-15,5.610048185591662,5.091939044660666,0.18700160618638875,0.16973130148868887,True,3125.0,3119.3899518144085
48,0.0001,10000.0,0.25,0.004,40.0,1,0.17026100524771026,0.13004323778482255,3.4127077421626366e-16,2.2350432655941637e-15,7.299013875309993,6.782590085946336,0.18247534688274983,0.1695647521486584,True,3125.0,3117.70098612469
48,0.0001,10000.0,0.25,0.005,50.0,1,0.17026100524771026,0.13004323778482255,3.4127077421626366e-16,2.2350432655941637e-15,8.98619811473498,8.469939224578344,0.1797239622946996,0.16939878449156687,True,3125.0,3116.013801885265
48,0.0001,10000.0,0.25,0.006,60.0,1,0.17026100524771026,0.13004323778482255,3.4127077421626366e-16,2.2350432655941637e-15,10.670349452353758,10.15399948673028,0.1778391575392293,0.169233324778838,True,3125.0,3114.3296505476465
48,0.0001,10000.0,0.25,0.007,70.0,1,0.17026100524771026,0.13004323778482255,3.4127077421626366e-16,2.2350432655941637e-15,12.351130990329615,11.834781267327076,0.17644472843328024,0.16906830381895824,True,3125.0,3112.6488690096703
48,0.0001,10000.0,0.25,0.008,80.0,1,0.17026100524771026,0.13004323778482255,3.4127077421626366e-16,2.2350432655941637e-15,14.028637594061491,13.512294949311029,0.17535796992576863,0.16890368686638785,True,3125.0,3110.9713624059386
48,0.0001,10000.0,0.25,0.009,89.99999999999999,1,0.17026100524771026,0.13004323778482255,3.4127077421626366e-16,2.2350432655941637e-15,15.70289434154734,15.18655106135777,0.1744766037949705,0.16873945623730857,True,3125.0,3109.2971056584524
48,0.0001,10000.0,0.25,0.01,99.99999999999999,1,0.17026100524771026,0.13004323778482255,3.4127077421626366e-16,2.2350432655941637e-15,17.373903829670212,16.85756006925027,0.17373903829670212,0.1685756006925027,True,3125.0,3107.6260961703297
96,0.01,100.0,0.25,0.0,0.0,1,0.1563164070149098,0.14833990013772147,1.4483464547614035e-16,3.6335135739564154e-15,0.0,0.0,0.0,0.0,True,31.25,31.25
96,0.01,100.0,0.25,0.001,0.1,1,0.1563164070149098,0.14833990013772147,1.4483464547614035e-16,3.6335135739564154e-15,0.02449281812471016,0.015610026978917446,0.24492818124710158,0.15610026978917446,True,31.25,31.22550718187529
96,0.01,100.0,0.25,0.002,0.2,1,0.1563164070149098,0.14833990013772147,1.4483464547614035e-16,3.6335135739564154e-15,0.048911544005463714,0.031177118052069686,0.2445577200273186,0.15588559026034843,True,31.25,31.201088455994537
96,0.01,100.0,0.25,0.003,0.3,1,0.1563164070149098,0.14833990013772147,1.4483464547614035e-16,3.6335135739564154e-15,0.07324630577980895,0.046701704807690314,0.24415435259936316,0.1556723493589677,True,31.25,31.176753694220192
96,0.01,100.0,0.25,0.004,0.4,1,0.1563164070149098,0.14833990013772147,1.4483464547614035e-16,3.6335135739564154e-15,0.09748752051408505,0.062184211286190116,0.24371880128521262,0.1554605282154753,True,31.25,31.152512479485914
96,0.01,100.0,0.25,0.005,0.5,1,0.1563164070149098,0.14833990013772147,1.4483464547614035e-16,3.6335135739564154e-15,0.12162594611655009,0.07762505408313625,0.24325189223310018,0.1552501081662725,True,31.25,31.12837405388345
96,0.01,100.0,0.25,0.006,0.6,1,0.1563164070149098,0.14833990013772147,1.4483464547614035e-16,3.6335135739564154e-15,0.14565272846433341,0.09302464245511,0.24275454744055566,0.15504107075851667,True,31.25,31.104347271535666
96,0.01,100.0,0.25,0.007,0.7,1,0.1563164070149098,0.14833990013772147,1.4483464547614035e-16,3.6335135739564154e-15,0.16955944321372174,0.10838337842792178,0.2422277760196025,0.15483339775417398,True,31.25,31.08044055678628
96,0.01,100.0,0.25,0.008,0.8,1,0.1563164070149098,0.14833990013772147,1.4483464547614035e-16,3.6335135739564154e-15,0.1933381318989864,0.12370165690672175,0.241672664873733,0.15462707113340218,True,31.25,31.056661868101013
96,0.01,100.0,0.25,0.009,0.8999999999999999,1,0.1563164070149098,0.14833990013772147,1.4483464547614035e-16,3.6335135739564154e-15,0.21698133206405923,0.13897986578757426,0.24109036896006583,0.15442207309730474,True,31.25,31.03301866793594
96,0.01,100.0,0.25,0.01,1.0,1,0.1563164070149098,0.14833990013772147,1.4483464547614035e-16,3.6335135739564154e-15,0.24048210130870484,0.1542183860701296,0.24048210130870484,0.1542183860701296,True,31.25,31.009517898691296
96,0.005,200.0,0.25,0.0,0.0,1,0.1632092255858502,0.13895278247729553,3.645062611253548e-16,4.023772687288028e-15,0.0,0.0,0.0,0.0,True,62.5,62.5
96,0.005,200.0,0.25,0.001,0.2,1,0.1632092255858502,0.13895278247729553,3.645062611253548e-16,4.023772687288028e-15,0.05105473958464457,0.03259980758941605,0.25527369792322285,0.16299903794708026,True,62.5,62.44894526041536
96,0.005,200.0,0.25,0.002,0.4,1,0.1632092255858502,0.13895278247729553,3.645062611253548e-16,4.023772687288028e-15,0.10189790540836419,0.06511628091200405,0.25474476352091047,0.16279070228001014,True,62.5,62.398102094591636
96,0.005,200.0,0.25,0.003,0.6,1,0.1632092255858502,0.13895278247729553,3.645062611253548e-16,4.023772687288028e-15,0.15245142793652833,0.09755049863392506,0.2540857132275472,0.1625841643898751,True,62.5,62.347548572063474
96,0.005,200.0,0.25,0.004,0.8,1,0.1632092255858502,0.13895278247729553,3.645062611253548e-16,4.023772687288028e-15,0.20264220683064127,0.12990349841507576,0.2533027585383016,0.1623793730188447,True,62.5,62.29735779316936
96,0.005,200.0,0.25,0.005,1.0,1,0.1632092255858502,0.13895278247729553,3.645062611253548e-16,4.023772687288028e-15,0.25240353643812896,0.16217627963295755,0.25240353643812896,0.16217627963295755,True,62.5,62.24759646356187
96,0.005,200.0,0.25,0.006,1.2,1,0.1632092255858502,0.13895278247729553,3.645062611253548e-16,4.023772687288028e-15,0.3016761932694645,0.19436980586282648,0.25139682772455374,0.16197483821902206,True,62.5,62.198323806730535
96,0.005,200.0,0.25,0.007,1.4,1,0.1632092255858502,0.13895278247729553,3.645062611253548e-16,4.023772687288028e-15,0.35040915722617827,0.22648500713535635,0.2502922551615559,0.16177500509668313,True,62.5,62.14959084277382
96,0.005,200.0,0.25,0.008,1.6,1,0.1632092255858502,0.13895278247729553,3.645062611253548e-16,4.023772687288028e-15,0.3985599696602238,0.25852278199150325,0.24909998103763986,0.16157673874468953,True,62.5,62.101440030339774
96,0.005,200.0,0.25,0.009,1.7999999999999998,1,0.1632092255858502,0.13895278247729553,3.645062611253548e-16,4.023772687288028e-15,0.44609475764756135,0.29048399935280367,0.24783042091531188,0.1613799996404465,True,62.5,62.053905242352435
96,0.005,200.0,0.25,0.01,2.0,1,0.1632092255858502,0.13895278247729553,3.645062611253548e-16,4.023772687288028e-15,0.49298797277644824,0.3223695002239363,0.24649398638822412,0.16118475011196814,True,62.5,62.00701202722355
96,0.002,500.0,0.25,0.0,0.0,1,0.16749174665800343,0.13337106487396244,2.0320469350371811e-16,1.0289415140260262e-14,0.0,0.0,0.0,0.0,True,156.25,156.25
96,0.002,500.0,0.25,0.001,0.5,1,0.16749174665800343,0.13337106487396244,2.0320469350371811e-16,1.0289415140260262e-14,0.1308947827524678,0.08364299221563876,0.2617895655049356,0.1672859844312775,True,156.25,156.11910521724752
96,0.002,500.0,0.25,0.002,1.0,1,0.16749174665800343,0.13337106487396244,2.0320469350371811e-16,1.0289415140260262e-14,0.26023207492793365,0.16708319466042276,0.26023207492793365,0.16708319466042276,True,156.25,155.98976792507207
96,0.002,500.0,0.25,0.003,1.5,1,0.16749174665800343,0.13337106487396244,2.0320469350371811e-16,1.0289415140260262e-14,0.38696901087340185,0.250324709368847,0.2579793405822679,0.16688313957923132,True,156.25,155.8630309891266
96,0.002,500.0,0.25,0.004,2.0,1,0.16749174665800343,0.13337106487396244,2.0320469350371811e-16,1.0289415140260262e-14,0.5103569121059841,0.33337124931040196,0.25517845605299205,0.16668562465520098,True,156.25,155.73964308789402
96,0.002,500.0,0.25,0.005,2.5,1,0.16749174665800343,0.13337106487396244,2.0320469350371811e-16,1.0289415140260262e-14,0.6299681091668896,0.41622622330717096,0.25198724366675584,0.1664904893228684,True,156.25,155.6200318908331
96,0.002,500.0,0.25,0.006,3.0,1,0.16749174665800343,0.13337106487396244,2.0320469350371811e-16,1.0289415140260262e-14,0.745658561467722,0.49889279837519274,0.248552853822574,0.1662975994583976,True,156.25,155.50434143853226
96,0.002,500.0,0.25,0.007,3.5,1,0.16749174665800343,0.13337106487396244,2.0320469350371811e-16,1.0289415140260262e-14,0.8574981235801847,0.5813739446102711,0.24499946388005278,0.1661068413172203,True,156.25,155.39250187641983
96,0.002,500.0,0.25,0.008,4.0,1,0.16749174665800343,0.13337106487396244,2.0320469350371811e-16,1.0289415140260262e-14,0.9656964748967194,0.6636724667617405,0.24142411872417985,0.16591811669043513,True,156.25,155.28430352510327
96,0.002,500.0,0.25,0.009,4.5,1,0.16749174665800343,0.13337106487396244,2.0320469350371811e-16,1.0289415140260262e-14,1.0705406594458227,0.7457910258229293,0.23789792432129395,0.1657313390717621,True,156.25,155.1794593405542
96,0.002,500.0,0.25,0.01,5.0,1,0.16749174665800343,0.13337106487396244,2.0320469350371811e-16,1.0289415140260262e-14,1.1723494123417897,0.8277321532907315,0.23446988246835793,0.1655464306581463,True,156.25,155.0776505876582
96,0.001,1000.0,0.25,0.0,0.0,1,0.16894375143319626,0.13161754514015986,3.607116537027704e-16,1.2018744184535981e-14,0.0,0.0,0.0,0.0,True,312.5,312.5
96,0.001,1000.0,0.25,0.001,1.0,1,0.16894375143319626,0.13161754514015986,3.607116537027704e-16,1.2018744184535981e-14,0.2629879615284878,0.1687403127730811,0.2629879615284878,0.1687403127730811,True,312.5,312.2370120384715
96,0.001,1000.0,0.25,0.002,2.0,1,0.16894375143319626,0.13161754514015986,3.607116537027704e-16,1.2018744184535981e-14,0.5164675850265941,0.33708287408299786,0.25823379251329703,0.16854143704149893,True,312.5,311.9835324149734
96,0.001,1000.0,0.25,0.003,3.0,1,0.16894375143319626,0.13161754514015986,3.607116537027704e-16,1.2018744184535981e-14,0.7556046664696667,0.5050394526222401,0.2518682221565556,0.16834648420741338,True,312.5,311.74439533353035
96,0.001,1000.0,0.25,0.004,4.0,1,0.16894375143319626,0.13161754514015986,3.607116537027704e-16,1.2018744184535981e-14,0.9798615494446093,0.672620159120369,0.24496538736115236,0.16815503978009225,True,312.5,311.5201384505554
96,0.001,1000.0,0.25,0.005,5.0,1,0.16894375143319626,0.13161754514015986,3.607116537027704e-16,1.2018744184535981e-14,1.1910662016280904,0.8398340875845968,0.23821324032561808,0.16796681751691936,True,312.5,311.3089337983719
96,0.001,1000.0,0.25,0.006,6.0,1,0.16894375143319626,0.13161754514015986,3.607116537027704e-16,1.2018744184535981e-14,1.3917051233453994,1.0066895871469654,0.2319508538908999,0.16778159785782756,True,312.5,311.1082948766546
96,0.001,1000.0,0.25,0.007,7.0,1,0.16894375143319626,0.13161754514015986,3.607116537027704e-16,1.2018744184535981e-14,1.5840875447658405,1.1731943370500149,0.22629822068083436,0.167599191007145,True,312.5,310.91591245523415
96,0.001,1000.0,0.25,0.008,8.0,1,0.16894375143319626,0.13161754514015986,3.607116537027704e-16,1.2018744184535981e-14,1.7700903602202422,1.3393553327075858,0.22126129502753028,0.16741941658844822,True,312.5,310.72990963977975
96,0.001,1000.0,0.25,0.009,9.0,1,0.16894375143319626,0.13161754514015986,3.607116537027704e-16,1.2018744184535981e-14,1.9511561953876675,1.5051788466038798,0.21679513282085197,0.16724209406709778,True,312.5,310.5488438046123
96,0.001,1000.0,0.25,0.01,10.0,1,0.16894375143319626,0.13161754514015986,3.607116537027704e-16,1.2018744184535981e-14,2.1283700844858986,1.6706703983442375,0.21283700844858988,0.16706703983442375,True,312.5,310.3716299155141
96,0.0005,2000.0,0.25,0.0,0.0,1,0.169674338309755,0.1307424547383817,3.416298395727793e-16,9.127430880943626e-15,0.0,0.0,0.0,0.0,True,625.0,625.0
96,0.0005,2000.0,0.25,0.001,2.0,1,0.169674338309755,0.1307424547383817,3.416298395727793e-16,9.127430880943626e-15,0.5195944340663978,0.3389467618932458,0.2597972170331989,0.1694733809466229,True,625.0,624.4804055659336
96,0.0005,2000.0,0.25,0.002,4.0,1,0.169674338309755,0.1307424547383817,3.416298395727793e-16,9.127430880943626e-15,0.9871310492543792,0.677118121385111,0.2467827623135948,0.16927953034627774,True,625.0,624.0128689507457
96,0.0005,2000.0,0.25,0.003,6.0,1,0.169674338309755,0.1307424547383817,3.416298395727793e-16,9.127430880943626e-15,1.4038766075421214,1.0145488083475156,0.23397943459035359,0.16909146805791925,True,625.0,623.5961233924579
96,0.0005,2000.0,0.25,0.004,8.0,1,0.169674338309755,0.1307424547383817,3.416298395727793e-16,9.127430880943626e-15,1.7878641159912756,1.3512679653560575,0.22348301449890945,0.1689084956695072,True,625.0,623.2121358840087
96,0.0005,2000.0,0.25,0.005,10.0,1,0.169674338309755,0.1307424547383817,3.416298395727793e-16,9.127430880943626e-15,2.1523954688213984,1.6872999589046318,0.21523954688213984,0.1687299958904632,True,625.0,622.8476045311786
96,0.0005,2000.0,0.25,0.006,12.0,1,0.169674338309755,0.1307424547383817,3.416298395727793e-16,9.127430880943626e-15,2.5051366646418884,2.0226636134125067,0.20876138872015737,0.1685553011177089,True,625.0,622.4948633353581
96,0.0005,2000.0,0.25,0.007,14.0,1,0.169674338309755,0.1307424547383817,3.416298395727793e-16,9.127430880943626e-15,2.8503997066831097,2.3573720508615343,0.20359997904879354,0.16838371791868104,True,625.0,622.1496002933169
96,0.0005,2000.0,0.25,0.008,16.0,1,0.169674338309755,0.1307424547383817,3.416298395727793e-16,9.127430880943626e-15,3.1907044552044357,2.6914334076029753,0.19941902845027723,0.16821458797518596,True,625.0,621.8092955447955
96,0.0005,2000.0,0.25,0.009,18.0,1,0.169674338309755,0.1307424547383817,3.416298395727793e-16,9.127430880943626e-15,3.527602815437222,3.024852070404722,0.1959779341909568,0.1680473372447068,True,625.0,621.4723971845627
96,0.0005,2000.0,0.25,0.01,20.0,1,0.169674338309755,0.1307424547383817,3.416298395727793e-16,9.127430880943626e-15,3.862095784752275,3.3576300121839635,0.19310478923761376,0.16788150060919815,True,625.0,621.1379042152478
96,0.0003,3333.3333333333335,0.25,0.0,0.0,1,0.1699674277629962,0.13039272373079952,6.013013036739432e-16,8.121561028152599e-15,0.0,0.0,0.0,0.0,True,1041.6666666666667,1041.6666666666667
96,0.0003,3333.3333333333335,0.25,0.001,3.3333333333333335,1,0.1699674277629962,0.13039272373079952,6.013013036739432e-16,8.121561028152599e-15,0.8400942683565125,0.5658962242250343,0.2520282805069537,0.16976886726751025,True,1041.6666666666667,1040.8265723983102
96,0.0003,3333.3333333333335,0.25,0.002,6.666666666666667,1,0.1699674277629962,0.13039272373079952,6.013013036739432e-16,8.121561028152599e-15,1.5403985594601992,1.1305348226011382,0.23105978391902984,0.1695802233901707,True,1041.6666666666667,1040.1262681072064
96,0.0003,3333.3333333333335,0.25,0.003,10.000000000000002,1,0.1699674277629962,0.13039272373079952,6.013013036739432e-16,8.121561028152599e-15,2.1622478821714424,1.6939938225230584,0.21622478821714422,0.1693993822523058,True,1041.6666666666667,1039.5044187844953
96,0.0003,3333.3333333333335,0.25,0.004,13.333333333333334,1,0.1699674277629962,0.13039272373079952,6.013013036739432e-16,8.121561028152599e-15,2.750700289940367,2.256328370666041,0.20630252174552752,0.16922462779995304,True,1041.6666666666667,1038.9159663767264
96,0.0003,3333.3333333333335,0.25,0.005,16.666666666666668,1,0.1699674277629962,0.13039272373079952,6.013013036739432e-16,8.121561028152599e-15,3.3235055350325458,2.817568602607516,0.19941033210195275,0.16905411615645094,True,1041.6666666666667,1038.3431611316341
96,0.0003,3333.3333333333335,0.25,0.006,20.000000000000004,1,0.1699674277629962,0.13039272373079952,6.013013036739432e-16,8.121561028152599e-15,3.888169729875569,3.3777253643511993,0.19440848649377843,0.16888626821755995,True,1041.6666666666667,1037.7784969367913
96,0.0003,3333.3333333333335,0.25,0.007,23.333333333333336,1,0.1699674277629962,0.13039272373079952,6.013013036739432e-16,8.121561028152599e-15,4.448341885857952,3.9367997418739265,0.19064322367962652,0.16871998893745396,True,1041.6666666666667,1037.2183247808089
96,0.0003,3333.3333333333335,0.25,0.008,26.666666666666668,1,0.1699674277629962,0.13039272373079952,6.013013036739432e-16,8.121561028152599e-15,5.0059479765697406,4.4947904106184415,0.18772304912136525,0.16855464039819154,True,1041.6666666666667,1036.660718690097
96,0.0003,3333.3333333333335,0.25,0.009,30.0,1,0.1699674277629962,0.13039272373079952,6.013013036739432e-16,8.121561028152599e-15,5.562005873519428,5.051697202597031,0.18540019578398095,0.16838990675323434,True,1041.6666666666667,1036.1046607931473
96,0.0003,3333.3333333333335,0.25,0.01,33.333333333333336,1,0.1699674277629962,0.13039272373079952,6.013013036739432e-16,8.121561028152599e-15,6.11701296007724,5.607521898082108,0.18351038880231718,0.16822565694246325,True,1041.6666666666667,1035.5496537065894
96,0.0002,5000.0,0.25,0.0,0.0,1,0.1701141555175536,0.13021795024067362,5.950802861551769e-16,6.053758653007535e-15,0.0,0.0,0.0,0.0,True,1562.5,1562.5
96,0.0002,5000.0,0.25,0.001,5.0,1,0.1701141555175536,0.13021795024067362,5.950802861551769e-16,6.053758653007535e-15,1.206572496432224,0.8495905090974878,0.2413144992864448,0.16991810181949757,True,1562.5,1561.2934275035677
96,0.0002,5000.0,0.25,0.002,10.0,1,0.1701141555175536,0.13021795024067362,5.950802861551769e-16,6.053758653007535e-15,2.16723058417182,1.6973497803166424,0.216723058417182,0.16973497803166426,True,1562.5,1560.3327694158281
96,0.0002,5000.0,0.25,0.003,15.0,1,0.1701141555175536,0.13021795024067362,5.950802861551769e-16,6.053758653007535e-15,3.0473070546697403,2.5434114933144802,0.20315380364464936,0.16956076622096536,True,1562.5,1559.4526929453302
96,0.0002,5000.0,0.25,0.004,20.0,1,0.1701141555175536,0.13021795024067362,5.950802861551769e-16,6.053758653007535e-15,3.901489147518179,3.3878311206064162,0.19507445737590898,0.1693915560303208,True,1562.5,1558.598510852482
96,0.0002,5000.0,0.25,0.005,25.0,1,0.1701141555175536,0.13021795024067362,5.950802861551769e-16,6.053758653007535e-15,4.745671532837884,4.2306150061950305,0.18982686131351537,0.16922460024780123,True,1562.5,1557.7543284671622
96,0.0002,5000.0,0.25,0.006,30.0,1,0.1701141555175536,0.13021795024067362,5.950802861551769e-16,6.053758653007535e-15,5.5858144966844385,5.0717586156985845,0.18619381655614797,0.16905862052328613,True,1562.5,1556.9141855033156
96,0.0002,5000.0,0.25,0.007,35.0,1,0.1701141555175536,0.13021795024067362,5.950802861551769e-16,6.053758653007535e-15,6.424196854841702,5.911262199847782,0.18354848156690576,0.16889320570993663,True,1562.5,1556.0758031451583
96,0.0002,5000.0,0.25,0.008,40.0,1,0.1701141555175536,0.13021795024067362,5.950802861551769e-16,6.053758653007535e-15,7.261448872760949,6.74913081529365,0.18153622181902374,0.16872827038234126,True,1562.5,1555.2385511272391
96,0.0002,5000.0,0.25,0.009,44.99999999999999,1,0.1701141555175536,0.13021795024067362,5.950802861551769e-16,6.053758653007535e-15,8.097512015019605,7.585370988274949,0.17994471144488014,0.16856379973944333,True,1562.5,1554.4024879849803
96,0.0002,5000.0,0.25,0.01,49.99999999999999,1,0.1701141555175536,0.13021795024067362,5.950802861551769e-16,6.053758653007535e-15,8.932156749578635,8.419988862980526,0.1786431349915727,0.16839977725961053,True,1562.5,1553.5678432504214
96,0.0001,10000.0,0.25,0.0,0.0,1,0.17026100524771026,0.13004323778482071,3.805975782400806e-16,4.526121680710071e-15,0.0,4.440892098500626e-16,0.0,0.0,True,3125.0,3125.0
96,0.0001,10000.0,0.25,0.001,10.0,1,0.17026100524771026,0.13004323778482071,3.805975782400806e-16,4.526121680710071e-15,2.17225271277304,1.7007117611438471,0.217225271277304,0.17007117611438471,True,3125.0,3122.827747287227
96,0.0001,10000.0,0.25,0.002,20.0,1,0.17026100524771026,0.13004323778482071,3.805975782400806e-16,4.526121680710071e-15,3.9150181193629856,3.397975795469398,0.19575090596814929,0.1698987897734699,True,3125.0,3121.084981880637
96,0.0001,10000.0,0.25,0.003,30.0,1,0.17026100524771026,0.13004323778482071,3.805975782400806e-16,4.526121680710071e-15,5.610048185591659,5.091939044660664,0.18700160618638864,0.16973130148868878,True,3125.0,3119.3899518144085
96,0.0001,10000.0,0.25,0.004,40.0,1,0.17026100524771026,0.13004323778482071,3.805975782400806e-16,4.526121680710071e-15,7.29901387530999,6.782590085946333,0.18247534688274977,0.16956475214865832,True,3125.0,3117.70098612469
96,0.0001,10000.0,0.25,0.005,50.0,1,0.17026100524771026,0.13004323778482071,3.805975782400806e-16,4.526121680710071e-15,8.986198114734973,8.469939224578336,0.17972396229469947,0.16939878449156676,True,3125.0,3116.013801885265
96,0.0001,10000.0,0.25,0.006,60.0,1,0.17026100524771026,0.13004323778482071,3.805975782400806e-16,4.526121680710071e-15,10.670349452353753,10.153999486730273,0.17783915753922921,0.16923332477883787,True,3125.0,3114.3296505476465
96,0.0001,10000.0,0.25,0.007,70.0,1,0.17026100524771026,0.13004323778482071,3.805975782400806e-16,4.526121680710071e-15,12.351130990329612,11.83478126732707,0.17644472843328018,0.16906830381895815,True,3125.0,3112.6488690096703
96,0.0001,10000.0,0.25,0.008,80.0,1,0.17026100524771026,0.13004323778482071,3.805975782400806e-16,4.526121680710071e-15,14.028637594061488,13.512294949311025,0.1753579699257686,0.16890368686638782,True,3125.0,3110.9713624059386
96,0.0001,10000.0,0.25,0.009,89.99999999999999,1,0.17026100524771026,0.13004323778482071,3.805975782400806e-16,4.526121680710071e-15,15.70289434154734,15.186551061357768,0.1744766037949705,0.16873945623730854,True,3125.0,3109.2971056584524
96,0.0001,10000.0,0.25,0.01,99.99999999999999,1,0.17026100524771026,0.13004323778482071,3.805975782400806e-16,4.526121680710071e-15,17.373903829670212,16.857560069250265,0.17373903829670212,0.16857560069250266,True,3125.0,3107.6260961703297
