equation,object,relation,status
S.417-S.420,Taylor 1923 bi-periodic decaying vortex,smooth exact periodic unforced NSE family,PROVED
S.425,fixed-frame Bernoulli flux,exact cancellation,PROVED
S.425,Version-M cutoff,nonzero computable moving drift,PROVED
S.429-S.432,first N+1 physical annuli,positive drift of order A^3 on length delta/A,PROVED
S.435,common-deletion temporal tail,at least c A^(3-1/p),PROVED
S.436,complete payment,at most C_R A^3,PROVED
S.437-S.438,quadratic ratio for p>1,at least c A^(1-1/p) to infinity,S.342 FALSE
S.443,critical p=1 amplitude law,H approximately A^2 and P approximately A^3,"PROVED AT FIXED N,R"
S.444,critical fixed-deletion L1 estimate,universal N1 and C,OPEN
