r,M,target,y,absoluteY,sign,absoluteYOverM,observedBlockGrowth,classification
0,1,0,1,1,1,1,,exact recurrence value
1,16,2,22,22,1,1.375,22,exact recurrence value
2,256,34,274,274,1,1.0703125,16.5529453572469,exact recurrence value
3,4096,546,5666,5666,1,1.38330078125,17.8275716288372,exact recurrence value
4,65536,8738,77474,77474,1,1.18215942382812,16.6835702667553,exact recurrence value
5,1048576,139810,1399138,1399138,1,1.33432197570801,16.950093976273,exact recurrence value
6,16777216,2236962,19990306,19990306,1,1.19151508808136,16.4741585105673,exact recurrence value
7,268435456,35791394,332411106,332411106,1,1.23832786828279,16.4961356000752,exact recurrence value
8,4294967296,572662306,4719006370,4719006370,1,1.09872929053381,16.1894211329235,exact recurrence value
9,68719476736,9162596898,71111720034,71111720034,1,1.03481172167812,16.0609504629173,exact recurrence value
10,1099511627776,146601550370,895587135010,895587135010,1,0.814531754267591,15.675116766202,exact recurrence value
11,17592186044416,2345624805922,9797648754658,9797648754658,1,0.556931852012099,15.1708906745811,exact recurrence value
12,281474976710656,37529996894754,23759466736034,23759466736034,1,0.0844105824741135,13.021261400764,exact recurrence value
13,4503599627370496,600479950316066,-2738046354541726,2738046354541726,-1,0.60796842106064,15.3991037807324,exact recurrence value
14,72057594037927936,9607679205057058,-124989033312467678,124989033312467678,-1,1.73457128261428,16.6419853885308,exact recurrence value
15,1152921504606846976,153722867280912930,-4008646158511120670,4008646158511120670,-1,3.47694629902674,17.3860069219725,exact recurrence value
16,18446744073709551616,2459565876494606882,-115062167509924085598,115062167509924085598,-1,6.23753259925754,17.9394153193005,exact recurrence value
17,295147905179352825856,39353054023913710114,-3117019688878196446622,3117019688878196446622,-1,10.5608734948807,18.3796662249158,exact recurrence value
18,4722366482869645213696,629648864382619361826,-82024176026337401119710,82024176026337401119710,-1,17.3692948914235,18.749805670569,exact recurrence value
19,75557863725914323419136,10074381830121909789218,-2120362012824348022499870,2120362012824348022499870,-1,28.0627575776354,19.0694149555214,exact recurrence value
20,1208925819614629174706176,161190109281950556627490,-54256034214409940753950814,54256034214409940753950814,-1,44.8795396161736,19.351846134501,exact recurrence value
21,19342813113834066795298816,2579041748511208906039842,-1379333573558929964106636958,1379333573558929964106636958,-1,71.3098743932145,19.6049258979312,exact recurrence value
22,309485009821345068724781056,41264667976179342496637474,-34928976478688929623696674014,34928976478688929623696674014,-1,112.861609998016,19.834330201301,exact recurrence value
23,4951760157141521099596496896,660234687618869479946199586,-882289356101063831999317029662,882289356101063831999317029662,-1,178.176916510912,20.043939753006,exact recurrence value
24,79228162514264337593543950336,10563755001901911679139193378,-22251477206552155854586407702878,22251477206552155854586407702878,-1,280.853127226647,20.2367120441996,exact recurrence value
25,1267650600228229401496703205376,169020080030430586866227094050,-560625856187230215669122974508958,560625856187230215669122974508958,-1,442.255820402163,20.4148843947113,exact recurrence value
26,20282409603651670423947251286016,2704321280486889389859633504802,-14116110308315947257283584178091486,14116110308315947257283584178091486,-1,695.977972251111,20.5802468019452,exact recurrence value
27,324518553658426726783156020576256,43269140487790230237754136076834,-355289965563093120454211705478872094,355289965563093120454211705478872094,-1,1094.82173378923,20.7342464879897,exact recurrence value
28,5192296858534827628530496329220096,692306247804643683804066177229346,-8940068715246046009629352628199127646,8940068715246046009629352628199127646,-1,1721.79460435719,20.8780890147355,exact recurrence value
29,83076749736557242056487941267521536,11076899964874298940865058835669538,-224920274781851562844464705705730535582,224920274781851562844464705705730535582,-1,2707.37932688858,21.0127911987413,exact recurrence value
30,1329227995784915872903807060280344576,177230399437988783053840941370712610,-5658116327683070695589465241763530890974,5658116327683070695589465241763530890974,-1,4256.69361887155,21.1392250542416,exact recurrence value
31,21267647932558653966460912964485513216,2835686391007820528861455061931401762,-142326834893639989432572165188385262814494,142326834893639989432572165188385262814494,-1,6692.17561551561,21.2581457517579,exact recurrence value
32,340282366920938463463374607431768211456,45370982256125128461783280990902428194,-3580005646358287281645342323394724514112350,3580005646358287281645342323394724514112350,-1,10520.6910330151,21.3702137443182,exact recurrence value
33,5444517870735015415413993718908291383296,725935716098002055388532495854438851106,-90046983593235932429681330824575336807791006,90046983593235932429681330824575336807791006,-1,16539.0188316306,21.4760106763723,exact recurrence value
34,87112285931760246646623899502532662132736,11614971457568032886216519933671021617698,-2264891191629228010370218314601723412583860190,2264891191629228010370218314601723412583860190,-1,25999.6757908918,21.5760520267949,exact recurrence value
35,1393796574908163946345982392040522594123776,185839543321088526179464318938736345883170,-56966676034211964995376288210050457210802376222,56966676034211964995376288210050457210802376222,-1,40871.5856099485,21.6707969174087,exact recurrence value
36,22300745198530623141535718272648361505980416,2973432693137416418871429103019781534130722,-1432819449318398805279051266162035443098130271326,1432819449318398805279051266162035443098130271326,-1,64249.8462075073,21.7606560848737,exact recurrence value
37,356811923176489970264571492362373784095686656,47574923090198662701942865648316504546091554,-36037958487024750724532263517362077482608259302046,36037958487024750724532263517362077482608259302046,-1,100999.871770539,21.8459983630296,exact recurrence value
38,5708990770823839524233143877797980545530986496,761198769443178603231085850373064072737464866,-906416286268937416100032934629535431809009721389278,906416286268937416100032934629535431809009721389278,-1,158769.968748458,21.9271560763795,exact recurrence value
39,91343852333181432387730302044767688728495783936,12179180311090857651697373605969025163799437858,-22797879858530984471896771835209330253775627960866590,22797879858530984471896771835209330253775627960866590,-1,249583.07840329,22.0044295562136,exact recurrence value
40,1461501637330902918203684832716283019655932542976,194866884977453722427157977695504402620791005730,-573404026493362616545089449013625721797407768400360798,573404026493362616545089449013625721797407768400360798,-1,392338.955938875,22.0780909695019,exact recurrence value
41,23384026197294446691258957323460528314494920687616,3117870159639259558834527643128070441932656091682,-14422040430119670895194926255180715282803535183920204702,14422040430119670895194926255180715282803535183920204702,-1,616747.531346348,22.1483875859063,exact recurrence value
42,374144419156711147060143317175368453031918731001856,49885922554228152941352442290049127070922497466914,-362737523595004813145216502397797475097987917162410023390,362737523595004813145216502397797475097987917162410023390,-1,969512.052090964,22.2155445865664,exact recurrence value
43,5986310706507378352962293074805895248510699696029696,798174760867650447061639076640786033134759959470626,-9123429794859373346820521251155109309532582660991887646750,9123429794859373346820521251155109309532582660991887646750,-1,1524048.82441899,22.2797674915405,exact recurrence value
44,95780971304118053647396689196894323976171195136475136,12770796173882407152986225226252576530156159351530018,-229468832564797822167265499313877418170179774703571968990814,229468832564797822167265499313877418170179774703571968990814,-1,2395766.39744237,22.3412442685222,exact recurrence value
45,1532495540865888858358347027150309183618739122183602176,204332738782118514447779603620041224482498549624480290,-5771507010372562673592789436404284067807876907518254611010718,5771507010372562673592789436404284067807876907518254611010718,-1,3766084.04818689,22.4001471722783,exact recurrence value
46,24519928653854221733733552434404946937899825954937634816,3269323820513896231164473657920659591719976793991684642,-145162592863517282009342808668852814169155557232106010312049374,145162592863517282009342808668852814169155557232106010312049374,-1,5920188.223741,22.4566343554181,exact recurrence value
47,392318858461667547739736838950479151006397215279002157056,52309181128222339698631578526730553467519628703866954274,-3651070221571111298492798753842854610251119937350135750209202462,3651070221571111298492798753842854610251119937350135750209202462,-1,9306384.69913841,22.5108512836893,exact recurrence value
48,6277101735386680763835789423207666416102355444464034512896,836946898051557435178105256427688855480314059261871268386,-91830223630051749576729459750232373980200214119936903998352639838,91830223630051749576729459750232373980200214119936903998352639838,-1,14629398.646252,22.5629319834288,exact recurrence value
49,100433627766186892221372630771322662657637687111424552206336,13391150368824918962849684102843021687685024948189940294178,-2309676149795633445939874952450909887256619348010202804860051201438,2309676149795633445939874952450909887256619348010202804860051201438,-1,22997039.9473436,22.6130001442233,exact recurrence value
50,1606938044258990275541962092341162602522202993782792835301376,214258405901198703405594945645488347002960399171039044706850,-58092027239932625362368749633072171016368229759671745234640695290846,58092027239932625362368749633072171016368229759671745234640695290846,-1,36150757.3036026,22.6611700961997,exact recurrence value
51,25711008708143844408671393477458601640355247900524685364822016,3428134494419179254489519130327813552047366386736624715309602,-1461106832332263951711214092693845591803497114365308417144932412404254,1461106832332263951711214092693845591803497114365308417144932412404254,-1,56828063.3761936,22.7075476783755,exact recurrence value
52,411376139330301510538742295639337626245683966408394965837152256,54850151910706868071832306085245016832757862187785995444953634,-36749159333799997824499250329231448061192078654779875493215563845660766,36749159333799997824499250329231448061192078654779875493215563845660766,-1,89332257.8057776,22.7522310120438,exact recurrence value
53,6582018229284824168619876730229402019930943462534319453394436096,877602430571309889149316897363920269324125795004575927119258146,-924299768956861361639829412831559906086330438936870389908142532005471902,924299768956861361639829412831559906086330438936870389908142532005471902,-1,140428017.17632,22.7953111911323,exact recurrence value
54,105312291668557186697918027683670432318895095400549111254310977536,14041638889140958226389070357822724309186012720073214833908130338,-23247608290722509808703534091025332821567505977192865839605842825756562654,23247608290722509808703534091025332821567505977192865839605842825756562654,-1,220749239.451443,22.8368728997727,exact recurrence value
55,1684996666696914987166688442938726917102321526408785780068975640576,224666222226255331622225125725163588946976203521171437342530085410,-584714298013339882404130779502289463603295529463838653084665921657190251294,584714298013339882404130779502289463603295529463838653084665921657190251294,-1,347012139.293753,22.8769949658926,exact recurrence value
56,26959946667150639794667015087019630673637144422540572481103610249216,3594659555620085305955602011602617423151619256338742997480481366562,-14706493921969526283620916654842269408994506804075103771156213931124985272670,14706493921969526283620916654842269408994506804075103771156213931124985272670,-1,545494177.104165,22.9157508584363,exact recurrence value
57,431359146674410236714672241392314090778194310760649159697657763987456,57514552889921364895289632185641878770425908101419887959687701864994,-369891695998806426065320472142266695527868230900074515910842421729671951724446,369891695998806426065320472142266695527868230900074515910842421729671951724446,-1,857502846.179359,22.9532091348002,exact recurrence value
58,6901746346790563787434755862277025452451108972170386555162524223799296,920232846238741838324634114970270060326814529622718207355003229839906,-9303364041119808054698483716126692936757257921788497270443893353519688521792990,9303364041119808054698483716126692936757257921788497270443893353519688521792990,-1,1347972465.75804,22.9894338442057,exact recurrence value
59,110427941548649020598956093796432407239217743554726184882600387580788736,14723725539819869413194145839524320965229032473963491317680051677438498,-233994391872108765630381320963613749060346621886949297402073120629984160359171102,233994391872108765630381320963613749060346621886949297402073120629984160359171102,-1,2118978119.03903,23.0244848919866,exact recurrence value
60,1766847064778384329583297500742918515827483896875618958121606201292619776,235579608637117910611106333432389135443664519583415861082880826839015970,-5885330852197563741780642635385842249765854639667830842469118669757921015498261086,5885330852197563741780642635385842249765854639667830842469118669757921015498261086,-1,3330979216.88868,23.0584183691385,exact recurrence value
61,28269553036454149273332760011886696253239742350009903329945699220681916416,3769273738193886569777701334918226167098632313334653777326093229424255522,-148025424711350295852860733152360211873322301933357058250702643651566097000317892766,148025424711350295852860733152360211873322301933357058250702643651566097000317892766,-1,5236213834.73833,23.0912868509331,exact recurrence value
62,452312848583266388373324160190187140051835877600158453279131187530910662656,60308379811102185116443221358691618673578117013354460437217491670788088354,-3723074693690798278184326550036327668486991630063154212253979961013026851351963936478,3723074693690798278184326550036327668486991630063154212253979961013026851351963936478,-1,8231193753.06761,23.123139667931,exact recurrence value
63,7237005577332262213973186563042994240829374041602535252466099000494570602496,964934076977634961863091541739065898777249872213671366995479866732609413666,-93641245761416045008212322740685387583510280975840204415813129841253972410525780839710,93641245761416045008212322740685387583510280975840204415813129841253972410525780839710,-1,12939225313.6738,23.154023152322,exact recurrence value
64,115792089237316195423570985008687907853269984665640564039457584007913129639936,15438945231642159389809464667825054380435997955418741871927677867721750618658,-2355226158213120393054327649870001057215310269898626409751450323121895005581142354651998,2355226158213120393054327649870001057215310269898626409751450323121895005581142354651998,-1,20340130087.696,23.1839808621731,exact recurrence value
65,1852673427797059126777135760139006525652319754650249024631321344126610074238976,247023123706274550236951434685200870086975967286699869950842845883548009898530,-59237681121722992735016812981631090662641829233422263294631377173726966358288404633633182,59237681121722992735016812981631090662641829233422263294631377173726966358288404633633182,-1,31974162436.2585,23.213053785861,exact recurrence value
66,29642774844752946028434172162224104410437116074403984394101141506025761187823616,3952369979300392803791222954963213921391615476587197919213485534136768158376482,-1489921828700643189915579229593851652961964306621145604998721456174920113620815978874671070,1489921828700643189915579229593851652961964306621145604998721456174920113620815978874671070,-1,50262562681.927,23.2412805286995,exact recurrence value
67,474284397516047136454946754595585670566993857190463750305618264096412179005177856,63237919668806284860659567279411422742265847625395166707415768546188290534023714,-37473901975753875585205152770476318299072152447843543745602063054434160214046184505837606430,37473901975753875585205152770476318299072152447843543745602063054434160214046184505837606430,-1,79011458466.7229,23.2686974835456,exact recurrence value
68,7588550360256754183279148073529370729071901715047420004889892225542594864082845696,1011806714700900557770553076470582763876253562006322667318652296739012648544379426,-942528193246325378357314135664093259368802477318374305000845413153462337686399704417459410014,942528193246325378357314135664093259368802477318374305000845413153462337686399704417459410014,-1,124203984753.477,23.2953389869632,exact recurrence value
69,121416805764108066932466369176469931665150427440758720078238275608681517825325531136,16188907435214408924328849223529324222020056992101162677098436747824202376710070818,-23706082052436876470088917963204594803566474647025604368658773352557585111960178172707431467678,23706082052436876470088917963204594803566474647025604368658773352557585111960178172707431467678,-1,195245476136.917,23.3212374623535,exact recurrence value
70,1942668892225729070919461906823518906642406839052139521251812409738904285205208498176,259022518963430542789261587576469187552320911873618602833574987965187238027361133090,-596245640504889018510814571728858426480213865873494536339670688841144248152899417834907948480734,596245640504889018510814571728858426480213865873494536339670688841144248152899417834907948480734,-1,306920877196.817,23.3464235512987,exact recurrence value
71,31082702275611665134711390509176302506278509424834232340028998555822468563283335970816,4144360303414888684628185401223507000837134589977897645337199807442995808437778129442,-14996525492251017242985228147964404961287334502529569153454700303244696931101223438331844362149662,14996525492251017242985228147964404961287334502529569153454700303244696931101223438331844362149662,-1,482471741333.047,23.3709262342391,exact recurrence value
72,497323236409786642155382248146820840100456150797347717440463976893159497012533375533056,66309764854638218954050966419576112013394153439646362325395196919087932935004450071074,-377186450619861926963218754566238876545020463053135190962333685318136084821366467903484598805019998,377186450619861926963218754566238876545020463053135190962333685318136084821366467903484598805019998,-1,758433193958.116,23.3947729414783,exact recurrence value
73,7957171782556586274486115970349133441607298412757563479047423630290551952200534008528896,1060956237674211503264815462713217792214306455034341797206323150705406926960071201137186,-9486838708384207858240714775367644592826211502094030104598387888101044567323790966751821689161634718,9486838708384207858240714775367644592826211502094030104598387888101044567323790966751821689161634718,-1,1192237514487.36,23.4179896554088,exact recurrence value
74,127314748520905380391777855525586135065716774604121015664758778084648831235208544136462336,16975299802787384052237047403411484675428903280549468755301170411286510831361139218194978,-238609071272235042607343505422781468320292598427919058724412326255712939943445280398044983649901437406,238609071272235042607343505422781468320292598427919058724412326255712939943445280398044983649901437406,-1,1874166772069.26,23.4406010047572,exact recurrence value
75,2037035976334486086268445688409378161051468393665936250636140449354381299763336706183397376,271604796844598144835792758454583754806862452488791500084818726580584173301778227491119650,-6001397372032176491951510899468670871951423013744158515924737735807225280954925889059712552260014762014,6001397372032176491951510899468670871951423013744158515924737735807225280954925889059712552260014762014,-1,2946142062169.81,23.4626303515666,exact recurrence value
76,32592575621351777380295131014550050576823494298654980010178247189670100796213387298934358016,4345676749513570317372684135273340076909799239820664001357099625289346772828451639857914402,-150944682132134406222602431851631647690463132510232272529726707241382592957758038374386806690975197128286,150944682132134406222602431851631647690463132510232272529726707241382592957758038374386806690975197128286,-1,4631259704226.9,23.4840998715598,exact recurrence value
77,521481209941628438084722096232800809229175908778479680162851955034721612739414196782949728256,69530827992217125077962946164373441230556787837130624021713594004629548365255226237726630434,-3796498657154337939446363810328346519561233802228349409114929543327278867233468234194787143679880683838622,3796498657154337939446363810328346519561233802228349409114929543327278867233468234194787143679880683838622,-1,7280221386268.73,23.5050306284637,exact recurrence value
78,8343699359066055009355553539724812947666814540455674882605631280555545803830627148527195652096,1112493247875474001247407138629975059688908605394089984347417504074072773844083619803626086946,-95487975132220258935429285295748800104513840180888620114080314280454077629894294001649663991258573239962334,95487975132220258935429285295748800104513840180888620114080314280454077629894294001649663991258573239962334,-1,11444321160549.2,23.5254426428177,exact recurrence value
79,133499189745056880149688856635597007162669032647290798121690100488888732861290034376435130433536,17799891966007584019958514218079600955022537686305439749558680065185164381505337916858017391138,-2401674336870606728200382630193791850584528731025319575144391040102687726032582487867764561479277699483742494,2401674336870606728200382630193791850584528731025319575144391040102687726032582487867764561479277699483742494,-1,17990179127357.1,23.5453549557373,exact recurrence value
80,2135987035920910082395021706169552114602704522356652769947041607822219725780640550022962086936576,284798271456121344319336227489273615280360602980887035992938881042962630104085406669728278258210,-60405926635221789324435373646937909328139191566031278373060660248901530005416315390270056791439605001916976990,60405926635221789324435373646937909328139191566031278373060660248901530005416315390270056791439605001916976990,-1,28280099841139,23.5647856880593,exact recurrence value
81,34175792574734561318320347298712833833643272357706444319152665725155515612490248800367393390985216,4556772343297941509109379639828377844485769647694192575887022096687402081665366506715652452131362,-1519305060074991029772128937543459028640630725303036879532828337129850091170258310360923554765183863620755613086,1519305060074991029772128937543459028640630725303036879532828337129850091170258310360923554765183863620755613086,-1,44455591095733.1,23.5837520952541,exact recurrence value
82,546812681195752981093125556779405341338292357723303109106442651602488249799843980805878294255763456,72908357492767064145750074237254045511772314363107081214192353546998433306645864107450439234101794,-38212936944229073033632116391342580057841664205353487724354323719389859382856051696968507235262248302106283520990,38212936944229073033632116391342580057841664205353487724354323719389859382856051696968507235262248302106283520990,-1,69883048177789.5,23.6022706184533,exact recurrence value
83,8749002899132047697490008908470485461412677723572849745703082425639811996797503692894052708092215296,1166533719884273026332001187796064728188357029809713299427077656751974932906333825719207027745628706,-961116097271173625803389090275676269948174697719686816222451675951513118836448932304475039073271922611872721009182,961116097271173625803389090275676269948174697719686816222451675951513118836448932304475039073271922611872721009182,-1,109854358073938,23.6203569319109,exact recurrence value
84,139984046386112763159840142535527767382602843577165595931249318810236991948760059086304843329475444736,18664539518148368421312019004737035651013712476955412790833242508031598926501341211507312443930059298,-24173597380959063247338949288997232331405755455421579328445654924461388533426119683415884625075043845593549406615646,24173597380959063247338949288997232331405755455421579328445654924461388533426119683415884625075043845593549406615646,-1,172688231302315,23.6380259871844,exact recurrence value
85,2239744742177804210557442280568444278121645497234649534899989100963791871180160945380877493271607115776,298632632290373894740992304075792570416219399631286604653331880128505582824021459384116999102880948770,-608004394053796798458896081649201765774783822014793466318303383556274223449597943465344697466631249441339286227414686,608004394053796798458896081649201765774783822014793466318303383556274223449597943465344697466631249441339286227414686,-1,271461467284262,23.6552920542972,exact recurrence value
86,35835915874844867368919076489095108449946327955754392558399825615420669938882575126094039892345713852416,4778122116645982315855876865212681126659510394100585674453310082056089325184343350145871985646095180322,-15292276832570377538856934366154825735358128105440294612471054324794844803250186061407156322283394332752773016200518878,15292276832570377538856934366154825735358128105440294612471054324794844803250186061407156322283394332752773016200518878,-1,426730459072900,23.6721687601203,exact recurrence value
87,573374653997517877902705223825521735199141247292070280934397209846730719022121202017504638277531421638656,76449953866335717053694029843402898026552166305609370791252961312897429202949493602333951770337522885154,-384625066876205748930063375136372293790779605169383453093717258177910560006795077182915764350882336660137818289404691230,384625066876205748930063375136372293790779605169383453093717258177910560006795077182915764350882336660137818289404691230,-1,670809328934639,23.6886691241906,exact recurrence value
88,9173994463960286046443283581208347763186259956673124494950355357547691504353939232280074212440502746218496,1223199261861371472859104477494446368424834660889749932660047381006358867247191897637343228325400366162466,-9673931729671678116295691182490298171000328244467633873440901902318231635239808221175928638362377833092357225120049717598,9673931729671678116295691182490298171000328244467633873440901902318231635239808221175928638362377833092357225120049717598,-1,1.05449504767802e+15,23.7048055921615,exact recurrence value
89,146783911423364576743092537299333564210980159306769991919205685720763064069663027716481187399048043939495936,19571188189781943565745671639911141894797354574235998922560758096101741875955070362197491653206405858599458,-243314758110836831004224934150438376342133342080187137075556839627179236464607137811374926451064554799743059912781784872862,243314758110836831004224934150438376342133342080187137075556839627179236464607137811374926451064554799743059912781784872862,-1,1.65763914962758e+15,23.7205900670687,exact recurrence value
90,2348542582773833227889480596789337027375682548908319870707290971532209025114608443463698998384768703031934976,313139011036511097051930746238578270316757673187775982760972129537627870015281125795159866451302493737591330,-6119752874930023546909889990619868070232138639025526564615033068891971951414174881264168159749043749595644790201019332560350,6119752874930023546909889990619868070232138639025526564615033068891971951414174881264168159749043749595644790201019332560350,-1,2.60576619722265e+15,23.7360339385737,exact recurrence value
91,37576681324381331646231689548629392438010920782533117931316655544515344401833735095419183974156299248510959616,5010224176584177552830891939817252325068122771004415724175554072602045920244498012722557863220839899801461282,-153921511136427293567965932569145496431659092530139297152790083917303632098929026113492169530230702059563397166753627744046110,153921511136427293567965932569145496431659092530139297152790083917303632098929026113492169530230702059563397166753627744046110,-1,4.09619758082672e+15,23.7511481103372,exact recurrence value
92,601226901190101306339707032778070279008174732520529886901066488712245510429339761526706943586500787976175353856,80163586825346840845294271037076037201089964336070651586808865161632734723911968203560925811533438396823380514,-3871370637787757816074587093104678513772513545716568046628011384106004197865847633919450977929506716158365235495750399487838814,3871370637787757816074587093104678513772513545716568046628011384106004197865847633919450977929506716158365235495750399487838814,-1,6.43911746151836e+15,23.7659430256604,exact recurrence value
93,9619630419041620901435312524449124464130795720328478190417063819395928166869436184427311097384012607618805661696,1282617389205549453524708336593216595217439429377130425388941842586123755582591491256974812984535014349174088226,-97371124441736484128752361430226606235722203815341561882442605929297891688707783160112805833870730717318392211017899721362964638,97371124441736484128752361430226606235722203815341561882442605929297891688707783160112805833870730717318392211017899721362964638,-1,1.01221273791345e+16,23.7804286915192,exact recurrence value
94,153914086704665934422965000391185991426092731525255651046673021110334850669910978950836977558144201721900890587136,20521878227288791256395333385491465523479030870034086806223069481377980089321463860111597007752560229586785411618,-2449038534958254019087427704319361950490741732543246486135157505207834608862504339202291055366914349290850246384746217478031273694,2449038534958254019087427704319361950490741732543246486135157505207834608862504339202291055366914349290850246384746217478031273694,-1,1.59117244392161e+16,23.7946147011103,exact recurrence value
95,2462625387274654950767440006258975862817483704404090416746768337765357610718575663213391640930307227550414249394176,328350051636620660102325334167863448375664493920545388899569111702047681429143421761785552124040963673388566585890,-61597211494659704767768665981974677382568988092633071238318595054317157555409609531317256852524045384525612365258215169188964914462,61597211494659704767768665981974677382568988092633071238318595054317157555409609531317256852524045384525612365258215169188964914462,-1,2.50128224182844e+16,23.8085102550123,exact recurrence value
96,39402006196394479212279040100143613805079739270465446667948293404245721771497210611414266254884915640806627990306816,5253600826185930561637205346685815174010631902728726222393105787232762902866294748188568833984655418774217065374242,-1549267767639480332149150072987603746401972471702360028573485571314806655920189520781749580088878632080746746015300987820415774929758,1549267767639480332149150072987603746401972471702360028573485571314806655920189520781749580088878632080746746015300987820415774929758,-1,3.93195148469686e+16,23.8221241810634,exact recurrence value
97,630432099142311667396464641602297820881275828327447146687172694467931548343955369782628260078158650252906047844909056,84057613218974888986195285546973042784170110443659619558289692595724206445860715971017101343754486700387473045987874,-38966546660228469405213313925791397584209258286142789740277328286353198500381645112124756811187564706161896278306609652213196917213598,38966546660228469405213313925791397584209258286142789740277328286353198500381645112124756811187564706161896278306609652213196917213598,-1,6.18092681404414e+16,23.835464953042,exact recurrence value
98,10086913586276986678343434265636765134100413253239154346994763111486904773503285916522052161250538404046496765518544896,1344921811503598223779124568751568684546721767098553912932635081531587303133771455536273621500071787206199568735805986,-980070579366172675712731205900543272455905209123783118597999558800562601421383476212425087624576332259557488341256057447855960871884766,980070579366172675712731205900543272455905209123783118597999558800562601421383476212425087624576332259557488341256057447855960871884766,-1,9.71625830818593e+16,23.8485407082373,exact recurrence value
99,161390617380431786853494948250188242145606612051826469551916209783790476376052574664352834580008614464743948248296718336,21518748984057571580465993100025098952747548273576862606922161304505396850140343288580377944001148595299193099772895778,-24650332730652953482254579586915795867468755343482227269839095872034369181054938390570538334614581107066037397058364916047618148238892574,24650332730652953482254579586915795867468755343482227269839095872034369181054938390570538334614581107066037397058364916047618148238892574,-1,1.52737086769715e+17,23.8613592639822,exact recurrence value
100,2582249878086908589655919172003011874329705792829223512830659356540647622016841194629645353280137831435903171972747493376,344299983744921145287455889600401583243960772377229801710754580872086349602245492617286047104018377524787089596366332450,-619995045790345113645502512846250428033026645195662484883841818784717588120348711964193543232072024784923939753894089438535150376012864606,619995045790345113645502512846250428033026645195662484883841818784717588120348711964193543232072024784923939753894089438535150376012864606,-1,2.40098780157432e+17,23.8739281332225,exact recurrence value
101,41315998049390537434494706752048189989275292685267576205290549704650361952269459114074325652482205302974450751563959894016,5508799739918738324599294233606425331903372358035676827372073293953381593635927881876576753664294040396593433541861319202,-15593860780896245049673105437674816354828352478778805584878006175026124301871393325183891574778694213744610001594912291197636868211713872542,15593860780896245049673105437674816354828352478778805584878006175026124301871393325183891574778694213744610001594912291197636868211713872542,-1,3.77429119883654e+17,23.8862545391856,exact recurrence value
102,661055968790248598951915308032771039828404682964281219284648795274405791236311345825189210439715284847591212025023358304256,88140795838699813193588707737702805310453957728570829237953172703254105498174846110025228058628704646345494936669781107234,-392210382494254433848562741906631870862426244838834867360012119933969511443005972320899897494396676330001952095923189485907305361017636667614,392210382494254433848562741906631870862426244838834867360012119933969511443005972320899897494396676330001952095923189485907305361017636667614,-1,5.93308889127816e+17,23.8983454292087,exact recurrence value
103,10576895500643977583230644928524336637254474927428499508554380724390492659780981533203027367035444557561459392400373732868096,1410252733419197011097419323803244884967263323657133267807250763252065687970797537760403648938059274341527918986716497715746,-9864714473066378323104062312562594185512435555856598567747603678296494977872054109257062530034165855972270405533316792556130870853860831979294,9864714473066378323104062312562594185512435555856598567747603678296494977872054109257062530034165855972270405533316792556130870853860831979294,-1,9.32666345475926e+17,23.9102074877836,exact recurrence value
104,169230328010303641331690318856389386196071598838855992136870091590247882556495704531248437872567112920983350278405979725889536,22564043734707152177558709180851918159476213178514132284916012212033051007532760604166458383008948389464446703787463963451938,-248113247324733493471045737096520185397303601899508063752098395160059141760662131152174262734760289662026060113652023132184014109700184358159710,248113247324733493471045737096520185397303601899508063752098395160059141760662131152174262734760289662026060113652023132184014109700184358159710,-1,1.46612755669673e+18,23.9218471488677,exact recurrence value
105,2707685248164858261307045101702230179137145581421695874189921465443966120903931272499975005961073806735733604454495675614232576,361024699755314434840939346893630690551619410856226116558656195392528816120524169666663334128143174231431147260599423415231010,-6240442505062066375166956241033060936532275705597131491117728472438472917535990037761248734504735512663648849743200720588221135314419327814605726,6240442505062066375166956241033060936532275705597131491117728472438472917535990037761248734504735512663648849743200720588221135314419327814605726,-1,2.30471488859037e+18,23.9332706075098,exact recurrence value
106,43322963970637732180912721627235682866194329302747133987038743447103457934462900359999600095377180907771737671271930809827721216,5776395196085030957455029550298091048825910573699617864938499126280461057928386714666613346050290787702898356169590774643696162,-156957047150393014145329386741182419557673529518359041901876900025579125524263771217868740190518216810206596467814172618815785087530963301666957790,156957047150393014145329386741182419557673529518359041901876900025579125524263771217868740190518216810206596467814172618815785087530963301666957790,-1,3.62295265062592e+18,23.944483830835,exact recurrence value
107,693167423530203714894603546035770925859109268843954143792619895153655326951406405759993601526034894524347802740350892957243539456,92422323137360495319280472804769456781214569179193885839015986020487376926854187434665813536804652603246373698713452394299138594,-3947719193019898703417934312600985435125060688345683433094228751281117971030560611973892002779149625434663870316698714007498276644090494795863109662,3947719193019898703417934312600985435125060688345683433094228751281117971030560611973892002779149625434663870316698714007498276644090494795863109662,-1,5.69518857783986e+18,23.9554925684287,exact recurrence value
108,11090678776483259438313656736572334813745748301503266300681918322458485231222502492159897624416558312389564843845614287315896631296,1478757170197767925108487564876311308499433106867102173424255776327798030829666998954653016588874441651941979179415238308786217506,-99291411949187254480232464563744916452398397847603682506095851593309133406214920568682453346866101645511124766367060430037355793929127320035455053406,99291411949187254480232464563744916452398397847603682506095851593309133406214920568682453346866101645511124766367060430037355793929127320035455053406,-1,8.95269026813087e+18,23.9663023621584,exact recurrence value
109,177450860423732151013018507785157357019931972824052260810910693159335763699560039874558361990664932998233037501529828597054346100736,23660114723164286801735801038020980935990929709873634774788092421244768493274671983274448265421991066431071666870643812940579480098,-2497336817749061144303254349514668760640646847204631202508173549686247775946971256126684116041384515624366576236044550989997853161517707432731119592606,2497336817749061144303254349514668760640646847204631202508173549686247775946971256126684116041384515624366576236044550989997853161517707432731119592606,-1,1.40733993162147e+19,23.9769185554682,exact recurrence value
110,2839213766779714416208296124562517712318911565184836172974571090549372219192960637992933791850638927971728600024477257552869537611776,378561835570628588827772816608335694975854875357978156396609478739916295892394751732391172246751857062897146669930301007049271681570,-62811990068956387729761586342655798848385136795230808960910434303588168455092137689519428965944182645795750870768510536087719573843341860119996116538078,62811990068956387729761586342655798848385136795230808960910434303588168455092137689519428965944182645795750870768510536087719573843341860119996116538078,-1,2.21230225085161e+19,23.9873463021785,exact recurrence value
111,45427420268475430659332737993000283397102585042957378767593137448789955507087370207886940669610222847547657600391636120845912601788416,6056989369130057421244365065733371119613678005727650502345751659838660734278316027718258755948029713006354346718884816112788346905122,-1579821379472055838209038760186481793259274837460596558498321844137663277946789209451154967588461848551203630988854744801161722639241953938854928761944350,1579821379472055838209038760186481793259274837460596558498321844137663277946789209451154967588461848551203630988854744801161722639241953938854928761944350,-1,3.47768235602051e+19,23.9975905748223,exact recurrence value
112,726838724295606890549323807888004534353641360687318060281490199180639288113397923326191050713763565560762521606266177933534601628614656,96911829906080918739909841051733937913818848091642408037532026557418571748453056443492140095168475408101669547502157057804613550481954,-39735018557714953875154516095343979501915142786835290455438232780826537493317583563648504469719885448318789163874475368855416752840542948886548347057755998,39735018557714953875154516095343979501915142786835290455438232780826537493317583563648504469719885448318789163874475368855416752840542948886548347057755998,-1,5.46682740331742e+19,24.0076561725448,exact recurrence value
113,11629419588729710248789180926208072549658261770997088964503843186890228609814366773219056811420217048972200345700258846936553626057834496,1550589278497294699838557456827743006621101569466278528600512424918697147975248903095874241522695606529626712760034512924873816807711266,-999398868946550509017447180909546387968362064338676554852905028463485116292154168583631853333715708658342357622825675971117884317427149771430379235685936542,999398868946550509017447180909546387968362064338676554852905028463485116292154168583631853333715708658342357622825675971117884317427149771430379235685936542,-1,8.59371236304077e+19,24.0175477285942,exact recurrence value
114,186070713419675363980626894819329160794532188335953423432061490990243657757029868371504908982723472783555205531204141550984858016925351936,24809428455956715197416919309243888105937625111460456457608198798699154367603982449533987864363129704474027404160552206797981068923380258,-25136469932709210556324098478225935933526831263619774453240294102067403795189812466582207968797030972889310728205621052867588994572387694340605772708912036830,25136469932709210556324098478225935933526831263619774453240294102067403795189812466582207968797030972889310728205621052867588994572387694340605772708912036830,-1,1.35090952631621e+20,24.0272697174271,exact recurrence value
115,2977131414714805823690030317109266572712515013375254774912983855843898524112477893944078543723575564536883288499266264815757728270805630976,396950855295307443158670708947902209695002001783367303321731180779186469881663719192543805829810075271584438466568835308767697102774084130,-632222169056493236231744748939566862393383683442821532517468452901958091661046874238858928944423132368305047105292116423665147043902369016790513020810541416990,632222169056493236231744748939566862393383683442821532517468452901958091661046874238858928944423132368305047105292116423665147043902369016790513020810541416990,-1,2.12359510208943e+20,24.0368264614524,exact recurrence value
116,47634102635436893179040485073748265163400240214004076398607741693502376385799646303105256699577209032590132615988260237052123652332890095616,6351213684724919090538731343166435355120032028533876853147698892466983518106619507080700893276961204345351015465101364940283153644385346082,-15901392364023841021432180661599174828949858437400241312512783076641830308882865881837900682416130409502741617002357054228372886708381407672630372941020938731614,15901392364023841021432180661599174828949858437400241312512783076641830308882865881837900682416130409502741617002357054228372886708381407672630372941020938731614,-1,3.33823699497892e+20,24.046222137434,exact recurrence value
117,762145642166990290864647761179972242614403843424065222377723867096038022172794340849684107193235344521442121855812163792833978437326241529856,101619418955598705448619701490662965681920512456542029650363182279471736289705912113291214292431379269525616247441621839044530458310165537314,-399945290580345839766913306156885194231231740794291576683162665875597202859375298010313332610581025865998871165550034454393181994708976470377044961268561233098398,399945290580345839766913306156885194231231740794291576683162665875597202859375298010313332610581025865998871165550034454393181994708976470377044961268561233098398,-1,5.24762287485094e+20,24.0554607825728,exact recurrence value
118,12194330274671844653834364178879555881830461494785043558043581873536608354764709453594945715091765512343073949692994620685343654997219864477696,1625910703289579287177915223850607450910728199304672474405810916471547780635294593812659428678902068312409859959065949424712487332962648597026,-10059259704784770738347301032218738708122719150383752014165069200132062504198868412246803338295199395729540265497252935308302364162054830375038888315964590730437854,10059259704784770738347301032218738708122719150383752014165069200132062504198868412246803338295199395729540265497252935308302364162054830375038888315964590730437854,-1,8.24912847053052e+20,24.0645463002868,exact recurrence value
119,195109284394749514461349826862072894109287383916560696928697309976585733676235351257519131441468248197489183195087913930965498479955517831643136,26014571252633268594846643581609719214571651188874759590492974663544764490164713501002550858862433092998557759345055190795399797327402377552418,-253006369099822126184405358798362209699180462907382716325532018118197986879307331436482823014824257225719982180452186005564309515081394038996373447931614516470156062,253006369099822126184405358798362209699180462907382716325532018118197986879307331436482823014824257225719982180452186005564309515081394038996373447931614516470156062,-1,1.29674182284393e+21,24.0734824657063,exact recurrence value
120,3121748550315992231381597229793166305748598142664971150859156959625371738819765620120306103063491971159826931121406622895447975679288285306290176,416233140042132297517546297305755507433146419021996153447887594616716231842635416016040813741798929487976924149520883052726396757238438040838690,-6363512294510845661297960196361620525527029878108122950532648114396060676890862368900523893473206950404672285420423178380004338315343666868748531390358325707587463518,6363512294510845661297960196361620525527029878108122950532648114396060676890862368900523893473206950404672285420423178380004338315343666868748531390358325707587463518,-1,2.0384448625328e+21,24.0822729308997,exact recurrence value
