delta,normalized_negative_mass,negative_to_signed_ratio,leading_asymptote
0.001,0.31781004533874707,317.81004533874705,318.30988618379064
0.0010351285278932232,0.31779249245295943,307.00776173153707,307.50759698570045
0.0010714910692583926,0.31777432337387279,296.57206904562707,297.07189851251059
0.0011091309731721757,0.31775551648510225,286.49052652123129,286.99034999753621
0.0011480931115004937,0.31773604941302575,276.75111559354485,277.250932868831
0.0011884239323918563,0.31771589900033476,267.34222556498889,267.8420364214233
0.0012301715156498589,0.31769504127866621,258.2526397636824,258.75244397578012
0.0012733856300508137,0.31767345144028519,249.47152217165245,249.97131950600752
0.0013181177926748849,0.3176511038087847,240.98840450682974,241.48819472183709
0.0013644213303214184,0.31762797180877017,232.79317374344049,233.29295658900762
0.0014123514430817233,0.31760402793449244,224.87606005590695,225.37583527315601
0.0014619652701450552,0.31757924371739488,217.2276251718927,217.72739249285192
0.0015133219579162695,0.31755358969253639,209.83875112060343,210.33851026788739
0.0015664827305263602,0.31752703536385235,202.70062936292877,203.20038004940793
0.0016215109628199081,0.31749954916821455,195.80475029047176,196.30449221893022
0.0016784722559064962,0.31747109843824822,189.14289308094098,189.64262594372187
0.0017374345153661091,0.31744164936386443,182.70711589781772,183.20683937645671
0.0017984680322017982,0.3174111669524648,176.48974642260947,176.98946018745497
0.0018616455666360693,0.31737961498777228,170.48337270840793,170.98307641822817
0.0019270424348509401,0.31734695598724288,164.68083434384266,165.18052764541869
0.0019947365987750282,0.31731315115800934,159.07521391690111,159.574896444606
0.0020648087590247302,0.31727816035130785,153.65982876843648,154.15950014379916
0.0021373424511103045,0.31724194201533618,148.42822302553139,148.92788285678571
0.0022124241450215032,0.31720445314649132,143.37415990522391,143.87380778684141
0.0022901433483115338,0.31716564923893092,138.4916142794159,138.99124979162229
0.0023705927128021753,0.3171254842324035,133.77476549210479,134.27438820037978
0.0024538681450373212,0.31708391045828876,129.21799042037208,129.71759987493112
0.0025400689206165569,0.31704087858378893,124.81585677085992,125.31545250611805
0.002629297802545145,0.3169963375542082,120.5631166037402,121.06269813775698
0.0027216611637414455,0.31695023453325821,116.45470007645966,116.95426691036465
0.0028172691138478394,0.3169025148413227,112.48570939980091,112.98526101719887
0.0029162356304963631,0.31685312189161463,108.65141299905319,109.15094886540844
0.003018678695185466,0.3168019971241553,104.94723987333509,105.4467594353343
0.0031247204339299706,0.31674907993750417,101.36877414634111,101.86827683123363
0.0032344872628518044,0.31669430761816547,97.911749802019727,98.411235016934668
0.0033481100388851729,0.31663761526759449,94.572045598903301,95.071512730142814
0.0034657242157757318,0.31657893572672563,91.345680157030586,91.845128569338144
0.0035874700055598292,0.31651819949794152,88.228807211601605,88.728236247404681
0.0037134925457162431,0.31645533466439918,85.217711027709242,85.717120006335279
0.0038439420721897133,0.31639026680662774,82.308801970679824,82.808190187544753
0.003978974098492568,0.31632291891630965,79.498612226741656,79.997978952509939
0.0041187496010978777,0.31625321130715439,76.78379166892185,77.283136148636771
0.0042634352113452506,0.31618106152277048,74.161103863240186,74.660425315423922
0.0044132034140879428,0.31610638424144133,71.627422210442035,72.126719826163821
0.004568232753318204,0.31602909117770406,69.179726218667739,69.678999160579451
0.0047287080450158789,0.31594909098063129,66.815097902617566,67.314345303955392
0.0048948205974741286,0.31586628912871073,64.530718304917457,65.029939268468368
0.0050667684393648276,0.31578058782121499,62.323864135539885,62.823057732572082
0.0052447565558155634,0.31569188586595259,60.191904525273486,60.691069794428856
0.0054289971327796966,0.31560007856328581,58.132297889370165,58.631433835518173
0.0056197098099907772,0.31550505758630004,56.142588897631676,56.641694490682795
0.005817121942802865,0.31540671085700528,54.220405547323423,54.719479721000887
0.0060214688732288966,0.31530492241844787,52.363456335425958,52.862497985994423
0.0062329942105003007,0.31519957230260737,50.569527526852525,51.068535511801969
0.00645195012148216,0.31509053639394996,48.836480515377339,49.335453652060728
0.0066785976312903313,0.3149776862885072,47.162249274126772,47.661186338349886
0.0069132069344687358,0.31486088914834653,45.544837892595631,46.043737617157277
0.0071560577170978528,0.31474000755129455,43.982318197251452,44.481179270432378
0.0074074394902184405,0.31461489933577386,42.47282745289035,42.971648516889054
0.0076676519349679426,0.31448541744060887,41.014566142004163,41.513345791317732
0.0079370052598409999,0.31435140973965492,39.605795819511933,40.104532599259898
0.0082158205704999845,0.31421271887109975,38.244837040297966,38.743529444487308
0.0085044302525765191,0.31406918206128587,36.930067357085427,37.428713826814551
0.008803178367920125,0.31392063094289752,35.659919386259773,36.158518307859289
0.0091124210647666286,0.31376689136735414,34.432878939334856,34.93142864244308
0.0094325270023150869,0.31360778321124938,33.247483217835324,33.745981973406046
0.0097638777902195051,0.3134431201766722,32.102319069442757,32.600765087682916
0.010106868443519254,0.31327270958524261,30.996021303326646,31.494412731561571
0.010461907853550565,0.31309635216569559,29.927271062652007,30.425605983115457
0.010829419275400346,0.31291384183484039,28.894794252323607,29.39307067987016
0.011209840832483664,0.31272496547172379,27.897360020091927,28.395575899828863
0.011603626038846166,0.31252950268482282,26.933779289210868,27.431932494046709
0.012011244339814311,0.31232722557208981,26.002903340897173,26.500991669004016
0.012433181671637806,0.3121178984736741,25.10362244490225,25.601643617088737
0.012869941040791453,0.31190127771714088,24.234864536563574,24.732816193555447
0.013322043123627041,0.31167711135500925,23.39559393875858,23.893473638383483
0.013790026887090105,0.31144513889442971,22.584810127237478,23.082615341510671
0.014274450231241556,0.31120509101882332,21.801546537863089,22.299274649970521
0.014775890654350154,0.31095668930130355,21.044869414335786,21.54251771551094
0.015294945941348718,0.31069964590970434,20.313876695029798,20.8114423813205
0.015832234876474737,0.3104336633030394,19.607696937614008,20.105177106535368
0.01638839798094505,0.31015843391921988,18.925488280175042,19.422879927244423
0.016964098276543934,0.3098736398538614,18.266437437604342,18.763737452754217
0.017560022076034895,0.30957895253001438,17.6297587320527,18.126963895917036
0.018176879801338513,0.30927403235865747,17.014693156296445,17.511800136366137
0.01881540683045161,0.30895852838979826,16.420507468898698,16.917512815541421
0.019476364374117483,0.30863207795403419,15.846493320087054,16.343393462426636
0.02016054038329225,0.30829430629443189,15.291966407305543,15.788757648955944
0.020868750488489199,0.30794482618859403,14.756265659434209,15.252944174082884
0.02160183897212082,0.30758323756079331,14.238752448703931,14.735314275539187
0.022360679774997897,0.30720912708406317,13.73880982936674,14.23525086834354
0.023146177538185354,0.3068220677721501,13.255841802214256,13.752157809152706
0.023959268681457011,0.30642161856124761,12.789272604067374,13.285459185577848
0.024800922519634817,0.30600732388144664,12.338546021390194,12.834598629618945
0.025672142418143491,0.30557871321785934,11.903124727209955,12.399038654398739
0.026573966989158058,0.30513530066139199,11.482489640552519,11.978260013405537
0.027507471329770307,0.30467658444916818,11.076139307629782,11.571761081481009
0.028473768303650185,0.30420204649462834,10.683589304041336,11.179057256815041
0.029474009867730151,0.30371115190736209,10.304371657277709,10.79968038323468
0.030509388445493866,0.30320334850276043,9.9380342888368371,10.43317819209857
0.0315811383485066,0.30267806630161315,9.584140475288665,10.07911376313143
0.032690537247881873,0.30213471701981254,9.2422683276454514,9.7370650035558839
0.03383890769743856,0.30157269354837085,8.9120102884171537,9.40662414490067
0.035027618710364257,0.30099136942400356,8.5929726457523579,9.0873972568853674
0.036258087391264501,0.30039009829058572,8.284775064085629,8.7790037778021262
0.037531780625543479,0.29976821335184217,7.9870501307317436,8.4810760608345479
0.038850216828130224,0.29912502681569786,7.6994429178863886,8.1932589357728496
0.040214967753634992,0.29845982933078136,7.4216105595112376,7.9152092856028453
0.041627660370093654,0.29777188941564975,7.1532218425990735,7.6465956374639887
0.043089978798534136,0.29706045288138494,6.893956812331747,7.3870977674887879
0.044603666320676867,0.2963247422483008,6.6435063906603995,7.1364063190525702
0.04617052745716281,0.29556395615759712,6.401572007853332,6.8942224339784683
0.047792430118786609,0.29477726877890309,6.167865246572382,6.6602573962579692
0.049471307833299359,0.29396382921476888,5.9421074980536597,6.4342322878623168
0.051209162050435679,0.29312276090328915,5.7240296299828888,6.2158776562344196
0.053008064527912999,0.29225316102017995,5.5133716656695739,6.0049331930648968
0.054870159801247598,0.29135409988177907,5.3098824741376909,5.8011474239692884
0.056797667740331376,0.29042462035060462,5.1133194707637157,5.6042774086965279
0.058792886195817663,0.28946373724527963,4.9234483281052315,5.4140884515112342
0.060858193738470581,0.28847043675682604,4.740042696575693,5.2303538214045924
0.06299605249474366,0.28744367587353897,4.5628839346326195,5.0528544818002716
0.065209011081968263,0.28638238181687947,4.3917608481578485,4.8813788294331371
0.067499707646650725,0.28528545149107148,4.2264694387195183,4.7157224420894943
0.069870873009500539,0.28415175094935646,4.0668126604160157,4.5556878349081051
0.07232533392093865,0.28298011488015323,3.9126001850124701,4.4010842249514717
0.074866016430967075,0.28176934611668486,3.763648175090236,4.2517273037667209
0.077495949377416856,0.28051821517398307,3.6197790649394772,4.1074390176649613
0.080218267996733303,0.27922545981755353,3.4808213489341893,3.9680473554571525
0.083036217661602643,0.27788978466839453,3.3466093771380376,3.833386143393458
0.085953157749876066,0.27650986084950613,3.2169831578980568,3.7032948470616214
0.088972565649403257,0.27508432567950958,3.0917881671916763,3.5776183800081931
0.092098040903550005,0.27361178241952255,2.9708751645006592,3.4562069188544613
0.095333309502341632,0.27209080008001013,2.8541000149934677,3.3389157246866814
0.09868222832434792,0.2705199132949529,2.7413235178051543,3.2256049705076828
0.10214878973460531,0.26889762227135627,2.6324112402113058,3.1161395745441287
0.1057371263440564,0.26722239282286536,2.5272333574997541,3.0103890392107604
0.10945151593618298,0.26549265649705778,2.4256644983506348,2.9082272955395623
0.11329638656670275,0.26370681080687358,2.3275835955422757,2.8095325528884998
0.11727632184241257,0.26186321957760178,2.2328737418067615,2.7141871537505455
0.12139606638546853,0.25996021342190351,2.1414220506655686,2.6220774334899977
0.12566053148961803,0.25799609035650223,2.0531195220817415,2.5330935848388414
0.1300748009751285,0.25596911657543742,1.9678609127711144,2.4471295269915845
0.13464413724938876,0.2538775273961687,1.8855446110210878,2.3640827791425854
0.13937398758041306,0.25171952839633199,1.8060725158710134,2.2838543383150243
0.14426999059072135,0.24949329676062906,1.7293499205140663,2.206348561335961
0.1493379829793427,0.24719698285916675,1.6552853997858032,2.131473050816691
0.15458400647995027,0.24482871208059187,1.5837907016101724,2.0591385450025572
0.16001431506342739,0.24238658694560139,1.5147806422789287,1.9892588113608283
0.16563538239344819,0.23986868952887888,1.4481730054457678,1.9217505437798392
0.17145390954396114,0.23727308422024243,1.3838884447216708,1.856533263256825
0.17747683298777855,0.2345978208588155,1.3218503897630989,1.7935292219560295
0.18371133286579067,0.23184093827740218,1.2619849557499665,1.732663310522766
0.19016484154666802,0.22900046829798501,1.2042208561554024,1.6738629685428723
0.19684505248725054,0.22607444022344478,1.1484893187147154,1.6170580980408806
0.20375992940419213,0.22306088587525721,1.094724004506197,1.5621809799137172
0.21091771576778851,0.21995784523215159,1.0428609300620146,1.5091661932003684
0.21832694462931221,0.21676337273057433,0.99283839243299721,1.4579505370912196
0.22599644879356545,0.2134755442944043,0.94459689713709494,1.4084729555841302
0.23393537134877962,0.21009246516881702,0.89807908892745136,1.3606744646974107
0.24215317656641702,0.20661227864162512,0.8532296853225716,1.3144980821529122
0.25065966118386301,0.20303317574500748,0.80999541284817778,1.2698887594454422
0.25946496608346653,0.199353406041442,0.76832494594785705,1.2267933162174753
0.26857958838184381,0.19557128961014258,0.72816884852804153,1.1851603768609718
0.27801439394386612,0.19168523036460483,0.68947951811195785,1.1449403092706798
0.28778063033624079,0.18769373084836666,0.65221113258757779,1.1060851656759516
0.29788994023613685,0.18359540867515245,0.61631959954611648,1.0685486254804946
0.30835437531083293,0.17938901480173849,0.58176250822096343,1.0322859400419475
0.31918641058493696,0.17507345384773307,0.54849908405215519,0.99725387932543885
0.33039895931230806,0.17064780670679833,0.51649014591929843,0.96341068036751831
0.34200538837040245,0.16611135572960484,0.48569806610678623,0.93071599748905476
0.35401953419540516,0.1614636128011942,0.45608673308991049,0.89913085419771177
0.36645571927713433,0.15670435068598254,0.42762151726024483,0.86861759672269412
0.37932876923339276,0.15183363807427763,0.40026923974452805,0.83913984912634321
0.39265403048411007,0.14685187883744907,0.37399814451514174,0.8106624699390983
0.40644738854635765,0.141759856087987,0.34877787404412974,0.78315151026609597
0.42072528697203659,0.13655878174990585,0.32457944881972878,0.75657417331548948
0.43550474695081814,0.1312503524798852,0.30137525112833591,0.73089877530023251
0.45080338760171157,0.12583681294771532,0.27913901361116911,0.70609470766670468
0.46663944697743787,0.12032102769619625,0.25784581324093203,0.68213240060517444
0.48303180380666361,0.11470656306947952,0.23747207153960304,0.65898328779857351
0.5,0.10899778104422933,0.21799556208845866,0.63661977236758138
