amplitudeLaw,epsilon,far,j-1,j-2,j-3,j-4,j-5,j-6,j-7,j-8,j0,j1,leftLower,leftRole,leftUpper,leftZone,near,outerAmplitude,pairClass,replicate,rightLower,rightRole,rightUpper,rightZone,separation,total
fixed:0.1595,0.25,0.0,0.0,0.0,0.0,0.0,0.0,0.0,0.0,0.0,0.0,0.0,0.0,inner-core,0.25,0,0.0,0.1595,inner-core--inner-core,0,0.0,inner-core,0.25,0,2,0.0
fixed:0.1595,0.25,0.0,-9.2120478667404e-05,0.002347692278029137,0.015558401616356046,0.012021667399873976,0.0010083225473027971,1.9112575982915388e-05,2.990587887894253e-08,0.0,0.0,0.0,0.0,inner-core,0.25,0,0.0,0.1595,inner-core--inner-transition,0,0.25,inner-transition,0.5,1,2,0.030863105844756343
fixed:0.1595,0.25,0.0,0.0,0.0,0.0,0.0,0.0,0.0,0.0,0.0,0.0,0.0,0.0,inner-core,0.25,0,0.0,0.1595,inner-core--intermediate-plateau,0,0.5,intermediate-plateau,1.0,2,2,0.0
fixed:0.1595,0.25,0.0,0.007962265022757722,2.1084070863636275e-06,0.0,0.0,0.0,0.0,0.0,0.0,0.0003104571566657385,-1.8240629889675705e-09,0.0,inner-core,0.25,0,0.0,0.1595,inner-core--outer-transition,0,1.0,outer-transition,2.0,3,2,0.008274828762446836
fixed:0.1595,0.25,0.0,0.00023461781846451882,-0.003781837624879863,-0.005920193100860216,-0.006091674284681641,0.008670428982432322,-0.0005092322512111715,-0.0014195450944572239,0.001220495379918519,0.0,0.0,0.25,inner-transition,0.5,1,0.0016693547864218615,0.1595,inner-transition--inner-transition,0,0.25,inner-transition,0.5,1,2,-0.005927585388852892
fixed:0.1595,0.25,0.0,-2.57592352300023e-05,0.0002209834677947867,0.0003461384813975215,0.00037663956244267025,-0.0025781282105943803,0.0010725345849601918,0.0,0.0,-6.921076913891855e-06,0.0,0.25,inner-transition,0.5,1,0.0,0.1595,inner-transition--intermediate-plateau,0,0.5,intermediate-plateau,1.0,2,2,-0.0005945124261431045
fixed:0.1595,0.25,0.0,-0.011321351486814827,-1.6880927880034716e-05,0.0,0.0,0.0,0.0,0.0,0.0,-0.0003600609890119257,-6.261111130769344e-07,0.25,inner-transition,0.5,1,0.0,0.1595,inner-transition--outer-transition,0,1.0,outer-transition,2.0,3,2,-0.011698919514819864
fixed:0.1595,0.25,0.0,0.0,0.0,0.0,0.0,0.0,0.0,0.0,0.0,0.0,0.0,0.5,intermediate-plateau,1.0,2,0.0,0.1595,intermediate-plateau--intermediate-plateau,0,0.5,intermediate-plateau,1.0,2,2,0.0
fixed:0.1595,0.25,0.0,0.004398599675542122,0.004317577496029772,0.0005866927703976604,-2.3253482532060643e-05,2.1669031610661524e-07,0.0,0.0,0.0,0.0007766642426590186,-3.3696140031789845e-05,0.5,intermediate-plateau,1.0,2,0.0,0.1595,intermediate-plateau--outer-transition,0,1.0,outer-transition,2.0,3,2,0.01002280125238083
fixed:0.1595,0.25,0.0,-0.0012584699835566614,-0.0011406951277170632,-0.000975568488902083,-0.0003839040605446236,-0.0038912877303226507,-0.00041910791480405027,-0.00029122477249953393,0.0,-0.0013540619895209957,0.00011358749147068515,1.0,outer-transition,2.0,3,0.0,0.1595,outer-transition--outer-transition,0,1.0,outer-transition,2.0,3,2,-0.009600732576396976
fixed:0.1595,0.25,0.0,0.0,0.0,0.0,0.0,0.0,0.0,0.0,0.0,0.0,0.0,0.0,inner-core,0.25,0,0.0,0.1595,inner-core--inner-core,1,0.0,inner-core,0.25,0,2,0.0
fixed:0.1595,0.25,0.0,-9.21188053270468e-05,0.0023488474784384736,0.01555848704914151,0.01196228736109409,0.0013970227060570927,-4.599199246852708e-05,6.245782451526767e-06,0.0,0.0,0.0,0.0,inner-core,0.25,0,0.0,0.1595,inner-core--inner-transition,1,0.25,inner-transition,0.5,1,2,0.031134779579387123
fixed:0.1595,0.25,0.0,0.0,0.0,0.0,0.0,0.0,0.0,0.0,0.0,0.0,0.0,0.0,inner-core,0.25,0,0.0,0.1595,inner-core--intermediate-plateau,1,0.5,intermediate-plateau,1.0,2,2,0.0
fixed:0.1595,0.25,0.0,0.00796223623381722,2.0929311568250828e-06,0.0,0.0,0.0,0.0,0.0,0.0,0.0003104807926155138,-1.821633144501585e-09,0.0,inner-core,0.25,0,0.0,0.1595,inner-core--outer-transition,1,1.0,outer-transition,2.0,3,2,0.008274808135956414
fixed:0.1595,0.25,0.0,0.00023111135872590417,-0.0037768606901101994,-0.004765217906769933,0.0007896655263729605,-0.00024768946857274933,0.00862886417401076,0.003908573068901764,-0.001221312328498335,0.0,0.0,0.25,inner-transition,0.5,1,-6.594845313849922e-05,0.1595,inner-transition--inner-transition,1,0.25,inner-transition,0.5,1,2,0.0034811852809216717
fixed:0.1595,0.25,0.0,-1.9429166006397214e-05,0.0002954248960130507,-0.00025942649884148417,-0.0004309445413478593,0.004262702584373136,-5.238483822459056e-05,-9.636713899664557e-09,0.0,-6.839497058159765e-06,0.0,0.25,inner-transition,0.5,1,0.0,0.1595,inner-transition--intermediate-plateau,1,0.5,intermediate-plateau,1.0,2,2,0.0037890933021937946
fixed:0.1595,0.25,0.0,-0.011270076687240073,-9.005856516402169e-06,0.0,0.0,0.0,0.0,0.0,0.0,-0.0003457170028140507,-6.321917998500095e-07,0.25,inner-transition,0.5,1,0.0,0.1595,inner-transition--outer-transition,1,1.0,outer-transition,2.0,3,2,-0.011625431738370374
fixed:0.1595,0.25,0.0,0.0,0.0,0.0,0.0,0.0,0.0,0.0,0.0,0.0,0.0,0.5,intermediate-plateau,1.0,2,0.0,0.1595,intermediate-plateau--intermediate-plateau,1,0.5,intermediate-plateau,1.0,2,2,0.0
fixed:0.1595,0.25,0.0,0.004396767415938679,0.004357018010859356,0.0003777787757409148,1.428953166304623e-05,1.5530058470213843e-08,1.7666265729672707e-09,0.0,0.0,0.0007751659298094122,-3.369329856755161e-05,0.5,intermediate-plateau,1.0,2,0.0,0.1595,intermediate-plateau--outer-transition,1,1.0,outer-transition,2.0,3,2,0.0098873436621289
fixed:0.1595,0.25,0.0,-0.0009863559889743377,-0.0013400053510783895,-0.0020909019885542103,0.001013152458651718,0.001835658235819848,-0.0007860266296383976,3.88726747649283e-05,0.0,-0.0013488942301448487,0.0001141839790245476,1.0,outer-transition,2.0,3,0.0,0.1595,outer-transition--outer-transition,1,1.0,outer-transition,2.0,3,2,-0.003550316840129141
fixed:0.1595,0.25,0.0,0.0,0.0,0.0,0.0,0.0,0.0,0.0,0.0,0.0,0.0,0.0,inner-core,0.25,0,0.0,0.1595,inner-core--inner-core,2,0.0,inner-core,0.25,0,2,0.0
fixed:0.1595,0.25,0.0,-9.209711366343688e-05,0.0023473768699680923,0.015575522351317601,0.011767545810792628,0.0010591452293134541,9.94536677749561e-06,1.0472709605057565e-07,0.0,0.0,0.0,0.0,inner-core,0.25,0,0.0,0.1595,inner-core--inner-transition,2,0.25,inner-transition,0.5,1,2,0.030667543241601886
fixed:0.1595,0.25,0.0,0.0,0.0,0.0,0.0,0.0,0.0,0.0,0.0,0.0,0.0,0.0,inner-core,0.25,0,0.0,0.1595,inner-core--intermediate-plateau,2,0.5,intermediate-plateau,1.0,2,2,0.0
fixed:0.1595,0.25,0.0,0.007962200938965198,2.1196273299540877e-06,0.0,0.0,0.0,0.0,0.0,0.0,0.00031051989161770446,-1.8204493187368337e-09,0.0,inner-core,0.25,0,0.0,0.1595,inner-core--outer-transition,2,1.0,outer-transition,2.0,3,2,0.00827483863746354
fixed:0.1595,0.25,0.0,0.00022438517181710125,-0.003731390275257277,-0.0047300737831460085,-0.004215107770671984,-0.003159219992139312,0.0005785264791143658,-0.0017970952361059936,-0.0005698173222032771,0.0,0.0,0.25,inner-transition,0.5,1,-0.0008953155645349761,0.1595,inner-transition--inner-transition,2,0.25,inner-transition,0.5,1,2,-0.01829510829312736
fixed:0.1595,0.25,0.0,-3.256737031311272e-05,0.0002850354047374832,0.00023557889869053696,-0.0006921275313494437,-0.0006976392622164002,0.00018403535400618307,0.0,0.0,-6.963810020769987e-06,0.0,0.25,inner-transition,0.5,1,0.0,0.1595,inner-transition--intermediate-plateau,2,0.5,intermediate-plateau,1.0,2,2,-0.0007246483164655233
fixed:0.1595,0.25,0.0,-0.011423375265887598,-2.241005703480413e-05,0.0,0.0,0.0,0.0,0.0,0.0,-0.00038922279663934785,-6.166578903012375e-07,0.25,inner-transition,0.5,1,0.0,0.1595,inner-transition--outer-transition,2,1.0,outer-transition,2.0,3,2,-0.01183562477745205
fixed:0.1595,0.25,0.0,0.0,0.0,0.0,0.0,0.0,0.0,0.0,0.0,0.0,0.0,0.5,intermediate-plateau,1.0,2,0.0,0.1595,intermediate-plateau--intermediate-plateau,2,0.5,intermediate-plateau,1.0,2,2,0.0
fixed:0.1595,0.25,0.0,0.0044005808728510955,0.0043431343629045695,0.0004527139422241196,-1.2626661580984803e-06,1.0579319123301378e-07,0.0,0.0,0.0,0.0007770964983761918,-3.369474281273399e-05,0.5,intermediate-plateau,1.0,2,0.0,0.1595,intermediate-plateau--outer-transition,2,1.0,outer-transition,2.0,3,2,0.009938674060576379
fixed:0.1595,0.25,0.0,-0.0010488753348219478,-0.0015433446255149579,0.0013465054669414213,-0.0017622894021831915,-0.0020467597195307236,-0.0021073468247067616,-0.00013052655542370703,0.0,-0.001394717374427472,0.00011469301795642207,1.0,outer-transition,2.0,3,0.0,0.1595,outer-transition--outer-transition,2,1.0,outer-transition,2.0,3,2,-0.00857266135171092
fixed:0.1595,0.25,0.0,0.0,0.0,0.0,0.0,0.0,0.0,0.0,0.0,0.0,0.0,0.0,inner-core,0.25,0,0.0,0.1595,inner-core--inner-core,3,0.0,inner-core,0.25,0,2,0.0
fixed:0.1595,0.25,0.0,-9.211325494099783e-05,0.0023490571956938534,0.015573191164693946,0.011889640689393476,0.0012360411685772717,6.467653915289112e-05,-1.1571786079479083e-07,0.0,0.0,0.0,0.0,inner-core,0.25,0,0.0,0.1595,inner-core--inner-transition,3,0.25,inner-transition,0.5,1,2,0.03102037778470965
fixed:0.1595,0.25,0.0,0.0,0.0,0.0,0.0,0.0,0.0,0.0,0.0,0.0,0.0,0.0,inner-core,0.25,0,0.0,0.1595,inner-core--intermediate-plateau,3,0.5,intermediate-plateau,1.0,2,2,0.0
fixed:0.1595,0.25,0.0,0.007962162748318296,2.0908602967376638e-06,0.0,0.0,0.0,0.0,0.0,0.0,0.0003104699882499245,-1.8202093690920226e-09,0.0,inner-core,0.25,0,0.0,0.1595,inner-core--outer-transition,3,1.0,outer-transition,2.0,3,2,0.00827472177665559
fixed:0.1595,0.25,0.0,0.00023752691760807744,-0.0035104013298922054,-0.0048125390571702505,-0.003995777978508312,0.0015865245546413552,-0.006929200865860312,4.852071184761994e-05,-0.0007289136590834482,0.0,0.0,0.25,inner-transition,0.5,1,0.0030000973402000055,0.1595,inner-transition--inner-transition,3,0.25,inner-transition,0.5,1,2,-0.015104163366217473
fixed:0.1595,0.25,0.0,-1.4688613835012316e-05,0.00024459360923585885,0.000405963266547579,0.00018488152750091146,0.0003442629052562424,-0.006982486838673662,0.0,0.0,-6.901230041890807e-06,0.0,0.25,inner-transition,0.5,1,0.0,0.1595,inner-transition--intermediate-plateau,3,0.5,intermediate-plateau,1.0,2,2,-0.005824375374009972
fixed:0.1595,0.25,0.0,-0.011499391063732892,1.2408335680993175e-05,0.0,0.0,0.0,0.0,0.0,0.0,-0.00036437418699819654,-6.396989006755072e-07,0.25,inner-transition,0.5,1,0.0,0.1595,inner-transition--outer-transition,3,1.0,outer-transition,2.0,3,2,-0.011851996613950772
fixed:0.1595,0.25,0.0,0.0,0.0,0.0,0.0,0.0,0.0,0.0,0.0,0.0,0.0,0.5,intermediate-plateau,1.0,2,0.0,0.1595,intermediate-plateau--intermediate-plateau,3,0.5,intermediate-plateau,1.0,2,2,0.0
fixed:0.1595,0.25,0.0,0.0044091275484229656,0.004388646939819037,0.0003227914392640969,3.1253383476472657e-05,2.1139177726532388e-09,0.0,0.0,0.0,0.0007760637343791436,-3.368743188612852e-05,0.5,intermediate-plateau,1.0,2,0.0,0.1595,intermediate-plateau--outer-transition,3,1.0,outer-transition,2.0,3,2,0.009894197727393361
fixed:0.1595,0.25,0.0,-0.0013334301939389196,-0.0035422352292647525,0.002675292057241248,-0.0010575916837158245,-0.002031642802860053,-0.0005264154329469007,4.2278680749501194e-05,8.279799167388177e-07,-0.001411420810828891,0.00011429145013495083,1.0,outer-transition,2.0,3,0.0,0.1595,outer-transition--outer-transition,3,1.0,outer-transition,2.0,3,2,-0.007070045985512903
fixed:0.1595,0.25,0.0,0.0,0.0,0.0,0.0,0.0,0.0,0.0,0.0,0.0,0.0,0.0,inner-core,0.25,0,0.0,0.1595,inner-core--inner-core,4,0.0,inner-core,0.25,0,2,0.0
fixed:0.1595,0.25,0.0,-9.215141084992161e-05,0.002352277036016622,0.015586487094780138,0.011816404621354748,0.0009380215240405035,-3.36338147648383e-05,5.440687297226976e-07,0.0,0.0,0.0,0.0,inner-core,0.25,0,0.0,0.1595,inner-core--inner-transition,4,0.25,inner-transition,0.5,1,2,0.03056794911930697
fixed:0.1595,0.25,0.0,0.0,0.0,0.0,0.0,0.0,0.0,0.0,0.0,0.0,0.0,0.0,inner-core,0.25,0,0.0,0.1595,inner-core--intermediate-plateau,4,0.5,intermediate-plateau,1.0,2,2,0.0
fixed:0.1595,0.25,0.0,0.007962258821494225,2.1175796215523916e-06,0.0,0.0,0.0,0.0,0.0,0.0,0.00031048720533694956,-1.8115790455913457e-09,0.0,inner-core,0.25,0,0.0,0.1595,inner-core--outer-transition,4,1.0,outer-transition,2.0,3,2,0.00827486179487368
fixed:0.1595,0.25,0.0,0.00023786383301407113,-0.0038805110563424772,-0.004657832984001952,-0.00546601895211915,-0.001145634510004421,0.002064335568520732,-0.0021363904497830252,-0.0055513279063336834,0.0,0.0,0.25,inner-transition,0.5,1,0.0021875448555329535,0.1595,inner-transition--inner-transition,4,0.25,inner-transition,0.5,1,2,-0.018347971601516952
fixed:0.1595,0.25,0.0,-1.8090491673576478e-05,0.0003249072799907734,-6.409469174179029e-05,-0.001145705951100481,0.0018981419734850117,-0.0014341082799700425,0.0,0.0,-6.812559454007176e-06,0.0,0.25,inner-transition,0.5,1,0.0,0.1595,inner-transition--intermediate-plateau,4,0.5,intermediate-plateau,1.0,2,2,-0.0004457627204641107
fixed:0.1595,0.25,0.0,-0.011509286079334026,-9.745884412033304e-06,0.0,0.0,0.0,0.0,0.0,0.0,-0.00033329520362232847,-6.082900598417619e-07,0.25,inner-transition,0.5,1,0.0,0.1595,inner-transition--outer-transition,4,1.0,outer-transition,2.0,3,2,-0.01185293545742823
fixed:0.1595,0.25,0.0,0.0,0.0,0.0,0.0,0.0,0.0,0.0,0.0,0.0,0.0,0.5,intermediate-plateau,1.0,2,0.0,0.1595,intermediate-plateau--intermediate-plateau,4,0.5,intermediate-plateau,1.0,2,2,0.0
fixed:0.1595,0.25,0.0,0.004421087154510403,0.004369146199016924,0.0002881709564265695,-3.361156002874668e-05,-1.6544641933185228e-07,0.0,0.0,0.0,0.0007764984497763487,-3.369260305901009e-05,0.5,intermediate-plateau,1.0,2,0.0,0.1595,intermediate-plateau--outer-transition,4,1.0,outer-transition,2.0,3,2,0.009787433150223155
fixed:0.1595,0.25,0.0,-0.0010028211111005056,-0.0012945782543120994,0.0025813748374826457,0.0018607994170159374,0.0006255225516207425,0.0007643421615351479,0.0,0.0,-0.0013552520633122386,0.00011489927567271251,1.0,outer-transition,2.0,3,0.0,0.1595,outer-transition--outer-transition,4,1.0,outer-transition,2.0,3,2,0.0022942868146023443
fixed:0.1595,0.25,0.0,0.0,0.0,0.0,0.0,0.0,0.0,0.0,0.0,0.0,0.0,0.0,inner-core,0.25,0,0.0,0.1595,inner-core--inner-core,5,0.0,inner-core,0.25,0,2,0.0
fixed:0.1595,0.25,0.0,-9.216001414229313e-05,0.0023458577159167606,0.015638490973549104,0.011924678232938782,0.0011611519841194851,-4.436203567773772e-05,1.43086799416766e-07,0.0,0.0,0.0,0.0,inner-core,0.25,0,0.0,0.1595,inner-core--inner-transition,5,0.25,inner-transition,0.5,1,2,0.030933799943503516
fixed:0.1595,0.25,0.0,0.0,0.0,0.0,0.0,0.0,0.0,0.0,0.0,0.0,0.0,0.0,inner-core,0.25,0,0.0,0.1595,inner-core--intermediate-plateau,5,0.5,intermediate-plateau,1.0,2,2,0.0
fixed:0.1595,0.25,0.0,0.00796206093204453,2.1017744321451183e-06,0.0,0.0,0.0,0.0,0.0,0.0,0.0003105055907284289,-1.8184809273313972e-09,0.0,inner-core,0.25,0,0.0,0.1595,inner-core--outer-transition,5,1.0,outer-transition,2.0,3,2,0.008274666478724177
fixed:0.1595,0.25,0.0,0.00023742264891022833,-0.003861010865138915,-0.0062620597100689155,-0.004123687859891196,-0.005174537773650767,0.0016400261044848623,-0.004675640281365207,-5.5318977228979745e-05,0.0,0.0,0.25,inner-transition,0.5,1,1.90506322662291e-11,0.1595,inner-transition--inner-transition,5,0.25,inner-transition,0.5,1,2,-0.022274806694898258
fixed:0.1595,0.25,0.0,-2.060247684626662e-05,0.00023887306488697143,0.00023540305172412026,-0.0013631225516935496,0.00016969563371807507,0.00026137667348000485,0.0,0.0,-7.023250664140577e-06,0.0,0.25,inner-transition,0.5,1,0.0,0.1595,inner-transition--intermediate-plateau,5,0.5,intermediate-plateau,1.0,2,2,-0.00048539985539478524
fixed:0.1595,0.25,0.0,-0.011420492275967285,-1.609452532084102e-05,0.0,0.0,0.0,0.0,0.0,0.0,-0.0003547027029712626,-6.377304915914924e-07,0.25,inner-transition,0.5,1,0.0,0.1595,inner-transition--outer-transition,5,1.0,outer-transition,2.0,3,2,-0.011791927234750981
fixed:0.1595,0.25,0.0,0.0,0.0,0.0,0.0,0.0,0.0,0.0,0.0,0.0,0.0,0.5,intermediate-plateau,1.0,2,0.0,0.1595,intermediate-plateau--intermediate-plateau,5,0.5,intermediate-plateau,1.0,2,2,0.0
fixed:0.1595,0.25,0.0,0.004404625232917034,0.004358818460779059,0.0004498410188621829,2.973015471775545e-05,1.6199565250203444e-08,0.0,0.0,0.0,0.00077659429976125,-3.370125184535289e-05,0.5,intermediate-plateau,1.0,2,0.0,0.1595,intermediate-plateau--outer-transition,5,1.0,outer-transition,2.0,3,2,0.00998592411475718
fixed:0.1595,0.25,0.0,-0.001009072690574427,-0.0013908303718820202,0.0015394474384764587,0.0009127126343975606,0.0005644551572186886,-6.447835248056972e-06,4.406987342890495e-14,0.0,-0.0013014942894789554,0.00011073294280810848,1.0,outer-transition,2.0,3,0.0,0.1595,outer-transition--outer-transition,5,1.0,outer-transition,2.0,3,2,-0.0005804970142385727
fixed:0.1595,0.25,0.0,0.0,0.0,0.0,0.0,0.0,0.0,0.0,0.0,0.0,0.0,0.0,inner-core,0.25,0,0.0,0.1595,inner-core--inner-core,6,0.0,inner-core,0.25,0,2,0.0
fixed:0.1595,0.25,0.0,-9.210978368848139e-05,0.0023516176569988983,0.015587843862229589,0.011895955275700278,0.0009759645495426076,0.0002451877936504043,2.2229820249253485e-07,0.0,0.0,0.0,0.0,inner-core,0.25,0,0.0,0.1595,inner-core--inner-transition,6,0.25,inner-transition,0.5,1,2,0.030964681652635787
fixed:0.1595,0.25,0.0,0.0,0.0,0.0,0.0,0.0,0.0,0.0,0.0,0.0,0.0,0.0,inner-core,0.25,0,0.0,0.1595,inner-core--intermediate-plateau,6,0.5,intermediate-plateau,1.0,2,2,0.0
fixed:0.1595,0.25,0.0,0.00796219309123099,2.0967744182214743e-06,0.0,0.0,0.0,0.0,0.0,0.0,0.0003105164843584257,-1.8316352092556126e-09,0.0,inner-core,0.25,0,0.0,0.1595,inner-core--outer-transition,6,1.0,outer-transition,2.0,3,2,0.008274804518372429
fixed:0.1595,0.25,0.0,0.00022653089593658215,-0.0037986732570930654,-0.005328340290909105,-0.003306424343871889,-0.0053576881672890994,0.008132124352834003,0.0003518866572366046,-0.0003358518558982163,0.0,0.0,0.25,inner-transition,0.5,1,0.0,0.1595,inner-transition--inner-transition,6,0.25,inner-transition,0.5,1,2,-0.009416436009054188
fixed:0.1595,0.25,0.0,-2.2528981283873397e-05,0.00027802621487205245,0.00022570263970127404,-0.00028585448892809093,-0.00015618570598914625,-0.005908474637793935,-5.485003178893554e-09,0.0,-6.904794721583338e-06,0.0,0.25,inner-transition,0.5,1,0.0,0.1595,inner-transition--intermediate-plateau,6,0.5,intermediate-plateau,1.0,2,2,-0.005876225239146478
fixed:0.1595,0.25,0.0,-0.011532502600218663,4.652289039543624e-06,0.0,0.0,0.0,0.0,0.0,0.0,-0.00034874472990136993,-5.977797304833437e-07,0.25,inner-transition,0.5,1,0.0,0.1595,inner-transition--outer-transition,6,1.0,outer-transition,2.0,3,2,-0.011877192820810971
fixed:0.1595,0.25,0.0,0.0,0.0,0.0,0.0,0.0,0.0,0.0,0.0,0.0,0.0,0.5,intermediate-plateau,1.0,2,0.0,0.1595,intermediate-plateau--intermediate-plateau,6,0.5,intermediate-plateau,1.0,2,2,0.0
fixed:0.1595,0.25,0.0,0.004413213668147939,0.004389849355170733,0.0004532358319061677,8.369170441071508e-05,9.017779287825432e-08,0.0,0.0,0.0,0.0007766008281425691,-3.3699328238747615e-05,0.5,intermediate-plateau,1.0,2,0.0,0.1595,intermediate-plateau--outer-transition,6,1.0,outer-transition,2.0,3,2,0.010082982237332254
fixed:0.1595,0.25,0.0,-0.0011733923535116415,-0.0016695468476794733,0.0014515435162983379,0.00029988313076313776,-0.0010739286122208095,0.0010386835630431398,-3.2928759109366124e-08,0.0,-0.001358447252058252,0.00011479341714276572,1.0,outer-transition,2.0,3,0.0,0.1595,outer-transition--outer-transition,6,1.0,outer-transition,2.0,3,2,-0.0023704443669819034
fixed:0.1595,0.25,0.0,0.0,0.0,0.0,0.0,0.0,0.0,0.0,0.0,0.0,0.0,0.0,inner-core,0.25,0,0.0,0.1595,inner-core--inner-core,7,0.0,inner-core,0.25,0,2,0.0
fixed:0.1595,0.25,0.0,-9.210300609436034e-05,0.0023387674650593307,0.01552495731047099,0.012056001098230969,0.001101258754737904,9.195361553403733e-05,2.366433500899771e-06,0.0,0.0,0.0,0.0,inner-core,0.25,0,0.0,0.1595,inner-core--inner-transition,7,0.25,inner-transition,0.5,1,2,0.031023201671439772
fixed:0.1595,0.25,0.0,0.0,0.0,0.0,0.0,0.0,0.0,0.0,0.0,0.0,0.0,0.0,inner-core,0.25,0,0.0,0.1595,inner-core--intermediate-plateau,7,0.5,intermediate-plateau,1.0,2,2,0.0
fixed:0.1595,0.25,0.0,0.007962189885800108,2.095414098374511e-06,0.0,0.0,0.0,0.0,0.0,0.0,0.0003105413136468318,-1.8130135552176469e-09,0.0,inner-core,0.25,0,0.0,0.1595,inner-core--outer-transition,7,1.0,outer-transition,2.0,3,2,0.008274824800531759
fixed:0.1595,0.25,0.0,0.00023015956933070537,-0.0038345519781467323,-0.004814155411282417,-0.004129777172325868,-0.0015402063903275486,0.0011992687148816373,0.00026370953587456,-0.004887167848228435,0.0,0.0,0.25,inner-transition,0.5,1,0.0003528961997443665,0.1595,inner-transition--inner-transition,7,0.25,inner-transition,0.5,1,2,-0.017159824780479734
fixed:0.1595,0.25,0.0,-2.596897367884993e-05,0.00028741141217010545,0.00018650297337580017,-0.000708930301464864,-0.001088998827246659,0.0002764466002018323,0.0,0.0,-6.88949714485831e-06,0.0,0.25,inner-transition,0.5,1,0.0,0.1595,inner-transition--intermediate-plateau,7,0.5,intermediate-plateau,1.0,2,2,-0.001080426613787494
fixed:0.1595,0.25,0.0,-0.01141531994874378,2.46841074311725e-05,0.0,0.0,0.0,0.0,0.0,0.0,-0.0003616790563608287,-6.254742341827377e-07,0.25,inner-transition,0.5,1,0.0,0.1595,inner-transition--outer-transition,7,1.0,outer-transition,2.0,3,2,-0.01175294037190762
fixed:0.1595,0.25,0.0,0.0,0.0,0.0,0.0,0.0,0.0,0.0,0.0,0.0,0.0,0.5,intermediate-plateau,1.0,2,0.0,0.1595,intermediate-plateau--intermediate-plateau,7,0.5,intermediate-plateau,1.0,2,2,0.0
fixed:0.1595,0.25,0.0,0.004387937575950209,0.004367830219599392,0.000440258219363608,-1.925184861944343e-05,-5.654023864771952e-07,0.0,0.0,0.0,0.0007767160331117213,-3.37046515904151e-05,0.5,intermediate-plateau,1.0,2,0.0,0.1595,intermediate-plateau--outer-transition,7,1.0,outer-transition,2.0,3,2,0.009919220145428596
fixed:0.1595,0.25,0.0,-0.0003759761108105352,-0.0008039485933806229,0.001851560420340625,0.00024561111363450086,-0.0003214157370668451,-8.920331448259797e-05,-9.290884160866369e-10,0.0,-0.0013696256607734205,0.00013898060218621536,1.0,outer-transition,2.0,3,0.0,0.1595,outer-transition--outer-transition,7,1.0,outer-transition,2.0,3,2,-0.0007240182094410966
fixed:0.1595,0.25,0.0,0.0,0.0,0.0,0.0,0.0,0.0,0.0,0.0,0.0,0.0,0.0,inner-core,0.25,0,0.0,0.1595,inner-core--inner-core,8,0.0,inner-core,0.25,0,2,0.0
fixed:0.1595,0.25,0.0,-9.21392048526443e-05,0.002348477464332152,0.015498622673202863,0.012047391167916893,0.0011471090417607666,4.420944605943e-05,-1.5454172219161294e-06,0.0,0.0,0.0,0.0,inner-core,0.25,0,0.0,0.1595,inner-core--inner-transition,8,0.25,inner-transition,0.5,1,2,0.030992125171197545
fixed:0.1595,0.25,0.0,0.0,0.0,0.0,0.0,0.0,0.0,0.0,0.0,0.0,0.0,0.0,inner-core,0.25,0,0.0,0.1595,inner-core--intermediate-plateau,8,0.5,intermediate-plateau,1.0,2,2,0.0
fixed:0.1595,0.25,0.0,0.007962036288731801,2.085404332513419e-06,0.0,0.0,0.0,0.0,0.0,0.0,0.0003105274653054782,-1.820675321388105e-09,0.0,inner-core,0.25,0,0.0,0.1595,inner-core--outer-transition,8,1.0,outer-transition,2.0,3,2,0.008274647337694471
fixed:0.1595,0.25,0.0,0.00023832435759951905,-0.0038255630224676034,-0.004906128534431709,-0.0036949210187552425,0.005067019861445663,-0.0015857372981364034,0.0023978389980220532,-0.001847119190663743,0.0,0.0,0.25,inner-transition,0.5,1,0.000771845447972571,0.1595,inner-transition--inner-transition,8,0.25,inner-transition,0.5,1,2,-0.007384440399414893
fixed:0.1595,0.25,0.0,-1.8871512900725448e-05,0.00035544866178959764,-0.0001565283236456922,-0.0003494713438449736,-0.0002038876842061525,3.808703053964456e-05,0.0,0.0,-6.9371558264262e-06,0.0,0.25,inner-transition,0.5,1,0.0,0.1595,inner-transition--intermediate-plateau,8,0.5,intermediate-plateau,1.0,2,2,-0.0003421603280947263
fixed:0.1595,0.25,0.0,-0.011431606477150517,3.7808622704162974e-06,0.0,0.0,0.0,0.0,0.0,0.0,-0.00037363532288913273,-6.257626031832604e-07,0.25,inner-transition,0.5,1,0.0,0.1595,inner-transition--outer-transition,8,1.0,outer-transition,2.0,3,2,-0.011802086700372416
fixed:0.1595,0.25,0.0,0.0,0.0,0.0,0.0,0.0,0.0,0.0,0.0,0.0,0.0,0.5,intermediate-plateau,1.0,2,0.0,0.1595,intermediate-plateau--intermediate-plateau,8,0.5,intermediate-plateau,1.0,2,2,0.0
fixed:0.1595,0.25,0.0,0.004411988100793645,0.0043478706254579,0.0004879013410634418,-4.310140816562396e-06,-6.081206921206791e-06,-2.3298082337361812e-08,0.0,0.0,0.0007766342898805523,-3.3699895930359365e-05,0.5,intermediate-plateau,1.0,2,0.0,0.1595,intermediate-plateau--outer-transition,8,1.0,outer-transition,2.0,3,2,0.009980279815445072
fixed:0.1595,0.25,0.0,-0.0011261473187130922,-0.0018853244623897249,-0.0003138685516958925,-0.0011616805401400948,-6.396561599758194e-05,1.0793452397518586e-05,0.0,0.0,-0.0013323863088435623,0.00011535545841472749,1.0,outer-transition,2.0,3,0.0,0.1595,outer-transition--outer-transition,8,1.0,outer-transition,2.0,3,2,-0.005757223886967703
fixed:0.1595,0.25,0.0,0.0,0.0,0.0,0.0,0.0,0.0,0.0,0.0,0.0,0.0,0.0,inner-core,0.25,0,0.0,0.1595,inner-core--inner-core,9,0.0,inner-core,0.25,0,2,0.0
fixed:0.1595,0.25,0.0,-9.210385469418994e-05,0.00234998917894831,0.015580058356114793,0.012144498464368884,0.0006934319462557514,0.00013009992772573505,-2.4318793526043042e-06,-1.1012935738267104e-07,0.0,0.0,0.0,inner-core,0.25,0,0.0,0.1595,inner-core--inner-transition,9,0.25,inner-transition,0.5,1,2,0.030803432010009298
fixed:0.1595,0.25,0.0,0.0,0.0,0.0,0.0,0.0,0.0,0.0,0.0,0.0,0.0,0.0,inner-core,0.25,0,0.0,0.1595,inner-core--intermediate-plateau,9,0.5,intermediate-plateau,1.0,2,2,0.0
fixed:0.1595,0.25,0.0,0.007962342484668957,2.1263556229854685e-06,0.0,0.0,0.0,0.0,0.0,0.0,0.0003104344804250139,-1.8235579200842563e-09,0.0,inner-core,0.25,0,0.0,0.1595,inner-core--outer-transition,9,1.0,outer-transition,2.0,3,2,0.008274901497159037
fixed:0.1595,0.25,0.0,0.00023135641418082456,-0.003819570375652554,-0.005334218781192348,-0.005016410093680011,-0.000690770907853504,0.0008079084350123529,-0.004173912421293481,-0.0019713906153149656,0.0,0.0,0.25,inner-transition,0.5,1,-7.74989895002442e-05,0.1595,inner-transition--inner-transition,9,0.25,inner-transition,0.5,1,2,-0.020044507335293924
fixed:0.1595,0.25,0.0,-3.350052743696642e-05,0.00037588538626806165,-0.0003672565833048559,0.0002842127665520313,7.608924432179207e-05,-0.0010058424739640688,0.0,0.0,-6.996456201002424e-06,0.0,0.25,inner-transition,0.5,1,0.0,0.1595,inner-transition--intermediate-plateau,9,0.5,intermediate-plateau,1.0,2,2,-0.0006774086437650068
fixed:0.1595,0.25,0.0,-0.01142527639208666,-4.0727306237584165e-05,0.0,0.0,0.0,0.0,0.0,0.0,-0.00031721619549567135,-6.224701983697196e-07,0.25,inner-transition,0.5,1,0.0,0.1595,inner-transition--outer-transition,9,1.0,outer-transition,2.0,3,2,-0.011783842364018285
fixed:0.1595,0.25,0.0,0.0,0.0,0.0,0.0,0.0,0.0,0.0,0.0,0.0,0.0,0.5,intermediate-plateau,1.0,2,0.0,0.1595,intermediate-plateau--intermediate-plateau,9,0.5,intermediate-plateau,1.0,2,2,0.0
fixed:0.1595,0.25,0.0,0.004411105331418787,0.004374059177478546,0.00029990034865807054,3.679564264178351e-05,8.977822357694383e-07,-3.812584167468083e-09,0.0,0.0,0.0007772975192649701,-3.370513651737624e-05,0.5,intermediate-plateau,1.0,2,0.0,0.1595,intermediate-plateau--outer-transition,9,1.0,outer-transition,2.0,3,2,0.009866346852596384
fixed:0.1595,0.25,0.0,-0.0012969228081757588,-0.0002693341514369223,-0.00039371695250500543,-0.0007603887656730639,-0.0003890569497552426,0.00019246951555411545,0.0,0.0,-0.001345856308070977,0.00011229724311112189,1.0,outer-transition,2.0,3,0.0,0.1595,outer-transition--outer-transition,9,1.0,outer-transition,2.0,3,2,-0.004150509176951733
fixed:0.1595,0.25,0.0,0.0,0.0,0.0,0.0,0.0,0.0,0.0,0.0,0.0,0.0,0.0,inner-core,0.25,0,0.0,0.1595,inner-core--inner-core,10,0.0,inner-core,0.25,0,2,0.0
fixed:0.1595,0.25,0.0,-9.21056311699306e-05,0.0023479906163206632,0.01558396769977588,0.01189281410048295,0.0011907022233973033,-1.7646122649414225e-05,-5.895973990850088e-07,0.0,0.0,0.0,0.0,inner-core,0.25,0,0.0,0.1595,inner-core--inner-transition,10,0.25,inner-transition,0.5,1,2,0.03090513328875837
fixed:0.1595,0.25,0.0,0.0,0.0,0.0,0.0,0.0,0.0,0.0,0.0,0.0,0.0,0.0,inner-core,0.25,0,0.0,0.1595,inner-core--intermediate-plateau,10,0.5,intermediate-plateau,1.0,2,2,0.0
fixed:0.1595,0.25,0.0,0.007962211122388586,2.1157988087052045e-06,0.0,0.0,0.0,0.0,0.0,0.0,0.0003104750894901014,-1.8170215253094181e-09,0.0,inner-core,0.25,0,0.0,0.1595,inner-core--outer-transition,10,1.0,outer-transition,2.0,3,2,0.008274800193665867
fixed:0.1595,0.25,0.0,0.0002302996027647249,-0.0037937123115648506,-0.005441584651703484,-0.003380408099029325,0.0036645814655921817,-0.0007923430299256601,-0.002971104774003949,-0.0005885660430789303,0.0,0.0,0.25,inner-transition,0.5,1,-0.004789067373923653,0.1595,inner-transition--inner-transition,10,0.25,inner-transition,0.5,1,2,-0.01786190521487295
fixed:0.1595,0.25,0.0,-2.878219654191454e-05,0.0002704236683347148,0.0002433779788387665,-0.0005311010499397196,-0.001320564502761383,0.0008022024852112621,0.0,0.0,-6.887762905198042e-06,0.0,0.25,inner-transition,0.5,1,0.0,0.1595,inner-transition--intermediate-plateau,10,0.5,intermediate-plateau,1.0,2,2,-0.0005713313797634723
fixed:0.1595,0.25,0.0,-0.011416137167949545,2.65332860696401e-05,0.0,0.0,0.0,0.0,0.0,0.0,-0.00035241519927734383,-6.065415323726107e-07,0.25,inner-transition,0.5,1,0.0,0.1595,inner-transition--outer-transition,10,1.0,outer-transition,2.0,3,2,-0.011742625622689622
fixed:0.1595,0.25,0.0,0.0,0.0,0.0,0.0,0.0,0.0,0.0,0.0,0.0,0.0,0.5,intermediate-plateau,1.0,2,0.0,0.1595,intermediate-plateau--intermediate-plateau,10,0.5,intermediate-plateau,1.0,2,2,0.0
fixed:0.1595,0.25,0.0,0.004390557388940881,0.004365150471528962,0.00036769284766433605,8.8481881726513e-05,-1.264058949240095e-07,-1.658595930342026e-14,0.0,0.0,0.000777080371528625,-3.369596530367351e-05,0.5,intermediate-plateau,1.0,2,0.0,0.1595,intermediate-plateau--outer-transition,10,1.0,outer-transition,2.0,3,2,0.009955140590174133
fixed:0.1595,0.25,0.0,-0.0012939133613951155,6.698752082507232e-05,0.00039481944365197044,0.0009754873119385083,-0.0010133922080097467,-0.00033543864743290847,0.0008785403565528581,0.0010228211178901318,-0.0013232220706212532,0.00011626702624989613,1.0,outer-transition,2.0,3,0.0,0.1595,outer-transition--outer-transition,10,1.0,outer-transition,2.0,3,2,-0.0005110435103505878
fixed:0.1595,0.25,0.0,0.0,0.0,0.0,0.0,0.0,0.0,0.0,0.0,0.0,0.0,0.0,inner-core,0.25,0,0.0,0.1595,inner-core--inner-core,11,0.0,inner-core,0.25,0,2,0.0
fixed:0.1595,0.25,0.0,-9.214517877319774e-05,0.0023438419078526166,0.015584241578676338,0.011962318080560277,0.0007928189351172948,-3.442689399413328e-06,1.4030284903971803e-07,0.0,0.0,0.0,0.0,inner-core,0.25,0,0.0,0.1595,inner-core--inner-transition,11,0.25,inner-transition,0.5,1,2,0.030587772936882952
fixed:0.1595,0.25,0.0,0.0,0.0,0.0,0.0,0.0,0.0,0.0,0.0,0.0,0.0,0.0,inner-core,0.25,0,0.0,0.1595,inner-core--intermediate-plateau,11,0.5,intermediate-plateau,1.0,2,2,0.0
fixed:0.1595,0.25,0.0,0.007962231385732176,2.1021033270579816e-06,0.0,0.0,0.0,0.0,0.0,0.0,0.00031047890723343745,-1.8130383310468812e-09,0.0,inner-core,0.25,0,0.0,0.1595,inner-core--outer-transition,11,1.0,outer-transition,2.0,3,2,0.00827481058325434
fixed:0.1595,0.25,0.0,0.00022906085400515496,-0.003806725801065931,-0.004507418654320203,-0.0060848967828814274,-0.0018846895884767464,-0.0030190258745939817,0.002384206769563467,-0.00044321588645588955,0.0,0.0,0.25,inner-transition,0.5,1,0.0018208178739223652,0.1595,inner-transition--inner-transition,11,0.25,inner-transition,0.5,1,2,-0.015311887090303192
fixed:0.1595,0.25,0.0,-2.375662568935644e-05,0.000277446853500624,0.0002183409383038099,0.0011289057320373502,0.0028507439908762237,-2.0837368853160374e-05,0.0,0.0,-6.9698451229783575e-06,0.0,0.25,inner-transition,0.5,1,0.0,0.1595,inner-transition--intermediate-plateau,11,0.5,intermediate-plateau,1.0,2,2,0.004423873675052513
fixed:0.1595,0.25,0.0,-0.011535131971413856,-4.1486510564754214e-05,0.0,0.0,0.0,0.0,0.0,0.0,-0.000343099806532182,-6.16966205451291e-07,0.25,inner-transition,0.5,1,0.0,0.1595,inner-transition--outer-transition,11,1.0,outer-transition,2.0,3,2,-0.011920335254716245
fixed:0.1595,0.25,0.0,0.0,0.0,0.0,0.0,0.0,0.0,0.0,0.0,0.0,0.0,0.5,intermediate-plateau,1.0,2,0.0,0.1595,intermediate-plateau--intermediate-plateau,11,0.5,intermediate-plateau,1.0,2,2,0.0
fixed:0.1595,0.25,0.0,0.004417951496934131,0.004375853407363671,0.0003929122848473026,4.280443800259863e-05,6.17327814970986e-08,0.0,0.0,0.0,0.0007780128151602161,-3.3685720790933796e-05,0.5,intermediate-plateau,1.0,2,0.0,0.1595,intermediate-plateau--outer-transition,11,1.0,outer-transition,2.0,3,2,0.009973910454298483
fixed:0.1595,0.25,0.0,-0.0011758300125490648,-0.00038046194886139615,0.000861266613082993,-0.0004948662592390929,-0.0018233432754615818,-0.0004927227509702044,-0.0003607711983898642,0.0,-0.0013272103938112578,0.00011310840888370583,1.0,outer-transition,2.0,3,0.0,0.1595,outer-transition--outer-transition,11,1.0,outer-transition,2.0,3,2,-0.0050808308173157625
fixed:0.1595,0.25,0.0,0.0,0.0,0.0,0.0,0.0,0.0,0.0,0.0,0.0,0.0,0.0,inner-core,0.25,0,0.0,0.1595,inner-core--inner-core,12,0.0,inner-core,0.25,0,2,0.0
fixed:0.1595,0.25,0.0,-9.211912134996379e-05,0.002348712207864421,0.015560255425001088,0.012039813068291936,0.0008371507178912598,-6.061771914001139e-05,-5.829715659492816e-11,0.0,0.0,0.0,0.0,inner-core,0.25,0,0.0,0.1595,inner-core--inner-transition,12,0.25,inner-transition,0.5,1,2,0.030633194520261572
fixed:0.1595,0.25,0.0,0.0,0.0,0.0,0.0,0.0,0.0,0.0,0.0,0.0,0.0,0.0,inner-core,0.25,0,0.0,0.1595,inner-core--intermediate-plateau,12,0.5,intermediate-plateau,1.0,2,2,0.0
fixed:0.1595,0.25,0.0,0.007962183374954872,2.1049549088560717e-06,0.0,0.0,0.0,0.0,0.0,0.0,0.00031048896855463356,-1.819365722393152e-09,0.0,inner-core,0.25,0,0.0,0.1595,inner-core--outer-transition,12,1.0,outer-transition,2.0,3,2,0.00827477547905264
fixed:0.1595,0.25,0.0,0.0002264982851711414,-0.00372310671756457,-0.005887077901812458,-0.006853746892661418,0.004018975876008313,0.004872871602082723,0.0004544599837773965,0.0016707715483209968,0.0,0.0,0.25,inner-transition,0.5,1,0.0013181592137898987,0.1595,inner-transition--inner-transition,12,0.25,inner-transition,0.5,1,2,-0.0039021950028879804
fixed:0.1595,0.25,0.0,-3.323193548654581e-05,0.00026249225691738116,0.00010467323653088005,-9.345484484922314e-05,-0.000423453479692549,-0.002037824549357372,0.0,0.0,-6.781010322002956e-06,0.0,0.25,inner-transition,0.5,1,0.0,0.1595,inner-transition--intermediate-plateau,12,0.5,intermediate-plateau,1.0,2,2,-0.0022275803262594303
fixed:0.1595,0.25,0.0,-0.011389452686819257,2.459901091662307e-05,0.0,0.0,0.0,0.0,0.0,0.0,-0.00034482422687338995,-6.055761207979182e-07,0.25,inner-transition,0.5,1,0.0,0.1595,inner-transition--outer-transition,12,1.0,outer-transition,2.0,3,2,-0.011710283478896822
fixed:0.1595,0.25,0.0,0.0,0.0,0.0,0.0,0.0,0.0,0.0,0.0,0.0,0.0,0.5,intermediate-plateau,1.0,2,0.0,0.1595,intermediate-plateau--intermediate-plateau,12,0.5,intermediate-plateau,1.0,2,2,0.0
fixed:0.1595,0.25,0.0,0.004412918532892681,0.004316626142271043,0.0004440754333261529,3.998374582227532e-06,-1.7456465331523346e-07,0.0,0.0,0.0,0.0007766297060973858,-3.3691960005745485e-05,0.5,intermediate-plateau,1.0,2,0.0,0.1595,intermediate-plateau--outer-transition,12,1.0,outer-transition,2.0,3,2,0.009920381664510428
fixed:0.1595,0.25,0.0,-0.0016186871897888536,-0.0007511436691500538,-0.0028989128712360508,0.0002485326544477822,0.00167622962351554,0.001104721171122191,4.490404016908742e-05,0.0,-0.0013292253579064504,0.0001129199926904853,1.0,outer-transition,2.0,3,0.0,0.1595,outer-transition--outer-transition,12,1.0,outer-transition,2.0,3,2,-0.003410661606136324
fixed:0.1595,0.25,0.0,0.0,0.0,0.0,0.0,0.0,0.0,0.0,0.0,0.0,0.0,0.0,inner-core,0.25,0,0.0,0.1595,inner-core--inner-core,13,0.0,inner-core,0.25,0,2,0.0
fixed:0.1595,0.25,0.0,-9.209867902568357e-05,0.0023488858563300123,0.015599923358960412,0.011635208867314348,0.0014397831599744912,0.00011104098726926166,-1.8988501771776758e-07,0.0,0.0,0.0,0.0,inner-core,0.25,0,0.0,0.1595,inner-core--inner-transition,13,0.25,inner-transition,0.5,1,2,0.03104255366580512
fixed:0.1595,0.25,0.0,0.0,0.0,0.0,0.0,0.0,0.0,0.0,0.0,0.0,0.0,0.0,inner-core,0.25,0,0.0,0.1595,inner-core--intermediate-plateau,13,0.5,intermediate-plateau,1.0,2,2,0.0
fixed:0.1595,0.25,0.0,0.007962362179780365,2.0939093202404387e-06,0.0,0.0,0.0,0.0,0.0,0.0,0.0003104837275795002,-1.8225193182411577e-09,0.0,inner-core,0.25,0,0.0,0.1595,inner-core--outer-transition,13,1.0,outer-transition,2.0,3,2,0.008274937994160788
fixed:0.1595,0.25,0.0,0.00022393715942033268,-0.003507478264496839,-0.004496683976846262,-0.004195848310541985,-0.0005427075405739067,0.003820891070080357,0.007178223583186665,0.0014365534158050698,0.0,0.0,0.25,inner-transition,0.5,1,-2.0489696962154764e-05,0.1595,inner-transition--inner-transition,13,0.25,inner-transition,0.5,1,2,-0.00010360256092872095
fixed:0.1595,0.25,0.0,-3.471202579168102e-05,0.00033291654645687936,-8.070642959339292e-05,0.0019901619174919685,0.0021150430215919063,0.000178344598916051,0.0,0.0,-6.968111031473783e-06,0.0,0.25,inner-transition,0.5,1,0.0,0.1595,inner-transition--intermediate-plateau,13,0.5,intermediate-plateau,1.0,2,2,0.004494079518040258
fixed:0.1595,0.25,0.0,-0.011482514599175887,-3.6249338049164316e-05,0.0,0.0,0.0,0.0,0.0,0.0,-0.00035423096847243677,-6.21556362391585e-07,0.25,inner-transition,0.5,1,0.0,0.1595,inner-transition--outer-transition,13,1.0,outer-transition,2.0,3,2,-0.01187361646205988
fixed:0.1595,0.25,0.0,0.0,0.0,0.0,0.0,0.0,0.0,0.0,0.0,0.0,0.0,0.5,intermediate-plateau,1.0,2,0.0,0.1595,intermediate-plateau--intermediate-plateau,13,0.5,intermediate-plateau,1.0,2,2,0.0
fixed:0.1595,0.25,0.0,0.004389316118722244,0.0044599487609364675,0.00041801143491651554,3.276450562949579e-05,-4.4635880604580465e-08,0.0,0.0,0.0,0.0007761249236264104,-3.369964337421232e-05,0.5,intermediate-plateau,1.0,2,0.0,0.1595,intermediate-plateau--outer-transition,13,1.0,outer-transition,2.0,3,2,0.010042421464576316
fixed:0.1595,0.25,0.0,-0.0011807327124133133,-0.0015703539585597307,-0.001002627532808581,-0.0008362461613380569,-0.0009957052878859548,-0.00021229268995244229,0.002626495996770827,0.0,-0.001376349963642713,0.00011428899854928483,1.0,outer-transition,2.0,3,0.0,0.1595,outer-transition--outer-transition,13,1.0,outer-transition,2.0,3,2,-0.00443352331128068
fixed:0.1595,0.25,0.0,0.0,0.0,0.0,0.0,0.0,0.0,0.0,0.0,0.0,0.0,0.0,inner-core,0.25,0,0.0,0.1595,inner-core--inner-core,14,0.0,inner-core,0.25,0,2,0.0
fixed:0.1595,0.25,0.0,-9.213072191801975e-05,0.0023466190975415233,0.015574152081895177,0.011863096136417275,0.0018063970166082486,-7.23399634666678e-05,3.0220670314778503e-09,0.0,0.0,0.0,0.0,inner-core,0.25,0,0.0,0.1595,inner-core--inner-transition,14,0.25,inner-transition,0.5,1,2,0.031425796669144565
fixed:0.1595,0.25,0.0,0.0,0.0,0.0,0.0,0.0,0.0,0.0,0.0,0.0,0.0,0.0,inner-core,0.25,0,0.0,0.1595,inner-core--intermediate-plateau,14,0.5,intermediate-plateau,1.0,2,2,0.0
fixed:0.1595,0.25,0.0,0.007962115526037192,2.098739070375626e-06,0.0,0.0,0.0,0.0,0.0,0.0,0.0003105001646403916,-1.8232721605514352e-09,0.0,inner-core,0.25,0,0.0,0.1595,inner-core--outer-transition,14,1.0,outer-transition,2.0,3,2,0.008274712606475797
fixed:0.1595,0.25,0.0,0.00023637953235190767,-0.00368034900561897,-0.0058078465669701585,-0.006593156152064072,0.004113898510489729,0.0006546340109401628,-0.008817351249888784,0.004916556215560031,0.0,0.0,0.25,inner-transition,0.5,1,5.915674749115197e-05,0.1595,inner-transition--inner-transition,14,0.25,inner-transition,0.5,1,2,-0.014918077957709004
fixed:0.1595,0.25,0.0,-2.6721573287836356e-05,0.00038073464573602073,0.00020233752056056573,0.0013422895360944037,-0.002781037438595745,-0.00034097287736649,0.0,0.0,-6.909266969952206e-06,0.0,0.25,inner-transition,0.5,1,0.0,0.1595,inner-transition--intermediate-plateau,14,0.5,intermediate-plateau,1.0,2,2,-0.0012302794538290335
fixed:0.1595,0.25,0.0,-0.01133044202014759,7.334432738621468e-06,0.0,0.0,0.0,0.0,0.0,0.0,-0.00036887639852120147,-6.283066827760524e-07,0.25,inner-transition,0.5,1,0.0,0.1595,inner-transition--outer-transition,14,1.0,outer-transition,2.0,3,2,-0.011692612292612944
fixed:0.1595,0.25,0.0,0.0,0.0,0.0,0.0,0.0,0.0,0.0,0.0,0.0,0.0,0.5,intermediate-plateau,1.0,2,0.0,0.1595,intermediate-plateau--intermediate-plateau,14,0.5,intermediate-plateau,1.0,2,2,0.0
fixed:0.1595,0.25,0.0,0.004424939950548017,0.004372363979568021,0.0006009925189781119,1.4025592297020682e-05,8.306048045916997e-07,0.0,0.0,0.0,0.0007771197966228308,-3.3698665393835024e-05,0.5,intermediate-plateau,1.0,2,0.0,0.1595,intermediate-plateau--outer-transition,14,1.0,outer-transition,2.0,3,2,0.010156573777424759
fixed:0.1595,0.25,0.0,-0.0008209876253768344,-0.0023071979314347583,-0.001175071575903488,-0.00020865904985683625,0.0009888535277485777,0.00013178685435156064,-0.0008520263733843347,0.0,-0.001411260802662378,0.00011968639059537028,1.0,outer-transition,2.0,3,0.0,0.1595,outer-transition--outer-transition,14,1.0,outer-transition,2.0,3,2,-0.005534876585923122
fixed:0.1595,0.25,0.0,0.0,0.0,0.0,0.0,0.0,0.0,0.0,0.0,0.0,0.0,0.0,inner-core,0.25,0,0.0,0.1595,inner-core--inner-core,15,0.0,inner-core,0.25,0,2,0.0
fixed:0.1595,0.25,0.0,-9.213938725880512e-05,0.002345646068535225,0.015588275485031299,0.011929876871697758,0.0006551791626184698,0.00033788252552740584,4.113034131823867e-06,0.0,0.0,0.0,0.0,inner-core,0.25,0,0.0,0.1595,inner-core--inner-transition,15,0.25,inner-transition,0.5,1,2,0.03076883376028318
fixed:0.1595,0.25,0.0,0.0,0.0,0.0,0.0,0.0,0.0,0.0,0.0,0.0,0.0,0.0,inner-core,0.25,0,0.0,0.1595,inner-core--intermediate-plateau,15,0.5,intermediate-plateau,1.0,2,2,0.0
fixed:0.1595,0.25,0.0,0.007962289894552214,2.10408281993175e-06,0.0,0.0,0.0,0.0,0.0,0.0,0.0003104577253168241,-1.8350703912710216e-09,0.0,inner-core,0.25,0,0.0,0.1595,inner-core--outer-transition,15,1.0,outer-transition,2.0,3,2,0.008274849867618578
fixed:0.1595,0.25,0.0,0.00023154121268925673,-0.0037057849625121066,-0.004620219111307956,-0.01079723068748413,0.001752138787525399,0.0007765928273202613,-0.00478971966544489,-0.0031136075748860108,0.0,0.0,0.25,inner-transition,0.5,1,-0.0018555388342256147,0.1595,inner-transition--inner-transition,15,0.25,inner-transition,0.5,1,2,-0.026121828008325788
fixed:0.1595,0.25,0.0,-2.1179340945597667e-05,0.0003930086996404135,6.980198756334258e-05,-0.0011786575585576381,0.0008387760055669347,8.398520423334398e-05,0.0,0.0,-6.921885843505843e-06,0.0,0.25,inner-transition,0.5,1,0.0,0.1595,inner-transition--intermediate-plateau,15,0.5,intermediate-plateau,1.0,2,2,0.00017881311165729354
fixed:0.1595,0.25,0.0,-0.01143850133716473,1.9075594604420927e-05,0.0,0.0,0.0,0.0,0.0,0.0,-0.00037191972053903844,-5.951765132856097e-07,0.25,inner-transition,0.5,1,0.0,0.1595,inner-transition--outer-transition,15,1.0,outer-transition,2.0,3,2,-0.011791940639612634
fixed:0.1595,0.25,0.0,0.0,0.0,0.0,0.0,0.0,0.0,0.0,0.0,0.0,0.0,0.5,intermediate-plateau,1.0,2,0.0,0.1595,intermediate-plateau--intermediate-plateau,15,0.5,intermediate-plateau,1.0,2,2,0.0
fixed:0.1595,0.25,0.0,0.00441026111346436,0.0043570908154367104,0.0003226993372168132,5.643261109889644e-05,-2.7441110874385424e-08,0.0,0.0,0.0,0.0007766871424518878,-3.370390946764213e-05,0.5,intermediate-plateau,1.0,2,0.0,0.1595,intermediate-plateau--outer-transition,15,1.0,outer-transition,2.0,3,2,0.009889439669090151
fixed:0.1595,0.25,0.0,-0.001206009269188145,-0.001016802952346354,-0.0002505616669677119,-0.002613429847354163,0.0010452514747764218,-0.0005710556953778044,-2.47272196496331e-06,0.0,-0.0013277223797208398,0.00011480684769182411,1.0,outer-transition,2.0,3,0.0,0.1595,outer-transition--outer-transition,15,1.0,outer-transition,2.0,3,2,-0.005827996210451736
