panel,route,series,x,y,rawValue,auxiliary,source,pointer
A,producer,initial trace,4,0.01719925023248593,0.6454378480250121,,research/certificates/r072i/producer-data.csv,row[0].ratioFirstRoot
A,producer,target diagonal,4,0.006119050291340818,0.22963016402541153,,research/certificates/r072i/producer-data.csv,row[0].ratioTargetDiagonal
A,producer,mixed moment,4,0.07365834230306835,2.7641833976800387,,research/certificates/r072i/producer-data.csv,row[0].ratioMixedMoment
A,producer,generic B term,4,0.8478804798937151,31.818488883391026,,research/certificates/r072i/producer-data.csv,row[0].ratioGenericB
B,producer,generic bound / measured cubic exposure,4,57589.87312025378,1577.5208215385842,0.013696165107401374,research/certificates/r072i/producer-data.csv,row[0].genericBToMeasuredHB
C,producer,measured BV upper,4,0.034395824050674345,63.995020407496696,,research/certificates/r072i/producer-data.csv,row[0].measuredBvLiftedRatio
C,producer,one exact-root atom,4,1.217097769492059e-05,0.0004567414012578467,,research/certificates/r072i/producer-data.csv,row[0].exactRootRatio
A,producer,initial trace,8,0.010916018323054234,1.2872837974447182,,research/certificates/r072i/producer-data.csv,row[1].ratioFirstRoot
A,producer,target diagonal,8,0.0017439751603714796,0.20566024173401398,,research/certificates/r072i/producer-data.csv,row[1].ratioTargetDiagonal
A,producer,mixed moment,8,0.04567484844019266,5.386258121574156,,research/certificates/r072i/producer-data.csv,row[1].ratioMixedMoment
A,producer,generic B term,8,1.3647115440598672,160.93515115706558,,research/certificates/r072i/producer-data.csv,row[1].ratioGenericB
B,producer,generic bound / measured cubic exposure,8,378323.0489687038,16002.453685034468,0.021149192110626925,research/certificates/r072i/producer-data.csv,row[1].genericBToMeasuredHB
C,producer,measured BV upper,8,0.021831646327932996,255.99542317308547,,research/certificates/r072i/producer-data.csv,row[1].measuredBvLiftedRatio
C,producer,one exact-root atom,8,0.00019759820473808543,0.023301991608633704,,research/certificates/r072i/producer-data.csv,row[1].exactRootRatio
A,producer,initial trace,16,0.006936358577010808,2.5722448928476607,,research/certificates/r072i/producer-data.csv,row[2].ratioFirstRoot
A,producer,target diagonal,16,0.0004972548887787629,0.1843995424838475,,research/certificates/r072i/producer-data.csv,row[2].ratioTargetDiagonal
A,producer,mixed moment,16,0.028708183217187884,10.646000613072314,,research/certificates/r072i/producer-data.csv,row[2].ratioMixedMoment
A,producer,generic B term,16,2.20025483435856,815.9316156750879,,research/certificates/r072i/producer-data.csv,row[2].ratioGenericB
B,producer,generic bound / measured cubic exposure,16,2380389.119978405,162409.49234159343,0.034114063742457956,research/certificates/r072i/producer-data.csv,row[2].genericBToMeasuredHB
C,producer,measured BV upper,16,0.01387266593820963,1023.9962195588009,,research/certificates/r072i/producer-data.csv,row[2].measuredBvLiftedRatio
C,producer,one exact-root atom,16,0.0008041850624118752,0.2982200093503182,,research/certificates/r072i/producer-data.csv,row[2].exactRootRatio
A,producer,initial trace,32,0.004410075492652945,5.143219137509597,,research/certificates/r072i/producer-data.csv,row[3].ratioFirstRoot
A,producer,target diagonal,32,0.00014041419287912985,0.1637570525033044,,research/certificates/r072i/producer-data.csv,row[3].ratioTargetDiagonal
A,producer,mixed moment,32,0.018130732894584584,21.144838122579646,,research/certificates/r072i/producer-data.csv,row[3].ratioMixedMoment
A,producer,generic B term,32,3.514264830938963,4098.48633268841,,research/certificates/r072i/producer-data.csv,row[3].ratioGenericB
B,producer,generic bound / measured cubic exposure,32,12354307.443774866,1631993.462641023,0.06604957299582818,research/certificates/r072i/producer-data.csv,row[3].genericBToMeasuredHB
C,producer,measured BV upper,32,0.008820146222392158,4095.9977881450463,,research/certificates/r072i/producer-data.csv,row[3].measuredBvLiftedRatio
C,producer,one exact-root atom,32,0.0014381596495612087,1.67724344962804,,research/certificates/r072i/producer-data.csv,row[3].exactRootRatio
A,producer,initial trace,64,0.0028036359407514083,10.285863224249411,,research/certificates/r072i/producer-data.csv,row[4].ratioFirstRoot
A,producer,target diagonal,64,3.9241441135621656e-05,0.14396737121841166,,research/certificates/r072i/producer-data.csv,row[4].ratioTargetDiagonal
A,producer,mixed moment,64,0.011472898512982726,42.09129408528235,,research/certificates/r072i/producer-data.csv,row[4].ratioMixedMoment
A,producer,generic B term,64,5.55561390485862,20382.205806934613,,research/certificates/r072i/producer-data.csv,row[4].ratioGenericB
B,producer,generic bound / measured cubic exposure,64,49304081.54393038,16233059.523557162,0.16462186309153087,research/certificates/r072i/producer-data.csv,row[4].genericBToMeasuredHB
C,producer,measured BV upper,64,0.005607271685007853,16383.99942585742,,research/certificates/r072i/producer-data.csv,row[4].measuredBvLiftedRatio
C,producer,one exact-root atom,64,0.0015829140064399102,5.807329236058335,,research/certificates/r072i/producer-data.csv,row[4].exactRootRatio
A,producer,initial trace,128,0.001781575960707235,20.571490416118603,,research/certificates/r072i/producer-data.csv,row[5].ratioFirstRoot
A,producer,target diagonal,128,1.086108000605038e-05,0.12541065224323525,,research/certificates/r072i/producer-data.csv,row[5].ratioTargetDiagonal
A,producer,mixed moment,128,0.007264437582425442,83.88096348473024,,research/certificates/r072i/producer-data.csv,row[5].ratioMixedMoment
A,producer,generic B term,128,8.69825769204549,100436.98876460544,,research/certificates/r072i/producer-data.csv,row[5].ratioGenericB
B,producer,generic bound / measured cubic exposure,128,206158376.83253548,159984482.46899295,0.3880135382491635,research/certificates/r072i/producer-data.csv,row[5].genericBToMeasuredHB
C,producer,measured BV upper,128,0.003563151907706173,65535.99974786719,,research/certificates/r072i/producer-data.csv,row[5].measuredBvLiftedRatio
C,producer,one exact-root atom,128,0.0013347829471527278,15.412463577500592,,research/certificates/r072i/producer-data.csv,row[5].exactRootRatio
A,independent,initial trace,4,0.017199247465549586,0.645437848028196,,research/certificates/r072i/independent-data.csv,row[0].liftedFirstRatio
A,independent,target diagonal,4,0.006119058865431088,0.22963052272912304,,research/certificates/r072i/independent-data.csv,row[0].liftedLambdaRatio
A,independent,mixed moment,4,0.0736583837983976,2.7641853995821632,,research/certificates/r072i/independent-data.csv,row[0].liftedMixedRatio
A,independent,generic B term,4,0.8478816679545133,31.818538586835285,,research/certificates/r072i/independent-data.csv,row[0].liftedGenericBRatio
B,independent,generic bound / measured cubic exposure,4,57596.08720473116,31.818538586835285,0.013694708810321091,research/certificates/r072i/independent-data.csv,row[0].liftedGenericB/liftedMeasuredCubic
C,independent,one exact-root atom,4,1.2170975824768421e-05,0.00045674140455718537,,research/certificates/r072i/independent-data.csv,row[0].liftedRootAtomRatio
A,independent,initial trace,8,0.010916016933728347,1.2872837974450384,,research/certificates/r072i/independent-data.csv,row[1].liftedFirstRatio
A,independent,target diagonal,8,0.0017439773189143039,0.20566052245791525,,research/certificates/r072i/independent-data.csv,row[1].liftedLambdaRatio
A,independent,mixed moment,8,0.045674872276114845,5.386261617984901,,research/certificates/r072i/independent-data.csv,row[1].liftedMixedRatio
A,independent,generic B term,8,1.3647132331827272,160.93537083172464,,research/certificates/r072i/independent-data.csv,row[1].liftedGenericBRatio
B,independent,generic bound / measured cubic exposure,8,378339.3135999175,160.93537083172464,0.021148311783851147,research/certificates/r072i/independent-data.csv,row[1].liftedGenericB/liftedMeasuredCubic
C,independent,one exact-root atom,8,0.00019759817990403752,0.023301991645795238,,research/certificates/r072i/independent-data.csv,row[1].liftedRootAtomRatio
A,independent,initial trace,16,0.006936357878014586,2.572244892847703,,research/certificates/r072i/independent-data.csv,row[2].liftedFirstRatio
A,independent,target diagonal,16,0.0004972554322700439,0.18439976261194688,,research/certificates/r072i/independent-data.csv,row[2].liftedLambdaRatio
A,independent,mixed moment,16,0.028708196645715934,10.646006665669201,,research/certificates/r072i/independent-data.csv,row[2].liftedMixedRatio
A,independent,generic B term,16,2.200257239200313,815.9325896985227,,research/certificates/r072i/independent-data.csv,row[2].liftedGenericBRatio
B,independent,generic bound / measured cubic exposure,16,2380010.281197436,815.9325896985227,0.03411953458814876,research/certificates/r072i/independent-data.csv,row[2].liftedGenericB/liftedMeasuredCubic
C,independent,one exact-root atom,16,0.0008041849817136658,0.2982200094770615,,research/certificates/r072i/independent-data.csv,row[2].liftedRootAtomRatio
A,independent,initial trace,32,0.004410075137008345,5.1432191375095995,,research/certificates/r072i/independent-data.csv,row[3].liftedFirstRatio
A,independent,target diagonal,32,0.00014041433117562905,0.1637572269965929,,research/certificates/r072i/independent-data.csv,row[3].liftedLambdaRatio
A,independent,mixed moment,32,0.01813074040174432,21.14484858294908,,research/certificates/r072i/independent-data.csv,row[3].liftedMixedRatio
A,independent,generic B term,32,3.5142682922024817,4098.490699879606,,research/certificates/r072i/independent-data.csv,row[3].liftedGenericBRatio
B,independent,generic bound / measured cubic exposure,32,12355124.50807668,4098.490699879606,0.06604527540634449,research/certificates/r072i/independent-data.csv,row[3].liftedGenericB/liftedMeasuredCubic
C,independent,one exact-root atom,32,0.0014381595336123705,1.6772434496625737,,research/certificates/r072i/independent-data.csv,row[3].liftedRootAtomRatio
A,independent,initial trace,64,0.002803635759824329,10.285863224249413,,research/certificates/r072i/independent-data.csv,row[4].liftedFirstRatio
A,independent,target diagonal,64,3.924147631537778e-05,0.14396750957509885,,research/certificates/r072i/independent-data.csv,row[4].liftedLambdaRatio
A,independent,mixed moment,64,0.011472903000300771,42.091313264447976,,research/certificates/r072i/independent-data.csv,row[4].liftedMixedRatio
A,independent,generic B term,64,5.555618885438757,20382.225394806846,,research/certificates/r072i/independent-data.csv,row[4].liftedGenericBRatio
B,independent,generic bound / measured cubic exposure,64,49298429.10228816,20382.225394806846,0.16464089647057176,research/certificates/r072i/independent-data.csv,row[4].liftedGenericB/liftedMeasuredCubic
C,independent,one exact-root atom,64,0.0015829139042912057,5.80732923606387,,research/certificates/r072i/independent-data.csv,row[4].liftedRootAtomRatio
D,numeric maximization,numeric coupling envelope,4.0,0.22983326476000077,6.0532776253219325,0.05458192021642234,research/r072i_report-source.md,coupling-envelope-grid[0]
D,analytic,analytic M^(-4/9) log^(-2/3),4.0,0.22983326476000074,0.22983326476000074,6.0532776253219325,research/r072i_report-source.md,coupling-envelope-grid[0]
D,analytic,section g=M,4.0,0.21184433421620752,4.0,0.05458192021642234,research/r072i_report-source.md,coupling-envelope-grid[0]
D,analytic,section g=M^(3/2),4.0,0.222556408283312,8.0,0.05458192021642234,research/r072i_report-source.md,coupling-envelope-grid[0]
D,numeric maximization,numeric coupling envelope,4.30276234488073,0.21501991297787182,6.424228670992054,0.04846051365059148,research/r072i_report-source.md,coupling-envelope-grid[1]
D,analytic,analytic M^(-4/9) log^(-2/3),4.30276234488073,0.21501991297787182,0.21501991297787182,6.424228670992054,research/r072i_report-source.md,coupling-envelope-grid[1]
D,analytic,section g=M,4.30276234488073,0.19924697386023024,4.30276234488073,0.04846051365059148,research/r072i_report-source.md,coupling-envelope-grid[1]
D,analytic,section g=M^(3/2),4.30276234488073,0.20574521700266565,8.925263342092348,0.04846051365059148,research/r072i_report-source.md,coupling-envelope-grid[1]
D,numeric maximization,numeric coupling envelope,4.62844094913088,0.20149728915190093,6.826450379056443,0.04291806372023074,research/r072i_report-source.md,coupling-envelope-grid[2]
D,analytic,analytic M^(-4/9) log^(-2/3),4.62844094913088,0.20149728915190096,0.20149728915190096,6.826450379056443,research/r072i_report-source.md,coupling-envelope-grid[2]
D,analytic,section g=M,4.62844094913088,0.18758967324492257,4.62844094913088,0.04291806372023074,research/r072i_report-source.md,coupling-envelope-grid[2]
D,analytic,section g=M^(3/2),4.62844094913088,0.19027908530293033,9.95754071571219,0.04291806372023074,research/r072i_report-source.md,coupling-envelope-grid[2]
D,numeric maximization,numeric coupling envelope,4.978770357856093,0.18911109487219613,7.262093574376187,0.03792331683193465,research/r072i_report-source.md,coupling-envelope-grid[3]
D,analytic,analytic M^(-4/9) log^(-2/3),4.978770357856093,0.18911109487219613,0.18911109487219613,7.262093574376187,research/r072i_report-source.md,coupling-envelope-grid[3]
D,analytic,section g=M,4.978770357856093,0.17678248365363422,4.978770357856093,0.03792331683193465,research/r072i_report-source.md,coupling-envelope-grid[3]
D,analytic,section g=M^(3/2),4.978770357856093,0.1760474043346421,11.10920914091725,0.03792331683193465,research/r072i_report-source.md,coupling-envelope-grid[3]
D,numeric maximization,numeric coupling envelope,5.355616404897888,0.17773118270877586,7.733531503048441,0.033440616678930314,research/r072i_report-source.md,coupling-envelope-grid[4]
D,analytic,analytic M^(-4/9) log^(-2/3),5.355616404897888,0.1777311827087759,0.1777311827087759,7.733531503048441,research/r072i_report-source.md,coupling-envelope-grid[4]
D,analytic,section g=M,5.355616404897888,0.1667462474635894,5.355616404897888,0.033440616678930314,research/r072i_report-source.md,coupling-envelope-grid[4]
D,analytic,section g=M^(3/2),5.355616404897888,0.16294823140668518,12.394077138133243,0.033440616678930314,research/r072i_report-source.md,coupling-envelope-grid[4]
D,numeric maximization,numeric coupling envelope,5.760986150155037,0.16724690351461247,8.243369216302746,0.029432048565528703,research/r072i_report-source.md,coupling-envelope-grid[5]
D,analytic,analytic M^(-4/9) log^(-2/3),5.760986150155037,0.16724690351461244,0.16724690351461244,8.243369216302746,research/r072i_report-source.md,coupling-envelope-grid[5]
D,analytic,section g=M,5.760986150155037,0.1574110365091253,5.760986150155037,0.029432048565528703,research/r072i_report-source.md,coupling-envelope-grid[5]
D,analytic,section g=M^(3/2),5.760986150155037,0.15088779101235028,13.827550292505691,0.029432048565528703,research/r072i_report-source.md,coupling-envelope-grid[5]
D,numeric maximization,numeric coupling envelope,6.197038569066623,0.15756350501412517,8.79445567967717,0.025859020264447054,research/r072i_report-source.md,coupling-envelope-grid[6]
D,analytic,analytic M^(-4/9) log^(-2/3),6.197038569066623,0.1575635050141252,0.1575635050141252,8.79445567967717,research/r072i_report-source.md,coupling-envelope-grid[6]
D,analytic,section g=M,6.197038569066623,0.1487148537401722,6.197038569066623,0.025859020264447054,research/r072i_report-source.md,coupling-envelope-grid[6]
D,analytic,section g=M^(3/2),6.197038569066623,0.13977995449631295,15.426815967079923,0.025859020264447054,research/r072i_report-source.md,coupling-envelope-grid[6]
D,numeric maximization,numeric coupling envelope,6.666096051188356,0.14859931209965613,9.389898350928668,0.022683403272599593,research/r072i_report-source.md,coupling-envelope-grid[7]
D,analytic,analytic M^(-4/9) log^(-2/3),6.666096051188356,0.1485993120996561,0.1485993120996561,9.389898350928668,research/r072i_report-source.md,coupling-envelope-grid[7]
D,analytic,section g=M,6.666096051188356,0.14060254780804154,6.666096051188356,0.022683403272599593,research/r072i_report-source.md,coupling-envelope-grid[7]
D,analytic,section g=M^(3/2),6.666096051188356,0.1295457150192963,17.21104937952292,0.022683403272599593,research/r072i_report-source.md,coupling-envelope-grid[7]
D,numeric maximization,numeric coupling envelope,7.170656769102847,0.14028349594259962,10.033080083153406,0.019868333358513266,research/r072i_report-source.md,coupling-envelope-grid[8]
D,analytic,analytic M^(-4/9) log^(-2/3),7.170656769102847,0.14028349594259962,0.14028349594259962,10.033080083153406,research/r072i_report-source.md,coupling-envelope-grid[8]
D,analytic,section g=M,7.170656769102847,0.13302490092924205,7.170656769102847,0.019868333358513266,research/r072i_report-source.md,coupling-envelope-grid[8]
D,analytic,section g=M^(3/2),7.170656769102847,0.120112669938451,19.201643513249653,0.019868333358513266,research/r072i_report-source.md,coupling-envelope-grid[8]
D,numeric maximization,numeric coupling envelope,7.713407983539961,0.13255429190817422,10.727678291254641,0.017378749105193388,research/r072i_report-source.md,coupling-envelope-grid[9]
D,analytic,analytic M^(-4/9) log^(-2/3),7.713407983539961,0.13255429190817422,0.13255429190817422,10.727678291254641,research/r072i_report-source.md,coupling-envelope-grid[9]
D,analytic,section g=M,7.713407983539961,0.1259378585970601,7.713407983539961,0.017378749105193388,research/r072i_report-source.md,coupling-envelope-grid[9]
D,analytic,section g=M^(3/2),7.713407983539961,0.11141451916264687,21.422465619591556,0.017378749105193388,research/r072i_report-source.md,coupling-envelope-grid[9]
D,numeric maximization,numeric coupling envelope,8.297240355569535,0.12535756330418926,11.477686380976012,0.015181730860486058,research/r072i_report-source.md,coupling-envelope-grid[10]
D,analytic,analytic M^(-4/9) log^(-2/3),8.297240355569535,0.12535756330418926,0.12535756330418926,11.477686380976012,research/r072i_report-source.md,coupling-envelope-grid[10]
D,analytic,section g=M,8.297240355569535,0.11930187606136179,8.297240355569535,0.015181730860486058,research/r072i_report-source.md,coupling-envelope-grid[10]
D,analytic,section g=M^(3/2),8.297240355569535,0.10339058528318579,23.90014338647177,0.015181730860486058,research/r072i_report-source.md,coupling-envelope-grid[10]
D,numeric maximization,numeric coupling envelope,8.92526334209235,0.11864563431424574,12.287437487192529,0.013246689387242286,research/r072i_report-source.md,coupling-envelope-grid[11]
D,analytic,analytic M^(-4/9) log^(-2/3),8.92526334209235,0.11864563431424577,0.11864563431424577,12.287437487192529,research/r072i_report-source.md,coupling-envelope-grid[11]
D,analytic,section g=M,8.92526334209235,0.11308136143975124,8.92526334209235,0.013246689387242286,research/r072i_report-source.md,coupling-envelope-grid[11]
D,analytic,section g=M^(3/2),8.92526334209235,0.09598535916762241,26.66438420475343,0.013246689387242286,research/r072i_report-source.md,coupling-envelope-grid[11]
D,numeric maximization,numeric coupling envelope,9.600821756624825,0.11237633441663299,13.161630606626654,0.011545442964004485,research/r072i_report-source.md,coupling-envelope-grid[12]
D,analytic,analytic M^(-4/9) log^(-2/3),9.600821756624825,0.112376334416633,0.112376334416633,13.161630606626654,research/r072i_report-source.md,coupling-envelope-grid[12]
D,analytic,section g=M,9.600821756624825,0.10724419919638165,9.600821756624825,0.011545442964004485,research/r072i_report-source.md,coupling-envelope-grid[12]
D,analytic,section g=M^(3/2),9.600821756624825,0.08914807310754118,29.748331360269002,0.011545442964004485,research/r072i_report-source.md,coupling-envelope-grid[12]
D,numeric maximization,numeric coupling envelope,10.32751358357924,0.10651221040294771,14.105359242736359,0.010052213237832897,research/r072i_report-source.md,coupling-envelope-grid[13]
D,analytic,analytic M^(-4/9) log^(-2/3),10.32751358357924,0.10651221040294767,0.10651221040294767,14.105359242736359,research/r072i_report-source.md,coupling-envelope-grid[13]
D,analytic,section g=M,10.32751358357924,0.10176134077946469,10.32751358357924,0.010052213237832897,research/r072i_report-source.md,coupling-envelope-grid[13]
D,analytic,section g=M^(3/2),10.32751358357924,0.08283230242265234,33.18896142227815,0.010052213237832897,research/r072i_report-source.md,coupling-envelope-grid[13]
D,numeric maximization,numeric coupling envelope,11.109209140917251,0.10101987229316906,15.124142709341259,0.008743563377469725,research/r072i_report-source.md,coupling-envelope-grid[14]
D,analytic,analytic M^(-4/9) log^(-2/3),11.109209140917251,0.10101987229316906,0.10101987229316906,15.124142709341259,research/r072i_report-source.md,coupling-envelope-grid[14]
D,analytic,section g=M,11.109209140917251,0.09660645163260412,11.109209140917251,0.008743563377469725,research/r072i_report-source.md,coupling-envelope-grid[14]
D,analytic,section g=M^(3/2),11.109209140917251,0.07699559555535698,37.02752759304704,0.008743563377469725,research/r072i_report-source.md,coupling-envelope-grid[14]
D,numeric maximization,numeric coupling envelope,11.950071693235884,0.09586944703029272,16.223960266114204,0.0075982966934582665,research/r072i_report-source.md,coupling-envelope-grid[15]
D,analytic,analytic M^(-4/9) log^(-2/3),11.950071693235884,0.09586944703029271,0.09586944703029271,16.223960266114204,research/r072i_report-source.md,coupling-envelope-grid[15]
D,analytic,section g=M,11.950071693235884,0.09175560572991343,11.950071693235884,0.0075982966934582665,research/r072i_report-source.md,coupling-envelope-grid[15]
D,analytic,section g=M^(3/2),11.950071693235884,0.07159913207067803,41.31005433431695,0.0075982966934582665,research/r072i_report-source.md,coupling-envelope-grid[15]
D,numeric maximization,numeric coupling envelope,12.85457962507012,0.09103411954564845,17.411288284452507,0.006597329618087178,research/r072i_report-source.md,coupling-envelope-grid[16]
D,analytic,analytic M^(-4/9) log^(-2/3),12.85457962507012,0.09103411954564845,0.09103411954564845,17.411288284452507,research/r072i_report-source.md,coupling-envelope-grid[16]
D,analytic,section g=M,12.85457962507012,0.0871870203377771,12.85457962507012,0.006597329618087178,research/r072i_report-source.md,coupling-envelope-grid[16]
D,analytic,section g=M^(3/2),12.85457962507012,0.06660740754895825,46.087889201240294,0.006597329618087178,research/r072i_report-source.md,coupling-envelope-grid[16]
D,numeric maximization,numeric coupling envelope,13.827550292505691,0.08648974512055257,18.693140667258657,0.005723549557148137,research/r072i_report-source.md,coupling-envelope-grid[17]
D,analytic,analytic M^(-4/9) log^(-2/3),13.827550292505691,0.08648974512055256,0.08648974512055256,18.693140667258657,research/r072i_report-source.md,coupling-envelope-grid[17]
D,analytic,section g=M,13.827550292505691,0.08288082495905301,13.827550292505691,0.005723549557148137,research/r072i_report-source.md,coupling-envelope-grid[17]
D,analytic,section g=M^(3/2),13.827550292505691,0.06198794407747081,51.418318500280485,0.005723549557148137,research/r072i_report-source.md,coupling-envelope-grid[17]
D,numeric maximization,numeric coupling envelope,14.874165680134507,0.08221452029003794,20.077112771421838,0.004961665462665896,research/r072i_report-source.md,coupling-envelope-grid[18]
D,analytic,analytic M^(-4/9) log^(-2/3),14.874165680134507,0.08221452029003792,0.08221452029003792,20.077112771421838,research/r072i_report-source.md,coupling-envelope-grid[18]
D,analytic,section g=M,14.874165680134507,0.07881885943151166,14.874165680134507,0.004961665462665896,research/r072i_report-source.md,coupling-envelope-grid[18]
D,analytic,section g=M^(3/2),14.874165680134507,0.05771102487613091,57.36525415282281,0.004961665462665896,research/r072i_report-source.md,coupling-envelope-grid[18]
D,numeric maximization,numeric coupling envelope,16.0,0.07818870209820979,21.57142910778763,0.004298056889022063,research/r072i_report-source.md,coupling-envelope-grid[19]
D,analytic,analytic M^(-4/9) log^(-2/3),16.0,0.07818870209820979,0.07818870209820979,21.57142910778763,research/r072i_report-source.md,coupling-envelope-grid[19]
D,analytic,section g=M,16.0,0.07498449698013565,16.0,0.004298056889022063,research/r072i_report-source.md,coupling-envelope-grid[19]
D,analytic,section g=M^(3/2),16.0,0.05374945150366573,64.0,0.004298056889022063,research/r072i_report-source.md,coupling-envelope-grid[19]
D,numeric maximization,numeric coupling envelope,17.211049379522915,0.0743943675097454,23.184995120540712,0.0037206256691356635,research/r072i_report-source.md,coupling-envelope-grid[20]
D,analytic,analytic M^(-4/9) log^(-2/3),17.211049379522915,0.0743943675097454,0.0743943675097454,23.184995120540712,research/r072i_report-source.md,coupling-envelope-grid[20]
D,analytic,section g=M,17.211049379522915,0.07136248870049165,17.211049379522915,0.0037206256691356635,research/r072i_report-source.md,coupling-envelope-grid[20]
D,analytic,section g=M^(3/2),17.211049379522915,0.050078322061948406,71.40210673673877,0.0037206256691356635,research/r072i_report-source.md,coupling-envelope-grid[20]
D,numeric maximization,numeric coupling envelope,18.513763796523516,0.07081520634562943,24.927453376553856,0.0032186530893957258,research/r072i_report-source.md,coupling-envelope-grid[21]
D,analytic,analytic M^(-4/9) log^(-2/3),18.513763796523516,0.07081520634562943,0.07081520634562943,24.927453376553856,research/r072i_report-source.md,coupling-envelope-grid[21]
D,analytic,section g=M,18.513763796523516,0.06793882650744475,18.513763796523516,0.0032186530893957258,research/r072i_report-source.md,coupling-envelope-grid[21]
D,analytic,section g=M^(3/2),18.513763796523516,0.04667482883078272,79.66032572569749,0.0032186530893957258,research/r072i_report-source.md,coupling-envelope-grid[21]
D,numeric maximization,numeric coupling envelope,19.915081431424372,0.06743634234503566,26.809244525692247,0.0027826644765537893,research/r072i_report-source.md,coupling-envelope-grid[22]
D,analytic,analytic M^(-4/9) log^(-2/3),19.915081431424372,0.06743634234503568,0.06743634234503568,26.809244525692247,research/r072i_report-source.md,coupling-envelope-grid[22]
D,analytic,section g=M,19.915081431424372,0.06470062204336213,19.915081431424372,0.0027826644765537893,research/r072i_report-source.md,coupling-envelope-grid[22]
D,analytic,section g=M^(3/2),19.915081431424372,0.0435180738102229,88.873673127338,0.0027826644765537893,research/r072i_report-source.md,coupling-envelope-grid[22]
D,numeric maximization,numeric coupling envelope,21.42246561959156,0.06424417793517223,28.841673425601197,0.0024043023760332793,research/r072i_report-source.md,coupling-envelope-grid[23]
D,analytic,analytic M^(-4/9) log^(-2/3),21.42246561959156,0.06424417793517223,0.06424417793517223,28.841673425601197,research/r072i_report-source.md,coupling-envelope-grid[23]
D,analytic,section g=M,21.42246561959156,0.06163599942113726,21.42246561959156,0.0024043023760332793,research/r072i_report-source.md,coupling-envelope-grid[23]
D,analytic,section g=M^(3/2),21.42246561959156,0.040588900712639035,99.152617105066,0.0024043023760332793,research/r072i_report-source.md,coupling-envelope-grid[23]
D,numeric maximization,numeric coupling envelope,23.043944600620154,0.06122625907390636,31.0369808594334,0.00207620895020472,research/r072i_report-source.md,coupling-envelope-grid[24]
D,analytic,analytic M^(-4/9) log^(-2/3),23.043944600620154,0.061226259073906344,0.061226259073906344,31.0369808594334,research/r072i_report-source.md,coupling-envelope-grid[24]
D,analytic,section g=M,23.043944600620154,0.05873399999453364,23.043944600620154,0.00207620895020472,research/r072i_report-source.md,coupling-envelope-grid[24]
D,analytic,section g=M^(3/2),23.043944600620154,0.037869742024732776,110.62040234004559,0.00207620895020472,research/r072i_report-source.md,coupling-envelope-grid[24]
D,numeric maximization,numeric coupling envelope,24.788154276266493,0.05837115715927966,33.40842131257621,0.0017919178178459208,research/r072i_report-source.md,coupling-envelope-grid[25]
D,analytic,analytic M^(-4/9) log^(-2/3),24.788154276266493,0.05837115715927966,0.05837115715927966,33.40842131257621,research/r072i_report-source.md,coupling-envelope-grid[25]
D,analytic,section g=M,24.788154276266493,0.055984497613228705,24.788154276266493,0.0017919178178459208,research/r072i_report-source.md,coupling-envelope-grid[25]
D,analytic,section g=M^(3/2),24.788154276266493,0.03534447984501608,123.41452773663939,0.0017919178178459208,research/r072i_report-source.md,coupling-envelope-grid[25]
D,numeric maximization,numeric coupling envelope,26.664384204753418,0.05566836550857479,35.97034731500989,0.0015457552608030196,research/r072i_report-source.md,coupling-envelope-grid[26]
D,analytic,analytic M^(-4/9) log^(-2/3),26.664384204753418,0.055668365508574784,0.055668365508574784,35.97034731500989,research/r072i_report-source.md,coupling-envelope-grid[26]
D,analytic,section g=M,26.664384204753418,0.05337812304193709,26.664384204753418,0.0015457552608030196,research/r072i_report-source.md,coupling-envelope-grid[26]
D,analytic,section g=M^(3/2),26.664384204753418,0.03299831929080412,137.6883950361833,0.0015457552608030196,research/r072i_report-source.md,coupling-envelope-grid[26]
D,numeric maximization,numeric coupling envelope,28.682627076411382,0.05310820832272236,38.73830089976715,0.0013327505156679295,research/r072i_report-source.md,coupling-envelope-grid[27]
D,analytic,analytic M^(-4/9) log^(-2/3),28.682627076411382,0.053108208322722346,0.053108208322722346,38.73830089976715,research/r072i_report-source.md,coupling-envelope-grid[27]
D,analytic,section g=M,28.682627076411382,0.05090619640968656,28.682627076411382,0.0013327505156679295,research/r072i_report-source.md,coupling-envelope-grid[27]
D,analytic,section g=M^(3/2),28.682627076411382,0.03081767335759325,153.61314810599717,0.0013327505156679295,research/r072i_report-source.md,coupling-envelope-grid[27]
D,numeric maximization,numeric coupling envelope,30.853631934159846,0.05068176038912402,41.72911277538944,0.0011485547270851753,research/r072i_report-source.md,coupling-envelope-grid[28]
D,analytic,analytic M^(-4/9) log^(-2/3),30.853631934159846,0.05068176038912402,0.05068176038912402,41.72911277538944,research/r072i_report-source.md,coupling-envelope-grid[28]
D,analytic,section g=M,30.853631934159846,0.04856066671283903,30.853631934159846,0.0011485547270851753,research/r072i_report-source.md,coupling-envelope-grid[28]
D,analytic,section g=M^(3/2),30.853631934159846,0.028790058200713436,171.37972495673247,0.0011485547270851753,research/r072i_report-source.md,coupling-envelope-grid[28]
D,numeric maximization,numeric coupling envelope,33.188961422278155,0.048380776052648324,44.961009861622614,0.0009893680492223259,research/r072i_report-source.md,coupling-envelope-grid[29]
D,analytic,analytic M^(-4/9) log^(-2/3),33.188961422278155,0.048380776052648324,0.048380776052648324,44.961009861622614,research/r072i_report-source.md,coupling-envelope-grid[29]
D,analytic,section g=M,33.188961422278155,0.04633405752877262,33.188961422278155,0.0009893680492223259,research/r072i_report-source.md,coupling-envelope-grid[29]
D,analytic,section g=M^(3/2),33.188961422278155,0.02690399789294107,191.20114709177426,0.0009893680492223259,research/r072i_report-source.md,coupling-envelope-grid[29]
D,numeric maximization,numeric coupling envelope,35.701053368369394,0.0461976262125523,48.4537318932216,0.0008518743304373681,research/r072i_report-source.md,coupling-envelope-grid[30]
D,analytic,analytic M^(-4/9) log^(-2/3),35.701053368369394,0.0461976262125523,0.0461976262125523,48.4537318932216,research/r072i_report-source.md,coupling-envelope-grid[30]
D,analytic,section g=M,35.701053368369394,0.04421941821032888,35.701053368369394,0.0008518743304373681,research/r072i_report-source.md,coupling-envelope-grid[30]
D,analytic,section g=M^(3/2),35.701053368369394,0.025148937791406513,213.31507363802737,0.0008518743304373681,research/r072i_report-source.md,coupling-envelope-grid[30]
D,numeric maximization,numeric coupling envelope,38.4032870264993,0.04412524229177667,52.228657857026164,0.0007331827933825557,research/r072i_report-source.md,coupling-envelope-grid[31]
D,analytic,analytic M^(-4/9) log^(-2/3),38.4032870264993,0.044125242291776674,0.044125242291776674,52.228657857026164,research/r072i_report-source.md,coupling-envelope-grid[31]
D,analytic,section g=M,38.4032870264993,0.04221027992750525,38.4032870264993,0.0007331827933825557,research/r072i_report-source.md,coupling-envelope-grid[31]
D,analytic,section g=M^(3/2),38.4032870264993,0.02351516572207593,237.98665088215202,0.0007331827933825557,research/r072i_report-source.md,coupling-envelope-grid[31]
D,numeric maximization,numeric coupling envelope,41.310054334316945,0.04215706628188095,56.308943092840096,0.0006307761209719298,research/r072i_report-source.md,coupling-envelope-grid[32]
D,analytic,analytic M^(-4/9) log^(-2/3),41.310054334316945,0.04215706628188094,0.04215706628188094,56.308943092840096,research/r072i_report-source.md,coupling-envelope-grid[32]
D,analytic,section g=M,41.310054334316945,0.04030061600516566,41.310054334316945,0.0006307761209719298,research/r072i_report-source.md,coupling-envelope-grid[32]
D,analytic,section g=M^(3/2),41.310054334316945,0.0219937402600484,265.511691378225,0.0006307761209719298,research/r072i_report-source.md,coupling-envelope-grid[32]
D,numeric maximization,numeric coupling envelope,44.436836563669,0.04028700609772779,60.71966795954276,0.0005424643717982282,research/r072i_report-source.md,coupling-envelope-grid[33]
D,analytic,analytic M^(-4/9) log^(-2/3),44.436836563669,0.04028700609772778,0.04028700609772778,60.71966795954276,research/r072i_report-source.md,coupling-envelope-grid[33]
D,analytic,section g=M,44.436836563669,0.03848480607600254,44.436836563669,0.0005424643717982282,research/r072i_report-source.md,coupling-envelope-grid[33]
D,analytic,section g=M^(3/2),44.436836563669,0.020576425448801453,296.22022074437626,0.0005424643717982282,research/r072i_report-source.md,coupling-envelope-grid[33]
D,numeric maximization,numeric coupling envelope,47.80028677294355,0.03850939558561751,65.4879990447628,0.00046634417207172595,research/r072i_report-source.md,coupling-envelope-grid[34]
D,analytic,analytic M^(-4/9) log^(-2/3),47.80028677294355,0.03850939558561751,0.03850939558561751,65.4879990447628,research/r072i_report-source.md,coupling-envelope-grid[34]
D,analytic,section g=M,47.80028677294355,0.03675760362847183,47.80028677294355,0.00046634417207172595,research/r072i_report-source.md,coupling-envelope-grid[34]
D,analytic,section g=M^(3/2),47.80028677294355,0.019255631361401727,330.48043467453573,0.00046634417207172595,research/r072i_report-source.md,coupling-envelope-grid[34]
D,numeric maximization,numeric coupling envelope,51.41831850028049,0.03681895862069592,70.64336397987704,0.0004007626614123557,research/r072i_report-source.md,coupling-envelope-grid[35]
D,analytic,analytic M^(-4/9) log^(-2/3),51.41831850028049,0.03681895862069592,0.03681895862069592,70.64336397987704,research/r072i_report-source.md,coupling-envelope-grid[35]
D,analytic,section g=M,51.41831850028049,0.03511410658148204,51.41831850028049,0.0004007626614123557,research/r072i_report-source.md,coupling-envelope-grid[35]
D,analytic,section g=M^(3/2),51.41831850028049,0.018024359961723063,368.7031136099225,0.0004007626614123557,research/r072i_report-source.md,coupling-envelope-grid[35]
D,numeric maximization,numeric coupling envelope,55.31020117002278,0.03521077680717313,76.21764101262124,0.0003442857041616386,research/r072i_report-source.md,coupling-envelope-grid[36]
D,analytic,analytic M^(-4/9) log^(-2/3),55.31020117002278,0.03521077680717313,0.03521077680717313,76.21764101262124,research/r072i_report-source.md,coupling-envelope-grid[36]
D,analytic,section g=M,55.31020117002278,0.033549730562535296,55.31020117002278,0.0003442857041616386,research/r072i_report-source.md,coupling-envelope-grid[36]
D,analytic,section g=M^(3/2),55.31020117002278,0.01687615577410583,411.34654800224405,0.0003442857041616386,research/r072i_report-source.md,coupling-envelope-grid[36]
D,numeric maximization,numeric coupling envelope,59.49666272053798,0.03368026036067048,82.24536458783267,0.0002956699142746222,research/r072i_report-source.md,coupling-envelope-grid[37]
D,analytic,analytic M^(-4/9) log^(-2/3),59.49666272053798,0.03368026036067048,0.03368026036067048,82.24536458783267,research/r072i_report-source.md,coupling-envelope-grid[37]
D,analytic,section g=M,59.49666272053798,0.032060184604863984,59.49666272053798,0.0002956699142746222,research/r072i_report-source.md,coupling-envelope-grid[37]
D,analytic,section g=M^(3/2),59.49666272053798,0.015805060915905726,458.9220332225819,0.0002956699142746222,research/r072i_report-source.md,coupling-envelope-grid[37]
D,numeric maximization,numeric coupling envelope,63.999999999999986,0.032223121807870174,88.76394829344622,0.00025383807881833927,research/r072i_report-source.md,coupling-envelope-grid[38]
D,analytic,analytic M^(-4/9) log^(-2/3),63.999999999999986,0.032223121807870174,0.032223121807870174,88.76394829344622,research/r072i_report-source.md,coupling-envelope-grid[38]
D,analytic,section g=M,63.999999999999986,0.030641449012780174,63.999999999999986,0.00025383807881833927,research/r072i_report-source.md,coupling-envelope-grid[38]
D,analytic,section g=M^(3/2),63.999999999999986,0.014805574089300177,511.99999999999983,0.00025383807881833927,research/r072i_report-source.md,coupling-envelope-grid[38]
D,numeric maximization,numeric coupling envelope,68.84419751809168,0.03083535218622593,95.81392664455922,0.00021785760157111105,research/r072i_report-source.md,coupling-envelope-grid[39]
D,analytic,analytic M^(-4/9) log^(-2/3),68.84419751809168,0.03083535218622593,0.03083535218622593,95.81392664455922,research/r072i_report-source.md,coupling-envelope-grid[39]
D,analytic,section g=M,68.84419751809168,0.029289755173709988,68.84419751809168,0.00021785760157111105,research/r072i_report-source.md,coupling-envelope-grid[39]
D,analytic,section g=M^(3/2),68.84419751809168,0.01387261316683818,571.2168538939103,0.00021785760157111105,research/r072i_report-source.md,coupling-envelope-grid[39]
D,numeric maximization,numeric coupling envelope,74.05505518609408,0.0295131994671459,103.43921730394895,0.00018692162343647765,research/r072i_report-source.md,coupling-envelope-grid[40]
D,analytic,analytic M^(-4/9) log^(-2/3),74.05505518609408,0.029513199467145895,0.029513199467145895,103.43921730394895,research/r072i_report-source.md,coupling-envelope-grid[40]
D,analytic,section g=M,74.05505518609408,0.028001567120856174,74.05505518609408,0.00018692162343647765,research/r072i_report-source.md,coupling-envelope-grid[40]
D,analytic,section g=M^(3/2),74.05505518609408,0.01300148103982265,637.2826058055801,0.00018692162343647765,research/r072i_report-source.md,coupling-envelope-grid[40]
D,numeric maximization,numeric coupling envelope,79.66032572569752,0.02825314896089642,111.68740547371297,0.00016033250985387866,research/r072i_report-source.md,coupling-envelope-grid[41]
D,analytic,analytic M^(-4/9) log^(-2/3),79.66032572569752,0.028253148960896417,0.028253148960896417,111.68740547371297,research/r072i_report-source.md,coupling-envelope-grid[41]
D,analytic,section g=M,79.66032572569752,0.026773564672656576,79.66032572569752,0.00016033250985387866,research/r072i_report-source.md,coupling-envelope-grid[41]
D,analytic,section g=M^(3/2),79.66032572569752,0.012187834429989369,710.9893850187043,0.00016033250985387866,research/r072i_report-source.md,coupling-envelope-grid[41]
D,numeric maximization,numeric coupling envelope,85.68986247836627,0.027051905491408818,120.61005234063512,0.0001374874267905295,research/r072i_report-source.md,coupling-envelope-grid[42]
D,analytic,analytic M^(-4/9) log^(-2/3),85.68986247836627,0.027051905491408818,0.027051905491408818,120.61005234063512,research/r072i_report-source.md,coupling-envelope-grid[42]
D,analytic,section g=M,85.68986247836627,0.025602627994635776,85.68986247836627,0.0001374874267905295,research/r072i_report-source.md,coupling-envelope-grid[42]
D,analytic,section g=M^(3/2),85.68986247836627,0.011427655393362856,793.2209368405283,0.0001374874267905295,research/r072i_report-source.md,coupling-envelope-grid[42]
D,numeric maximization,numeric coupling envelope,92.17577840248055,0.025906377154963155,130.26302961845278,0.00011786575606196959,research/r072i_report-source.md,coupling-envelope-grid[43]
D,analytic,analytic M^(-4/9) log^(-2/3),92.17577840248055,0.025906377154963155,0.025906377154963155,130.26302961845278,research/r072i_report-source.md,coupling-envelope-grid[43]
D,analytic,section g=M,92.17577840248055,0.02448582344626843,92.17577840248055,0.00011786575606196959,research/r072i_report-source.md,coupling-envelope-grid[43]
D,analytic,section g=M^(3/2),92.17577840248055,0.010717225270885858,884.9632187203637,0.00011786575606196959,research/r072i_report-source.md,coupling-envelope-grid[43]
D,numeric maximization,numeric coupling envelope,99.15261710506594,0.024813660499002813,140.7068824045036,0.0001010181275840221,research/r072i_report-source.md,coupling-envelope-grid[44]
D,analytic,analytic M^(-4/9) log^(-2/3),99.15261710506594,0.02481366049900281,0.02481366049900281,140.7068824045036,research/r072i_report-source.md,coupling-envelope-grid[44]
D,analytic,section g=M,99.15261710506594,0.023420390590411604,99.15261710506594,0.0001010181275840221,research/r072i_report-source.md,coupling-envelope-grid[44]
D,analytic,section g=M^(3/2),99.15261710506594,0.010053100863675894,987.3162218931146,0.0001010181275840221,research/r072i_report-source.md,coupling-envelope-grid[44]
D,numeric maximization,numeric coupling envelope,106.6575368190137,0.023771026976629833,152.00722275743553,8.65568707142872e-05,research/r072i_report-source.md,coupling-envelope-grid[45]
D,analytic,analytic M^(-4/9) log^(-2/3),106.6575368190137,0.023771026976629826,0.023771026976629826,152.00722275743553,research/r072i_report-source.md,coupling-envelope-grid[45]
D,analytic,section g=M,106.6575368190137,0.022403730256000582,106.6575368190137,8.65568707142872e-05,research/r072i_report-source.md,coupling-envelope-grid[45]
D,analytic,section g=M^(3/2),106.6575368190137,0.009432092631785696,1101.5071602894668,8.65568707142872e-05,research/r072i_report-source.md,coupling-envelope-grid[45]
D,numeric maximization,numeric coupling envelope,114.73050830564556,0.022775910549081586,164.23515660806203,7.414770915872117e-05,research/r072i_report-source.md,coupling-envelope-grid[46]
D,analytic,analytic M^(-4/9) log^(-2/3),114.73050830564556,0.022775910549081586,0.022775910549081586,164.23515660806203,research/r072i_report-source.md,coupling-envelope-grid[46]
D,analytic,section g=M,114.73050830564556,0.021433393556274584,114.73050830564556,7.414770915872117e-05,research/r072i_report-source.md,coupling-envelope-grid[46]
D,analytic,section g=M^(3/2),114.73050830564556,0.008851244734339852,1228.9051848479778,7.414770915872117e-05,research/r072i_report-source.md,coupling-envelope-grid[46]
D,numeric maximization,numeric coupling envelope,123.41452773663941,0.021825896323067147,177.46774683841275,6.350254409728562e-05,research/r072i_report-source.md,coupling-envelope-grid[47]
D,analytic,analytic M^(-4/9) log^(-2/3),123.41452773663941,0.021825896323067143,0.021825896323067143,177.46774683841275,research/r072i_report-source.md,coupling-envelope-grid[47]
D,analytic,section g=M,123.41452773663941,0.020507071775011602,123.41452773663941,6.350254409728562e-05,research/r072i_report-source.md,coupling-envelope-grid[47]
D,analytic,section g=M^(3/2),123.41452773663941,0.008307816746081113,1371.0377996538602,6.350254409728562e-05,research/r072i_report-source.md,coupling-envelope-grid[47]
D,numeric maximization,numeric coupling envelope,132.75584568911265,0.02091871012255507,191.7885156060851,5.437318834484279e-05,research/r072i_report-source.md,coupling-envelope-grid[48]
D,analytic,analytic M^(-4/9) log^(-2/3),132.75584568911265,0.02091871012255507,0.02091871012255507,191.7885156060851,research/r072i_report-source.md,coupling-envelope-grid[48]
D,analytic,section g=M,132.75584568911265,0.01962258704227941,132.75584568911265,5.437318834484279e-05,research/r072i_report-source.md,coupling-envelope-grid[48]
D,analytic,section g=M^(3/2),132.75584568911265,0.00779926690085957,1529.6091767341945,5.437318834484279e-05,research/r072i_report-source.md,coupling-envelope-grid[48]
D,numeric maximization,numeric coupling envelope,142.80421347347755,0.020052208905718415,207.28798925378504,4.654593064620765e-05,research/r072i_report-source.md,coupling-envelope-grid[49]
D,analytic,analytic M^(-4/9) log^(-2/3),142.80421347347755,0.020052208905718412,0.020052208905718412,207.28798925378504,research/r072i_report-source.md,coupling-envelope-grid[49]
D,analytic,section g=M,142.80421347347755,0.018777883729203738,142.80421347347755,4.654593064620765e-05,research/r072i_report-source.md,coupling-envelope-grid[49]
D,analytic,section g=M^(3/2),142.80421347347755,0.00732323672659759,1706.5205891042185,4.654593064620765e-05,research/r072i_report-source.md,coupling-envelope-grid[49]
D,numeric maximization,numeric coupling envelope,153.61314810599717,0.019224371947477437,224.06428942922693,3.983682375089686e-05,research/r072i_report-source.md,coupling-envelope-grid[50]
D,analytic,analytic M^(-4/9) log^(-2/3),153.61314810599717,0.019224371947477434,0.019224371947477434,224.06428942922693,research/r072i_report-source.md,coupling-envelope-grid[50]
D,analytic,section g=M,153.61314810599717,0.01797102049834436,153.61314810599717,3.983682375089686e-05,research/r072i_report-source.md,coupling-envelope-grid[50]
D,analytic,section g=M^(3/2),153.61314810599717,0.006877536948907399,1903.8932070572157,3.983682375089686e-05,research/r072i_report-source.md,coupling-envelope-grid[50]
D,numeric maximization,numeric coupling envelope,165.24021733726784,0.018433292716627143,242.2237743502809,3.4087602868167775e-05,research/r072i_report-source.md,coupling-envelope-grid[51]
D,analytic,analytic M^(-4/9) log^(-2/3),165.24021733726784,0.018433292716627147,0.018433292716627147,242.2237743502809,research/r072i_report-source.md,coupling-envelope-grid[51]
D,analytic,section g=M,165.24021733726784,0.0172001629525682,165.24021733726784,3.4087602868167775e-05,research/r072i_report-source.md,coupling-envelope-grid[51]
D,analytic,section g=M^(3/2),165.24021733726784,0.006460134551959735,2124.0935310258014,3.4087602868167775e-05,research/r072i_report-source.md,coupling-envelope-grid[51]
D,numeric maximization,numeric coupling envelope,177.74734625467602,0.017677171384052764,261.88173448651867,2.9162152608237753e-05,research/r072i_report-source.md,coupling-envelope-grid[52]
D,analytic,analytic M^(-4/9) log^(-2/3),177.74734625467602,0.01767717138405276,0.01767717138405276,261.88173448651867,research/r072i_report-source.md,coupling-envelope-grid[52]
D,analytic,section g=M,177.74734625467602,0.01646357683091157,177.74734625467602,2.9162152608237753e-05,research/r072i_report-source.md,coupling-envelope-grid[52]
D,analytic,section g=M^(3/2),177.74734625467602,0.006069140895519513,2369.7617659550106,2.9162152608237753e-05,research/r072i_report-source.md,coupling-envelope-grid[52]
D,numeric maximization,numeric coupling envelope,191.20114709177423,0.01695430790516141,283.1631472933723,2.4943450707550357e-05,research/r072i_report-source.md,coupling-envelope-grid[53]
D,analytic,analytic M^(-4/9) log^(-2/3),191.20114709177423,0.016954307905161413,0.016954307905161413,283.1631472933723,research/r072i_report-source.md,coupling-envelope-grid[53]
D,analytic,section g=M,191.20114709177423,0.015759621704916394,191.20114709177423,2.4943450707550357e-05,research/r072i_report-source.md,coupling-envelope-grid[53]
D,analytic,section g=M^(3/2),191.20114709177423,0.0057028007963877275,2643.8434773962863,2.4943450707550357e-05,research/r072i_report-source.md,coupling-envelope-grid[53]
D,numeric maximization,numeric coupling envelope,205.6732740011218,0.016263095625507484,306.2034960314887,2.133092584383584e-05,research/r072i_report-source.md,coupling-envelope-grid[54]
D,analytic,analytic M^(-4/9) log^(-2/3),205.6732740011218,0.016263095625507484,0.016263095625507484,306.2034960314887,research/r072i_report-source.md,coupling-envelope-grid[54]
D,analytic,section g=M,205.6732740011218,0.01508674513338027,205.6732740011218,2.133092584383584e-05,research/r072i_report-source.md,coupling-envelope-grid[54]
D,analytic,section g=M^(3/2),205.6732740011218,0.005359482490914755,2949.624908879376,2.133092584383584e-05,research/r072i_report-source.md,coupling-envelope-grid[54]
D,numeric maximization,numeric coupling envelope,221.24080468009097,0.015602015363763468,331.14965813420594,1.8238174791467877e-05,research/r072i_report-source.md,coupling-envelope-grid[55]
D,analytic,analytic M^(-4/9) log^(-2/3),221.24080468009097,0.015602015363763468,0.015602015363763468,331.14965813420594,research/r072i_report-source.md,coupling-envelope-grid[55]
D,analytic,section g=M,221.24080468009097,0.014443477237441096,221.24080468009097,1.8238174791467877e-05,research/r072i_report-source.md,coupling-envelope-grid[55]
D,analytic,section g=M^(3/2),221.24080468009097,0.005037668402867652,3290.772384017949,1.8238174791467877e-05,research/r072i_report-source.md,coupling-envelope-grid[55]
D,numeric maximization,numeric coupling envelope,237.986650882152,0.014969629930773831,358.16086905331537,1.5590991161350817e-05,research/r072i_report-source.md,coupling-envelope-grid[56]
D,analytic,analytic M^(-4/9) log^(-2/3),237.986650882152,0.014969629930773833,0.014969629930773833,358.16086905331537,research/r072i_report-source.md,coupling-envelope-grid[56]
D,analytic,section g=M,237.986650882152,0.013828425661479354,237.986650882152,1.5590991161350817e-05,research/r072i_report-source.md,coupling-envelope-grid[56]
D,analytic,section g=M^(3/2),237.986650882152,0.004735946647822721,3671.376265780657,1.5590991161350817e-05,research/r072i_report-source.md,coupling-envelope-grid[56]
D,numeric maximization,numeric coupling envelope,256.0,0.01436457904750005,387.4097680206038,1.3325664115337475e-05,research/r072i_report-source.md,coupling-envelope-grid[57]
D,analytic,analytic M^(-4/9) log^(-2/3),256.0,0.014364579047500051,0.014364579047500051,387.4097680206038,research/r072i_report-source.md,coupling-envelope-grid[57]
D,analytic,section g=M,256.0,0.013240270888512968,256.0,1.3325664115337475e-05,research/r072i_report-source.md,coupling-envelope-grid[57]
D,analytic,section g=M^(3/2),256.0,0.004453003211486356,4096.0,1.3325664115337475e-05,research/r072i_report-source.md,coupling-envelope-grid[57]
D,numeric maximization,numeric coupling envelope,275.37679007236676,0.01378557462828492,419.083532713494,1.1387510837083557e-05,research/r072i_report-source.md,coupling-envelope-grid[58]
D,analytic,analytic M^(-4/9) log^(-2/3),275.37679007236676,0.01378557462828492,0.01378557462828492,419.083532713494,research/r072i_report-source.md,coupling-envelope-grid[58]
D,analytic,section g=M,275.37679007236676,0.012677761881623697,275.37679007236676,1.1387510837083557e-05,research/r072i_report-source.md,coupling-envelope-grid[58]
D,analytic,section g=M^(3/2),275.37679007236676,0.004187614744986587,4569.734831151284,1.1387510837083557e-05,research/r072i_report-source.md,coupling-envelope-grid[58]
D,numeric maximization,numeric coupling envelope,296.2202207443764,0.01323139639908865,453.38511041120694,9.729611264700738e-06,research/r072i_report-source.md,coupling-envelope-grid[59]
D,analytic,analytic M^(-4/9) log^(-2/3),296.2202207443764,0.01323139639908865,0.01323139639908865,453.38511041120694,research/r072i_report-source.md,coupling-envelope-grid[59]
D,analytic,section g=M,296.2202207443764,0.012139712025526822,296.2202207443764,9.729611264700738e-06,research/r072i_report-source.md,coupling-envelope-grid[59]
D,analytic,section g=M^(3/2),296.2202207443764,0.003938641925283416,5098.260846444642,9.729611264700738e-06,research/r072i_report-source.md,coupling-envelope-grid[59]
D,numeric maximization,numeric coupling envelope,318.64130290278985,0.012700887823225544,490.5345538772893,8.311717722730707e-06,research/r072i_report-source.md,coupling-envelope-grid[60]
D,analytic,analytic M^(-4/9) log^(-2/3),318.64130290278985,0.01270088782322555,0.01270088782322555,490.5345538772893,research/r072i_report-source.md,coupling-envelope-grid[60]
D,analytic,section g=M,318.64130290278985,0.011624995344710414,318.64130290278985,8.311717722730707e-06,research/r072i_report-source.md,coupling-envelope-grid[60]
D,analytic,section g=M^(3/2),318.64130290278985,0.0037050233334700393,5687.915080149628,8.311717722730707e-06,research/r072i_report-source.md,coupling-envelope-grid[60]
D,numeric maximization,numeric coupling envelope,342.7594499134648,0.012192952309700448,530.7704709095171,7.099315701199537e-06,research/r072i_report-source.md,coupling-envelope-grid[61]
D,analytic,analytic M^(-4/9) log^(-2/3),342.7594499134648,0.01219295230970045,0.01219295230970045,530.7704709095171,research/r072i_report-source.md,coupling-envelope-grid[61]
D,analytic,section g=M,342.7594499134648,0.011132542976654626,342.7594499134648,7.099315701199537e-06,research/r072i_report-source.md,coupling-envelope-grid[61]
D,analytic,section g=M^(3/2),342.7594499134648,0.0034857698079269112,6345.767494724219,7.099315701199537e-06,research/r072i_report-source.md,coupling-envelope-grid[61]
D,numeric maximization,numeric coupling envelope,368.7031136099223,0.011706549681544283,574.3515972638774,6.062815179971884e-06,research/r072i_report-source.md,coupling-envelope-grid[62]
D,analytic,analytic M^(-4/9) log^(-2/3),368.7031136099223,0.011706549681544281,0.011706549681544281,574.3515972638774,research/r072i_report-source.md,coupling-envelope-grid[62]
D,analytic,section g=M,368.7031136099223,0.010661339880521366,368.7031136099223,6.062815179971884e-06,research/r072i_report-source.md,coupling-envelope-grid[62]
D,analytic,section g=M^(3/2),368.7031136099223,0.0032799592330887057,7079.705749762913,6.062815179971884e-06,research/r072i_report-source.md,coupling-envelope-grid[62]
D,numeric maximization,numeric coupling envelope,396.6104684202639,0.011240692883609148,621.5585034907853,5.176854642784808e-06,research/r072i_report-source.md,coupling-envelope-grid[63]
D,analytic,analytic M^(-4/9) log^(-2/3),396.6104684202639,0.011240692883609151,0.011240692883609151,621.5585034907853,research/r072i_report-source.md,coupling-envelope-grid[63]
D,analytic,section g=M,396.6104684202639,0.010210421763401029,396.6104684202639,5.176854642784808e-06,research/r072i_report-source.md,coupling-envelope-grid[63]
D,analytic,section g=M^(3/2),396.6104684202639,0.0030867317280285933,7898.529775144921,5.176854642784808e-06,research/r072i_report-source.md,coupling-envelope-grid[63]
D,numeric maximization,numeric coupling envelope,426.6301472760549,0.010794444911133771,672.6954471245366,4.419702316579412e-06,research/r072i_report-source.md,coupling-envelope-grid[64]
D,analytic,analytic M^(-4/9) log^(-2/3),426.6301472760549,0.01079444491113377,0.01079444491113377,672.6954471245366,research/r072i_report-source.md,coupling-envelope-grid[64]
D,analytic,section g=M,426.6301472760549,0.009778872207736931,426.6301472760549,4.419702316579412e-06,research/r072i_report-source.md,coupling-envelope-grid[64]
D,analytic,section g=M^(3/2),426.6301472760549,0.002905285202189637,8812.057282315738,4.419702316579412e-06,research/r072i_report-source.md,coupling-envelope-grid[64]
D,numeric maximization,numeric coupling envelope,458.9220332225824,0.010366915942052702,728.092382647383,3.7727412518878215e-06,research/r072i_report-source.md,coupling-envelope-grid[65]
D,analytic,analytic M^(-4/9) log^(-2/3),458.9220332225824,0.0103669159420527,0.0103669159420527,728.092382647383,research/r072i_report-source.md,coupling-envelope-grid[65]
D,analytic,section g=M,458.9220332225824,0.009365819984935452,458.9220332225824,3.7727412518878215e-06,research/r072i_report-source.md,coupling-envelope-grid[65]
D,analytic,section g=M^(3/2),458.9220332225824,0.002734871248430097,9831.241478783828,3.7727412518878215e-06,research/r072i_report-source.md,coupling-envelope-grid[65]
D,numeric maximization,numeric coupling envelope,493.65811094655777,0.009957260657519387,788.1071427142538,3.2200266678759654e-06,research/r072i_report-source.md,coupling-envelope-grid[66]
D,analytic,analytic M^(-4/9) log^(-2/3),493.65811094655777,0.009957260657519385,0.009957260657519385,788.1071427142538,research/r072i_report-source.md,coupling-envelope-grid[66]
D,analytic,section g=M,493.65811094655777,0.00897043654142695,493.65811094655777,3.2200266678759654e-06,research/r072i_report-source.md,coupling-envelope-grid[66]
D,analytic,section g=M^(3/2),493.65811094655777,0.002574791346126071,10968.302397230886,3.2200266678759654e-06,research/r072i_report-source.md,coupling-envelope-grid[66]
D,numeric maximization,numeric coupling envelope,531.0233827564501,0.009564675736461628,853.1278052802253,2.7479055554658054e-06,research/r072i_report-source.md,coupling-envelope-grid[67]
D,analytic,analytic M^(-4/9) log^(-2/3),531.0233827564501,0.009564675736461626,0.009564675736461626,853.1278052802253,research/r072i_report-source.md,coupling-envelope-grid[67]
D,analytic,section g=M,531.0233827564501,0.008591933644582174,531.0233827564501,2.7479055554658054e-06,research/r072i_report-source.md,coupling-envelope-grid[67]
D,analytic,section g=M^(3/2),531.0233827564501,0.002424393349416139,12236.873413873542,2.7479055554658054e-06,research/r072i_report-source.md,coupling-envelope-grid[67]
D,numeric maximization,numeric coupling envelope,571.2168538939103,0.009188397511205235,923.5752625283066,2.3446898939820935e-06,research/r072i_report-source.md,coupling-envelope-grid[68]
D,analytic,analytic M^(-4/9) log^(-2/3),571.2168538939103,0.009188397511205234,0.009188397511205234,923.5752625283066,research/r072i_report-source.md,coupling-envelope-grid[68]
D,analytic,section g=M,571.2168538939103,0.00822956117692359,571.2168538939103,2.3446898939820935e-06,research/r072i_report-source.md,coupling-envelope-grid[68]
D,analytic,section g=M^(3/2),571.2168538939103,0.002283068237801196,13652.164712833752,2.3446898939820935e-06,research/r072i_report-source.md,coupling-envelope-grid[68]
D,numeric maximization,numeric coupling envelope,614.4525924239888,0.008827699772301082,999.9060088584376,2.000376017578901e-06,research/r072i_report-source.md,coupling-envelope-grid[69]
D,analytic,analytic M^(-4/9) log^(-2/3),614.4525924239888,0.008827699772301084,0.008827699772301084,999.9060088584376,research/r072i_report-source.md,coupling-envelope-grid[69]
D,analytic,section g=M,614.4525924239888,0.007882605068011138,614.4525924239888,2.000376017578901e-06,research/r072i_report-source.md,coupling-envelope-grid[69]
D,analytic,section g=M^(3/2),614.4525924239888,0.002150247108248614,15231.14565645773,2.000376017578901e-06,research/r072i_report-source.md,coupling-envelope-grid[69]
D,numeric maximization,numeric coupling envelope,660.9608693490715,0.008481891711685606,1082.6151666792011,1.7064036906569043e-06,research/r072i_report-source.md,coupling-envelope-grid[70]
D,analytic,analytic M^(-4/9) log^(-2/3),660.9608693490715,0.008481891711685606,0.008481891711685606,1082.6151666792011,research/r072i_report-source.md,coupling-envelope-grid[70]
D,analytic,section g=M,660.9608693490715,0.007550385354237027,660.9608693490715,1.7064036906569043e-06,research/r072i_report-source.md,coupling-envelope-grid[70]
D,analytic,section g=M^(3/2),660.9608693490715,0.0020253983897117033,16992.748248206415,1.7064036906569043e-06,research/r072i_report-source.md,coupling-envelope-grid[70]
D,numeric maximization,numeric coupling envelope,710.9893850187043,0.008150315994205723,1172.2397703515671,1.4554493370699317e-06,research/r072i_report-source.md,coupling-envelope-grid[71]
D,analytic,analytic M^(-4/9) log^(-2/3),710.9893850187043,0.008150315994205723,0.008150315994205723,1172.2397703515671,research/r072i_report-source.md,coupling-envelope-grid[71]
D,analytic,section g=M,710.9893850187043,0.007232254357542842,710.9893850187043,1.4554493370699317e-06,research/r072i_report-source.md,coupling-envelope-grid[71]
D,analytic,section g=M^(3/2),710.9893850187043,0.0019080252625795408,18958.094127640095,1.4554493370699317e-06,research/r072i_report-source.md,coupling-envelope-grid[71]
D,numeric maximization,numeric coupling envelope,764.8045883670972,0.007832346948356257,1269.3623303801548,1.2412486340775447e-06,research/r072i_report-source.md,coupling-envelope-grid[72]
D,analytic,analytic M^(-4/9) log^(-2/3),764.8045883670972,0.007832346948356259,0.007832346948356259,1269.3623303801548,research/r072i_report-source.md,coupling-envelope-grid[72]
D,analytic,section g=M,764.8045883670972,0.00692759497478177,764.8045883670972,1.2412486340775447e-06,research/r072i_report-source.md,coupling-envelope-grid[72]
D,analytic,section g=M^(3/2),764.8045883670972,0.001797663267033528,21150.7478191703,1.2412486340775447e-06,research/r072i_report-source.md,coupling-envelope-grid[72]
D,numeric maximization,numeric coupling envelope,822.6930960044874,0.007527388867819631,1374.6147018437966,1.0584443444196784e-06,research/r072i_report-source.md,coupling-envelope-grid[73]
D,analytic,analytic M^(-4/9) log^(-2/3),822.6930960044874,0.00752738886781963,0.00752738886781963,1374.6147018437966,research/r072i_report-source.md,coupling-envelope-grid[73]
D,analytic,section g=M,822.6930960044874,0.006635819070096046,822.6930960044874,1.0584443444196784e-06,research/r072i_report-source.md,coupling-envelope-grid[73]
D,analytic,section g=M^(3/2),822.6930960044874,0.0016938780856188525,23596.99927103502,1.0584443444196784e-06,research/r072i_report-source.md,coupling-envelope-grid[73]
D,numeric maximization,numeric coupling envelope,884.9632187203641,0.007234874416071758,1488.682283116654,9.024558322733164e-07,research/r072i_report-source.md,coupling-envelope-grid[74]
D,analytic,analytic M^(-4/9) log^(-2/3),884.9632187203641,0.0072348744160717566,0.0072348744160717566,1488.682283116654,research/r072i_report-source.md,coupling-envelope-grid[74]
D,analytic,section g=M,884.9632187203641,0.006356365963270777,884.9632187203641,9.024558322733164e-07,research/r072i_report-source.md,coupling-envelope-grid[74]
D,analytic,section g=M^(3/2),884.9632187203641,0.0015962634865535196,26326.179072143605,9.024558322733164e-07,research/r072i_report-source.md,coupling-envelope-grid[74]
D,numeric maximization,numeric coupling envelope,951.9466035286082,0.0069542631269316,1612.308573167738,7.693672031556727e-07,research/r072i_report-source.md,coupling-envelope-grid[75]
D,analytic,analytic M^(-4/9) log^(-2/3),951.9466035286082,0.006954263126931602,0.006954263126931602,1612.308573167738,research/r072i_report-source.md,coupling-envelope-grid[75]
D,analytic,section g=M,951.9466035286082,0.006088701007565469,951.9466035286082,7.693672031556727e-07,research/r072i_report-source.md,coupling-envelope-grid[75]
D,analytic,section g=M^(3/2),951.9466035286082,0.0015044394154056593,29371.010126245266,7.693672031556727e-07,research/r072i_report-source.md,coupling-envelope-grid[75]
D,numeric maximization,numeric coupling envelope,1024.0000000000002,0.006685039994490425,1746.300118155847,6.558314344821256e-07,research/r072i_report-source.md,coupling-envelope-grid[76]
D,analytic,analytic M^(-4/9) log^(-2/3),1024.0000000000002,0.006685039994490425,0.006685039994490425,1746.300118155847,research/r072i_report-source.md,coupling-envelope-grid[76]
D,analytic,section g=M,1024.0000000000002,0.00583231425101858,1024.0000000000002,6.558314344821256e-07,research/r072i_report-source.md,coupling-envelope-grid[76]
D,analytic,section g=M^(3/2),1024.0000000000002,0.0014180502237812114,32768.000000000015,6.558314344821256e-07,research/r072i_report-source.md,coupling-envelope-grid[76]
D,numeric maximization,numeric coupling envelope,1101.5071602894675,0.006426714146366409,1891.531880675052,5.589882315408134e-07,research/r072i_report-source.md,coupling-envelope-grid[77]
D,analytic,analytic M^(-4/9) log^(-2/3),1101.5071602894675,0.006426714146366406,0.006426714146366406,1891.531880675052,research/r072i_report-source.md,coupling-envelope-grid[77]
D,analytic,section g=M,1101.5071602894675,0.0055867191756728395,1101.5071602894675,5.589882315408134e-07,research/r072i_report-source.md,coupling-envelope-grid[77]
D,analytic,section g=M^(3/2),1101.5071602894675,0.0013367630245878323,36557.878649210295,5.589882315408134e-07,research/r072i_report-source.md,coupling-envelope-grid[77]
D,numeric maximization,numeric coupling envelope,1184.880882977506,0.006178817594695296,2048.953067871135,4.763936609975962e-07,research/r072i_report-source.md,coupling-envelope-grid[78]
D,analytic,analytic M^(-4/9) log^(-2/3),1184.880882977506,0.006178817594695296,0.006178817594695296,2048.953067871135,research/r072i_report-source.md,coupling-envelope-grid[78]
D,analytic,section g=M,1184.880882977506,0.005351451509583558,1184.880882977506,4.763936609975962e-07,research/r072i_report-source.md,coupling-envelope-grid[78]
D,analytic,section g=M^(3/2),1184.880882977506,0.0012602661642848807,40786.08677155716,4.763936609975962e-07,research/r072i_report-source.md,coupling-envelope-grid[78]
D,numeric maximization,numeric coupling envelope,1274.5652116111596,0.00594090405969262,2219.5934577613302,4.059598875498274e-07,research/r072i_report-source.md,coupling-envelope-grid[79]
D,analytic,analytic M^(-4/9) log^(-2/3),1274.5652116111596,0.005940904059692622,0.005940904059692622,2219.5934577613302,research/r072i_report-source.md,coupling-envelope-grid[79]
D,analytic,section g=M,1274.5652116111596,0.005126068106852152,1274.5652116111596,4.059598875498274e-07,research/r072i_report-source.md,coupling-envelope-grid[79]
D,analytic,section g=M^(3/2),1274.5652116111596,0.0011882678033009455,45503.32064119704,4.059598875498274e-07,research/r072i_report-source.md,coupling-envelope-grid[79]
D,numeric maximization,numeric coupling envelope,1371.0377996538596,0.005712547861011664,2404.570266469602,3.459035749559596e-07,research/r072i_report-source.md,coupling-envelope-grid[80]
D,analytic,analytic M^(-4/9) log^(-2/3),1371.0377996538596,0.005712547861011664,0.005712547861011664,2404.570266469602,research/r072i_report-source.md,coupling-envelope-grid[80]
D,analytic,section g=M,1371.0377996538596,0.004910145891276071,1371.0377996538596,3.459035749559596e-07,research/r072i_report-source.md,coupling-envelope-grid[80]
D,analytic,section g=M^(3/2),1371.0377996538596,0.001120494596506132,50766.13995779378,3.459035749559596e-07,research/r072i_report-source.md,coupling-envelope-grid[80]
D,numeric maximization,numeric coupling envelope,1474.8124544396894,0.005493342872477171,2605.0956027606067,2.9470171554277573e-07,research/r072i_report-source.md,coupling-envelope-grid[81]
D,analytic,analytic M^(-4/9) log^(-2/3),1474.8124544396894,0.005493342872477172,0.005493342872477172,2605.0956027606067,research/r072i_report-source.md,coupling-envelope-grid[81]
D,analytic,section g=M,1474.8124544396894,0.004703280859526751,1474.8124544396894,2.9470171554277573e-07,research/r072i_report-source.md,coupling-envelope-grid[81]
D,analytic,section g=M^(3/2),1474.8124544396894,0.001056690466272177,56637.64599810331,2.9470171554277573e-07,research/r072i_report-source.md,coupling-envelope-grid[81]
D,numeric maximization,numeric coupling envelope,1586.441873681056,0.0052829015361006955,2822.4845602427336,2.510538269076785e-07,research/r072i_report-source.md,coupling-envelope-grid[82]
D,analytic,analytic M^(-4/9) log^(-2/3),1586.441873681056,0.005282901536100696,0.005282901536100696,2822.4845602427336,research/r072i_report-source.md,coupling-envelope-grid[82]
D,analytic,section g=M,1586.441873681056,0.004505087140061719,1586.441873681056,2.510538269076785e-07,research/r072i_report-source.md,coupling-envelope-grid[82]
D,analytic,section g=M^(3/2),1586.441873681056,0.0009966154612447346,63188.23820115939,2.510538269076785e-07,research/r072i_report-source.md,coupling-envelope-grid[82]
D,numeric maximization,numeric coupling envelope,1706.52058910422,0.0050808539315825565,3058.1640019411193,2.1384960476604224e-07,research/r072i_report-source.md,coupling-envelope-grid[83]
D,analytic,analytic M^(-4/9) log^(-2/3),1706.52058910422,0.0050808539315825565,0.0050808539315825565,3058.1640019411193,research/r072i_report-source.md,coupling-envelope-grid[83]
D,analytic,section g=M,1706.52058910422,0.004315196104248098,1706.52058910422,2.1384960476604224e-07,research/r072i_report-source.md,coupling-envelope-grid[83]
D,analytic,section g=M^(3/2),1706.52058910422,0.0009400446944938382,70496.45825852593,2.1384960476604224e-07,research/r072i_report-source.md,coupling-envelope-grid[83]
D,numeric maximization,numeric coupling envelope,1835.68813289033,0.004886846897779851,3313.682096645332,1.8214125009791685e-07,research/r072i_report-source.md,coupling-envelope-grid[84]
D,analytic,analytic M^(-4/9) log^(-2/3),1835.68813289033,0.004886846897779851,0.004886846897779851,3313.682096645332,research/r072i_report-source.md,coupling-envelope-grid[84]
D,analytic,section g=M,1835.68813289033,0.004133255526424221,1835.68813289033,1.8214125009791685e-07,research/r072i_report-source.md,coupling-envelope-grid[84]
D,analytic,section g=M^(3/2),1835.68813289033,0.0008867673552049111,78649.93183027065,1.8214125009791685e-07,research/r072i_report-source.md,coupling-envelope-grid[84]
D,numeric maximization,numeric coupling envelope,1974.6324437862297,0.004700543202872156,3590.718671545441,1.5511979982657992e-07,research/r072i_report-source.md,coupling-envelope-grid[85]
D,analytic,analytic M^(-4/9) log^(-2/3),1974.6324437862297,0.004700543202872157,0.004700543202872157,3590.718671545441,research/r072i_report-source.md,coupling-envelope-grid[85]
D,analytic,section g=M,1974.6324437862297,0.003958928789855964,1974.6324437862297,1.5511979982657992e-07,research/r072i_report-source.md,coupling-envelope-grid[85]
D,analytic,section g=M^(3/2),1974.6324437862297,0.0008365857885278297,87746.419177847,1.5511979982657992e-07,research/r072i_report-source.md,coupling-envelope-grid[85]
D,numeric maximization,numeric coupling envelope,2124.0935310258014,0.004521620760188483,3891.0964512195737,1.3209488572228013e-07,research/r072i_report-source.md,coupling-envelope-grid[86]
D,analytic,analytic M^(-4/9) log^(-2/3),2124.0935310258014,0.004521620760188482,0.004521620760188482,3891.0964512195737,research/r072i_report-source.md,coupling-envelope-grid[86]
D,analytic,section g=M,2124.0935310258014,0.003791894135756455,2124.0935310258014,1.3209488572228013e-07,research/r072i_report-source.md,coupling-envelope-grid[86]
D,analytic,section g=M^(3/2),2124.0935310258014,0.0007893146386190401,97894.98731098839,1.3209488572228013e-07,research/r072i_report-source.md,coupling-envelope-grid[86]
D,numeric maximization,numeric coupling envelope,2284.867415575642,0.00434977188687253,4216.7932590636565,1.1247742823556193e-07,research/r072i_report-source.md,coupling-envelope-grid[87]
D,analytic,analytic M^(-4/9) log^(-2/3),2284.867415575642,0.004349771886872531,0.004349771886872531,4216.7932590636565,research/r072i_report-source.md,coupling-envelope-grid[87]
D,analytic,section g=M,2284.867415575642,0.0036318439527333554,2284.867415575642,1.1247742823556193e-07,research/r072i_report-source.md,coupling-envelope-grid[87]
D,analytic,section g=M^(3/2),2284.867415575642,0.0007447800502949008,109217.31770267007,1.1247742823556193e-07,research/r072i_report-source.md,coupling-envelope-grid[87]
D,numeric maximization,numeric coupling envelope,2457.810369695956,0.004184702602759901,4569.955263801499,9.576484239737958e-08,research/r072i_report-source.md,coupling-envelope-grid[88]
D,analytic,analytic M^(-4/9) log^(-2/3),2457.810369695956,0.004184702602759901,0.004184702602759901,4569.955263801499,research/r072i_report-source.md,coupling-envelope-grid[88]
D,analytic,section g=M,2457.810369695956,0.0034784841042085433,2457.810369695956,9.576484239737958e-08,research/r072i_report-source.md,coupling-envelope-grid[88]
D,analytic,section g=M^(3/2),2457.810369695956,0.0007028189250662324,121849.1652516619,9.576484239737958e-08,research/r072i_report-source.md,coupling-envelope-grid[88]
D,numeric maximization,numeric coupling envelope,2643.8434773962867,0.0040261319670222345,4952.9113608250445,8.152839339308587e-08,research/r072i_report-source.md,coupling-envelope-grid[89]
D,analytic,analytic M^(-4/9) log^(-2/3),2643.8434773962867,0.0040261319670222345,0.0040261319670222345,4952.9113608250445,research/r072i_report-source.md,coupling-envelope-grid[89]
D,analytic,section g=M,2643.8434773962867,0.0033315332915219574,2643.8434773962867,8.152839339308587e-08,research/r072i_report-source.md,coupling-envelope-grid[89]
D,analytic,section g=M^(3/2),2643.8434773962867,0.0006632782276472465,135941.98598565138,8.152839339308587e-08,research/r072i_report-source.md,coupling-envelope-grid[89]
D,numeric maximization,numeric coupling envelope,2843.957540074818,0.003873791450300443,5368.18878583977,6.940239131752216e-08,research/r072i_report-source.md,coupling-envelope-grid[90]
D,analytic,analytic M^(-4/9) log^(-2/3),2843.957540074818,0.003873791450300443,0.003873791450300443,5368.18878583977,research/r072i_report-source.md,coupling-envelope-grid[90]
D,analytic,section g=M,2843.957540074818,0.003190722450585621,2843.957540074818,6.940239131752216e-08,research/r072i_report-source.md,coupling-envelope-grid[90]
D,analytic,section g=M^(3/2),2843.957540074818,0.0006260143393290449,151664.75302112082,6.940239131752216e-08,research/r072i_report-source.md,coupling-envelope-grid[90]
D,numeric maximization,numeric coupling envelope,3059.2183534683863,0.003727424340203714,5818.530066681507,5.9074959150079516e-08,research/r072i_report-source.md,coupling-envelope-grid[91]
D,analytic,analytic M^(-4/9) log^(-2/3),3059.2183534683863,0.003727424340203715,0.003727424340203715,5818.530066681507,research/r072i_report-source.md,coupling-envelope-grid[91]
D,analytic,section g=M,3059.2183534683863,0.003055794180096696,3059.2183534683863,5.9074959150079516e-08,research/r072i_report-source.md,coupling-envelope-grid[91]
D,analytic,section g=M^(3/2),3059.2183534683863,0.0005908924548809698,169205.98255336224,5.9074959150079516e-08,research/r072i_report-source.md,coupling-envelope-grid[91]
D,numeric maximization,numeric coupling envelope,3290.7723840179506,0.003586785178193595,6306.911428286117,5.028014618685289e-08,research/r072i_report-source.md,coupling-envelope-grid[92]
D,analytic,analytic M^(-4/9) log^(-2/3),3290.7723840179506,0.003586785178193595,0.003586785178193595,6306.911428286117,research/r072i_report-source.md,coupling-envelope-grid[92]
D,analytic,section g=M,3290.7723840179506,0.0029265021994505517,3290.7723840179506,5.028014618685289e-08,research/r072i_report-source.md,coupling-envelope-grid[92]
D,analytic,section g=M^(3/2),3290.7723840179506,0.0005577860198942925,188775.99416828025,5.028014618685289e-08,research/r072i_report-source.md,coupling-envelope-grid[92]
D,numeric maximization,numeric coupling envelope,3539.8528748814574,0.0034516392260044884,6836.562775694714,4.27911919234991e-08,research/r072i_report-source.md,coupling-envelope-grid[93]
D,analytic,analytic M^(-4/9) log^(-2/3),3539.8528748814574,0.003451639226004488,0.003451639226004488,6836.562775694714,research/r072i_report-source.md,coupling-envelope-grid[93]
D,analytic,section g=M,3539.8528748814574,0.0028026108346173957,3539.8528748814574,4.27911919234991e-08,research/r072i_report-source.md,coupling-envelope-grid[93]
D,analytic,section g=M^(3/2),3539.8528748814574,0.0005265762057139183,210609.4325771489,4.27911919234991e-08,research/r072i_report-source.md,coupling-envelope-grid[93]
D,numeric maximization,numeric coupling envelope,3807.7864141144337,0.0033217619598739792,7410.989390733158,3.641477346478296e-08,research/r072i_report-source.md,coupling-envelope-grid[94]
D,analytic,analytic M^(-4/9) log^(-2/3),3807.7864141144337,0.003321761959873979,0.003321761959873979,7410.989390733158,research/r072i_report-source.md,coupling-envelope-grid[94]
D,analytic,section g=M,3807.7864141144337,0.0026838945303594482,3807.7864141144337,3.641477346478296e-08,research/r072i_report-source.md,coupling-envelope-grid[94]
D,analytic,section g=M^(3/2),3807.7864141144337,0.0004971514193166082,234968.08100996222,3.641477346478296e-08,research/r072i_report-source.md,coupling-envelope-grid[94]
D,numeric maximization,numeric coupling envelope,4096.0,0.0031969385909695336,8033.9954896880545,3.098609360575427e-08,research/r072i_report-source.md,coupling-envelope-grid[95]
D,analytic,analytic M^(-4/9) log^(-2/3),4096.0,0.003196938590969534,0.003196938590969534,8033.9954896880545,research/r072i_report-source.md,coupling-envelope-grid[95]
D,analytic,section g=M,4096.0,0.0025701373872710335,4096.0,3.098609360575427e-08,research/r072i_report-source.md,coupling-envelope-grid[95]
D,analytic,section g=M^(3/2),4096.0,0.00046940684569027585,262144.0,3.098609360575427e-08,research/r072i_report-source.md,coupling-envelope-grid[95]
