tier,caseId,projection,N,dimension,d,beta,mu,gap,c,alpha,spectralAbscissa,spectralImagAtEdge,numericalAbscissa,frobeniusNorm,henriciRelativeDeparture,eigenvectorCondition,sampledTransientGain,sampledPeakTime,sampledLog10TransientGain,transientGainCensored,timeGridCount,resolventSampleScale,resolventPeak,sampledKreissLowerBound,epsilonRelative,pseudoRightExcursion,pseudospectralAbscissaLowerSample,projectionRankRemoved,qStarCompressionLeakage,finiteDimensionalOnly
target,T01-lowest-gap-c4,unprojected,12,25,0.0,0.0,1e-06,1e-06,4.0,1.0,0.9085523639145142,1.111909544000914e-16,1581136.4976292532,3162276.4144641426,0.9999999939306666,2971775.302225974,1.7976931348623157e+308,8.0,5493130.848449749,True,24,3162276.3952597533,2716.3384427105952,0.0,0.01,316227.63952597533,316228.54807833926,0,3.6055522184547044,True
target,T01-lowest-gap-c4,qstar-Wxx,12,24,0.0,0.0,1e-06,1e-06,4.0,1.0,-1.2791659939622239e-06,-2.3816049435456365e-15,0.13882244425655677,348.50915846094887,0.027253278235355356,2.2796301657284004,1.1287380180288704,1.8,0.052593153149634475,False,24,144.0046750112832,771.018729414421,1.1097270190058166,0.01,0.6684104915204091,0.6684092123544151,1,1.2000000000011015,True
target,T01-lowest-gap-c4,span-sin1-sin2,12,23,0.0,0.0,1e-06,1e-06,4.0,1.0,-1.000000021996738e-06,-5.65080979275062e-16,-1.000000018107225e-06,348.4928237368424,0.026472472353325248,1.6858784227887313,1.0,0.0,0.0,False,24,144.00467501128335,694.42189980287,0.9999999305578104,0.01,0.6684104915204098,0.6684094915203878,2,1.6259597405810153e-06,True
target,T01-lowest-gap-c4,unprojected,18,37,0.0,0.0,1e-06,1e-06,4.0,1.0,0.9085523639145346,9.812940575260152e-17,1581136.497629253,3162276.531990164,0.9999999567686162,2971775.302894972,1.7976931348623157e+308,8.0,5493130.848449748,True,24,3162276.395259754,2716.338442746064,0.0,0.01,316227.6395259754,316228.5480783393,0,3.6055522184547044,True
target,T01-lowest-gap-c4,qstar-Wxx,18,36,0.0,0.0,1e-06,1e-06,4.0,1.0,-1.2791659434709198e-06,-4.746914563438969e-16,0.1388224442565359,929.9237483849383,0.013139132879867352,2.279630165734275,1.1287380180288993,1.8,0.052593153149645536,False,24,324.0020408441385,342.635966102191,1.1097092345782833,0.01,1.5038842548499043,1.503882975683961,1,1.2000000000011015,True
target,T01-lowest-gap-c4,span-sin1-sin2,18,35,0.0,0.0,1e-06,1e-06,4.0,1.0,-1.0000000392557656e-06,-8.123365154916572e-15,-1.0000000258969456e-06,929.917626714976,0.012912700276257003,1.6858784287676956,1.0,0.0,0.0,False,24,324.0020408441381,308.6400312191886,0.999999969135997,0.01,1.5038842548499023,1.503883254849863,2,1.6259597405810153e-06,True
target,T01-lowest-gap-c4,unprojected,24,49,0.0,0.0,1e-06,1e-06,4.0,1.0,0.9085523639144907,-1.2562508783360248e-16,1581136.4976292523,3162276.952791378,0.9999998237025417,2971775.3029072457,1.7976931348623157e+308,8.0,5493130.848449745,True,24,3162276.395259754,2716.338442362222,0.0,0.01,316227.6395259754,316228.5480783393,0,3.6055522184547044,True
target,T01-lowest-gap-c4,qstar-Wxx,24,48,0.0,0.0,1e-06,1e-06,4.0,1.0,-1.2791659635898302e-06,-2.556345190287954e-16,0.13882244425662493,1877.801363547086,0.007695731856096231,2.2796301657337508,1.128738018028888,1.8,0.05259315314964126,False,24,576.0011349992959,192.69589315200741,1.1096840416247498,0.01,2.6735604363610177,2.6735591571950543,1,1.2000000000011015,True
target,T01-lowest-gap-c4,span-sin1-sin2,24,47,0.0,0.0,1e-06,1e-06,4.0,1.0,-1.0000001298413025e-06,6.294330152201398e-16,-1.000000064256221e-06,1877.7983319846182,0.007601135210712129,1.685878428790055,1.0,0.0,0.0,False,24,576.0011349992955,173.61076901762772,0.9999999826389236,0.01,2.6735604363610155,2.6735594363608857,2,1.6259597405810153e-06,True
target,T01-lowest-gap-c4,unprojected,32,65,0.0,0.0,1e-06,1e-06,4.0,1.0,0.9085523639144324,-2.8898681570094643e-17,1581136.4976292558,3162278.6866984665,0.9999992753972342,2971775.3028093837,1.7976931348623157e+308,8.0,5493130.848449758,True,24,3162276.395259753,2716.3384427304254,0.0,0.01,316227.63952597533,316228.54807833926,0,3.6055522184547044,True
target,T01-lowest-gap-c4,qstar-Wxx,32,64,0.0,0.0,1e-06,1e-06,4.0,1.0,-1.2791657835398086e-06,-1.039257240685986e-14,0.1388224442564503,3806.8792753673474,0.004461683165085311,2.2796301657279012,1.1287380180288855,1.8,0.05259315314964032,False,24,1024.0006326228638,108.35411036582782,1.1094081727484673,0.01,4.752989901994704,4.75298862282892,1,1.2000000000011015,True
target,T01-lowest-gap-c4,span-sin1-sin2,32,63,0.0,0.0,1e-06,1e-06,4.0,1.0,-1.0000001267902718e-06,-3.3315515821873176e-15,-9.999995857065068e-07,3806.8777800037583,0.004422047974482778,1.6858784287015212,1.0,0.0,0.0,False,24,1024.0006326228622,97.65618966962883,0.9999999902343815,0.01,4.752989901994697,4.75298890199457,2,1.6259597405810153e-06,True
target,T01-lowest-gap-c4,unprojected,40,81,0.0,0.0,1e-06,1e-06,4.0,1.0,0.9085523639145372,7.192155040763772e-17,1581136.4976292527,3162283.2831451576,0.999997821880793,2971775.3028507703,1.7976931348623157e+308,8.0,5493130.848449747,True,24,3162276.3952597524,2716.338442714175,0.0,0.01,316227.6395259753,316228.5480783392,0,3.6055522184547044,True
target,T01-lowest-gap-c4,qstar-Wxx,40,80,0.0,0.0,1e-06,1e-06,4.0,1.0,-1.2791658956086944e-06,-1.970178595090395e-14,0.13882244425729584,6600.215281227868,0.0029076159990649507,2.279630165732827,1.1287380180288566,1.8,0.052593153149629146,False,24,1600.000402697525,69.31605232363944,1.1089684495821075,0.01,7.426544002936779,7.426542723770883,1,1.2000000000011015,True
target,T01-lowest-gap-c4,span-sin1-sin2,40,79,0.0,0.0,1e-06,1e-06,4.0,1.0,-9.999996223888134e-07,3.3072988431576143e-15,-1.0000003878281274e-06,6600.21441873056,0.0028874018974407514,1.6858784288439852,1.0,0.0,0.0,False,24,1600.0004026975264,62.49998426815678,0.9999999937500016,0.01,7.426544002936786,7.426543002937163,2,1.6259597405810153e-06,True
target,T02-near-bloch-c128,unprojected,12,25,0.0,0.0001,1e-06,1.0099999999999999e-06,128.0,0.5,60.62117815276214,-60.06705305729677,50095465.74487583,100190934.89540231,0.999999999992602,2195250.4747910784,1.7976931348623157e+308,2.0,43512068.6827459,True,24,100190934.89452983,88.6508089074069,0.0,0.01,10019093.489452984,10019154.110631136,0,3.609022550529998,True
target,T02-near-bloch-c128,qstar-Wxx,12,24,0.0,0.0001,1e-06,1.0099999999999999e-06,128.0,0.5,10.441620721509892,47.83331630945963,28.851197878085433,419.2257338897841,0.5328123430824586,3146.9534380431573,1838686678.3925784,2.0,9.26450772954349,False,24,149.55955433914494,1013.6230316858142,0.0,0.01,1.931635923064978,12.37325664457487,1,1.19681824872924,True
target,T02-near-bloch-c128,span-sin1-sin2,12,23,0.0,0.0001,1e-06,1.0099999999999999e-06,128.0,0.5,2.218808893985905,-4.600378913543255e-14,23.862878515970348,408.3019450444487,0.5418312486492263,1546.6226860270367,260.3006848259332,2.0,2.4154753106975284,False,24,149.55955341011466,2057.7479783540425,0.0,0.01,1.9316359110660906,4.150444805051995,2,0.006607802253773671,True
target,T02-near-bloch-c128,unprojected,18,37,0.0,0.0001,1e-06,1.0099999999999999e-06,128.0,0.5,60.62117814911682,60.06705306130175,50095465.74487584,100190934.89926253,0.9999999999575768,2287296.93676485,1.7976931348623157e+308,2.0,43512068.682745904,True,24,100190934.89452983,88.65080890801559,0.0,0.01,10019093.489452984,10019154.110631132,0,3.609022550529998,True
target,T02-near-bloch-c128,qstar-Wxx,18,36,0.0,0.0001,1e-06,1.0099999999999999e-06,128.0,0.5,10.441613985095145,-47.83332081610791,28.851197878085536,974.3036424735284,0.3558440580918781,8638.334434740007,1838663024.265041,2.0,9.26450214244523,False,24,326.18162962445285,464.7534580345802,0.0,0.01,4.212797744754706,14.654411729849851,1,1.19681824872924,True
target,T02-near-bloch-c128,span-sin1-sin2,18,35,0.0,0.0001,1e-06,1.0099999999999999e-06,128.0,0.5,2.218806433954508,-1.222245309710791e-15,23.862878515970245,969.6534690851349,0.3559412535904952,5359.995478864096,260.29926834290103,2.0,2.4154729473828147,False,24,326.1816296244529,943.4176415459549,0.0,0.01,4.212797744754707,6.431604178709215,2,0.006607802253773671,True
target,T02-near-bloch-c128,unprojected,24,49,0.0,0.0001,1e-06,1.0099999999999999e-06,128.0,0.5,60.621178149116446,60.067053061302595,50095465.74487586,100190934.91269606,0.9999999998266755,2287297.7321851356,1.7976931348623157e+308,2.0,43512068.68274592,True,24,100190934.8945298,88.65080890801578,0.0,0.01,10019093.48945298,10019154.110631129,0,3.609022550529998,True
target,T02-near-bloch-c128,qstar-Wxx,24,48,0.0,0.0001,1e-06,1.0099999999999999e-06,128.0,0.5,10.44161398509634,-47.83332081610767,28.851197878085546,1908.16773146321,0.22480220210941015,8638.306474360406,1838663024.269274,2.0,9.26450214244623,False,24,577.1862002855993,262.6356010043456,0.0,0.01,7.454646436300788,17.89626042139713,1,1.19681824872924,True
target,T02-near-bloch-c128,span-sin1-sin2,24,47,0.0,0.0001,1e-06,1.0099999999999999e-06,128.0,0.5,2.2188064339540317,-7.26936523470567e-15,23.862878515970642,1905.7975636906203,0.2244205063562353,5360.472007008685,260.2992683427438,2.0,2.4154729473825527,False,24,577.1862002855993,533.0733707126428,0.0,0.01,7.454646436300788,9.67345287025482,2,0.006607802253773671,True
target,T02-near-bloch-c128,unprojected,32,65,0.0,0.0001,1e-06,1.0099999999999999e-06,128.0,0.5,60.621178149117746,60.06705306130271,50095465.74487588,100190934.96762587,0.9999999992824873,2287297.732230925,1.7976931348623157e+308,2.0,43512068.68274593,True,24,100190934.89452982,88.65080890801529,0.0,0.01,10019093.489452982,10019154.11063113,0,3.609022550529998,True
target,T02-near-bloch-c128,qstar-Wxx,32,64,0.0,0.0001,1e-06,1.0099999999999999e-06,128.0,0.5,10.441613985096776,-47.83332081610776,28.85119787808557,3827.276076192657,0.13465023072971072,8638.306579544907,1838663024.2692478,2.0,9.264502142446222,False,24,1024.657826718411,147.93407727562717,0.0,0.01,13.233964728530413,23.67557871362719,1,1.19681824872924,True
target,T02-near-bloch-c128,span-sin1-sin2,32,63,0.0,0.0001,1e-06,1.0099999999999999e-06,128.0,0.5,2.218806433953884,-1.0674887072227692e-14,23.862878515970387,3826.094931620007,0.13441775062577377,5360.493101197278,260.2992683428825,2.0,2.415472947382784,False,24,1024.6578267184102,300.2037649824993,0.0,0.01,13.233964728530404,15.45277116248429,2,0.006607802253773671,True
target,T02-near-bloch-c128,unprojected,40,81,0.0,0.0001,1e-06,1.0099999999999999e-06,128.0,0.5,60.62117814911688,-60.06705306130261,50095465.74487585,100190935.11290513,0.9999999978365336,2287297.732244801,1.7976931348623157e+308,2.0,43512068.68274591,True,24,100190934.89452985,88.65080890801565,0.0,0.01,10019093.489452986,10019154.110631134,0,3.609022550529998,True
target,T02-near-bloch-c128,qstar-Wxx,40,80,0.0,0.0001,1e-06,1.0099999999999999e-06,128.0,0.5,10.441613985096945,47.83332081610795,28.851197878085593,6615.08656819365,0.0890863928000586,8638.306575410596,1838663024.269261,2.0,9.264502142446226,False,24,1600.4208347771357,94.70742299928924,0.0,0.01,20.670229930392487,31.11184391548943,1,1.19681824872924,True
target,T02-near-bloch-c128,span-sin1-sin2,40,79,0.0,0.0001,1e-06,1.0099999999999999e-06,128.0,0.5,2.218806433954197,1.3825333391388706e-15,23.86287851596985,6614.4032661357805,0.08895700424972844,5360.49314548809,260.2992683425219,2.0,2.4154729473821823,False,24,1600.4208347771323,192.1418621315154,0.0,0.01,20.67022993039244,22.889036364346637,2,0.006607802253773671,True
target,T03-near-bloch-c4096,unprojected,12,25,0.0,0.001,0.0001,0.000101,4096.0,0.24999999999999997,1581.4268175528014,-3.859403752159598e-12,16029906.016168896,32059817.744613625,0.999999973407535,57596.89436733164,1.7976931348623157e+308,0.4999999999999999,3480549.864124944,True,24,32059816.88957734,28.663101217088794,0.0,0.01,3205981.688957734,3207563.1157752867,0,5.373465056506087,True
target,T03-near-bloch-c4096,qstar-Wxx,12,24,0.0,0.001,0.0001,0.000101,4096.0,0.24999999999999997,425.22681600780584,-1535.0938714025383,1038.9138832290043,7467.815590859152,0.33194408079308607,6.521545964789244,4.2236141579618454e+92,0.4999999999999999,92.62568423700637,False,24,2628.5183117912343,70.90524674070534,0.0,0.01,33.94861945079454,459.17543545860036,1,2.124190574273065,True
target,T03-near-bloch-c4096,span-sin1-sin2,12,23,0.0,0.001,0.0001,0.000101,4096.0,0.24999999999999997,29.274863586528156,-2.532825988864141e-11,913.1593622504546,6820.245516757992,0.27876456746231965,22.415645255372088,19461480.814752806,0.4999999999999999,7.2891758824486885,False,24,2405.758776069521,355.55189511250455,0.0,0.01,86.45848761256538,115.73335119909353,2,2.116867374183885,True
target,T03-near-bloch-c4096,unprojected,18,37,0.0,0.001,0.0001,0.000101,4096.0,0.24999999999999997,1581.4268360217977,-3.0047603052702476e-12,16029906.01616891,32059818.23926044,0.9999999582139115,62363.06889338587,1.7976931348623157e+308,0.4999999999999999,3480549.8641249468,True,24,32059816.88957733,28.66310001117328,0.0,0.01,3205981.688957733,3207563.115793755,0,5.373465056506087,True
target,T03-near-bloch-c4096,qstar-Wxx,18,36,0.0,0.001,0.0001,0.000101,4096.0,0.24999999999999997,426.9944663120027,-1543.4449678464778,1038.9138832290034,9353.33326087479,0.2752139561351257,169.14725444758975,9.840084027626774e+92,0.4999999999999999,92.99299880702674,False,24,2632.907793148209,69.30269835505695,0.0,0.01,34.00531178255643,460.99977809455913,1,2.124190574273065,True
target,T03-near-bloch-c4096,span-sin1-sin2,18,35,0.0,0.001,0.0001,0.000101,4096.0,0.24999999999999997,29.661582445388557,3.408911755087569e-12,913.1593622504546,8844.903747286631,0.23085291578770148,170.0065947579345,22973216.64820149,0.4999999999999999,7.361221808201529,False,24,2527.9080864712187,329.1946542374633,0.0,0.01,90.84830622002471,120.50988866541327,2,2.116867374183885,True
target,T03-near-bloch-c4096,unprojected,24,49,0.0,0.001,0.0001,0.000101,4096.0,0.24999999999999997,1581.4268360300534,-5.229594535194337e-12,16029906.016168892,32059818.76764021,0.9999999426468856,61867.65461678141,1.7976931348623157e+308,0.4999999999999999,3480549.864124943,True,24,32059816.889577337,28.6631000105958,0.0,0.01,3205981.688957734,3207563.115793764,0,5.373465056506087,True
target,T03-near-bloch-c4096,qstar-Wxx,24,48,0.0,0.001,0.0001,0.000101,4096.0,0.24999999999999997,426.60381493889423,1543.2839926218494,1038.9138832290012,11016.549471978951,0.2647332359658916,412.51861784194745,8.146149258067779e+92,0.4999999999999999,92.91095236319674,False,24,2635.3965692165825,69.58803613876917,0.0,0.01,34.037455561530486,460.6412705004247,1,2.124190574273065,True
target,T03-near-bloch-c4096,span-sin1-sin2,24,47,0.0,0.001,0.0001,0.000101,4096.0,0.24999999999999997,29.667998754312695,-4.1485393502949706e-13,913.1593622504546,10588.287938960586,0.2337282636579406,413.56883839591495,23113034.967114516,0.4999999999999999,7.363856976328486,False,24,2592.522068692351,321.90815726344397,0.0,0.01,93.17041234181605,122.83841109612874,2,2.116867374183885,True
target,T03-near-bloch-c4096,unprojected,32,65,0.0,0.001,0.0001,0.000101,4096.0,0.24999999999999997,1581.4268360300566,-9.094947017729282e-13,16029906.016168902,32059819.59002577,0.9999999203103805,49603.91616962423,1.7976931348623157e+308,0.4999999999999999,3480549.8641249454,True,24,32059816.889577318,28.66310001059567,0.0,0.01,3205981.688957732,3207563.1157937623,0,5.373465056506087,True
target,T03-near-bloch-c4096,qstar-Wxx,32,64,0.0,0.001,0.0001,0.000101,4096.0,0.24999999999999997,426.6120977328682,-1543.280263787512,1038.913883229003,13194.522618199517,0.2966642332790649,30671.47155210268,8.179163102644287e+92,0.4999999999999999,92.91270886864716,False,24,2667.5551466169863,68.74008996452002,0.0,0.01,34.45279956021895,461.06489729308714,1,2.124190574273065,True
target,T03-near-bloch-c4096,span-sin1-sin2,32,63,0.0,0.001,0.0001,0.000101,4096.0,0.24999999999999997,29.66488415894716,4.1597944798564466e-13,913.1593622504547,12839.1162597726,0.2836990206234574,33586.64317715414,23074761.739857614,0.4999999999999999,7.363137225381619,False,24,2667.152604936382,312.8678280702788,0.0,0.01,95.8524947507247,125.51737890967186,2,2.116867374183885,True
target,T03-near-bloch-c4096,unprojected,40,81,0.0,0.001,0.0001,0.000101,4096.0,0.24999999999999997,1581.4268360300532,-2.0463630789890885e-12,16029906.016168896,32059820.695882253,0.9999998936636699,9511565.307173764,1.7976931348623157e+308,0.4999999999999999,3480549.864124944,True,24,32059816.88957732,28.663100010595702,0.0,0.01,3205981.688957732,3207563.1157937623,0,5.373465056506087,True
target,T03-near-bloch-c4096,qstar-Wxx,40,80,0.0,0.001,0.0001,0.000101,4096.0,0.24999999999999997,426.6121002388593,1543.2802531907446,1038.9138832290034,15652.557206008967,0.35835304360240106,9679574.301501427,8.179173849430774e+92,0.4999999999999999,92.91270943927607,False,24,2826.7850674357483,64.8679347953436,0.0,0.01,36.50933306915714,463.12143330801644,1,2.124190574273065,True
target,T03-near-bloch-c4096,span-sin1-sin2,40,79,0.0,0.001,0.0001,0.000101,4096.0,0.24999999999999997,29.664876785439674,1.5298095114562865e-13,913.1593622504536,15354.153389137471,0.3558172724107142,9523028.130348092,23074671.775389787,0.4999999999999999,7.363135532139949,False,24,2826.785067227886,295.1964039096496,0.0,0.01,101.58938799242455,131.25426477786422,2,2.116867374183885,True
target,T04-strong-c131072,unprojected,12,25,0.0,0.01,0.01,0.0101,131072.0,0.12499999999999999,50793.14463129741,4.176541345158255e-11,5109001.06348878,10220963.858177943,0.9997322320128994,311.8020073856205,1.7976931348623157e+308,0.125,277051.37123887776,True,24,10218233.03905811,0.9673358196462496,0.0,0.01,367224.255157069,418017.3997883664,0,1019.8928617780788,True
target,T04-strong-c131072,qstar-Wxx,12,24,0.0,0.01,0.01,0.0101,131072.0,0.12499999999999999,13484.87653278134,48669.638292519296,33538.09870682274,238276.01939612773,0.32782383223225625,6.805232776304371,1.7976931348623157e+308,0.125,1520.6764002374628,True,24,83694.6149515231,2.2910217241360002,0.0,0.01,1080.9575190418925,14565.834051823233,1,897.2688119297167,True
target,T04-strong-c131072,span-sin1-sin2,12,23,0.0,0.01,0.01,0.0101,131072.0,0.12499999999999999,4034.603229273497,3.1207465892965216e-12,29639.117260957144,217841.00672814262,0.27242034814864163,12.045125827674427,1.7976931348623157e+308,0.125,1309.0131343646387,True,24,76892.96480044992,6.016974923703608,0.0,0.01,2763.3898755030505,6797.993104776548,2,838.5983988920909,True
target,T04-strong-c131072,unprojected,18,37,0.0,0.01,0.01,0.0101,131072.0,0.12499999999999999,50793.146266303585,1.8336598026025175e-11,5109001.063488783,10222515.327457428,0.9995803823119179,317.4012677184669,1.7976931348623157e+308,0.125,277051.37123887794,True,24,10218233.039058106,0.9673356062207253,0.0,0.01,367224.2551570689,418017.4014233725,0,1019.8928617780788,True
target,T04-strong-c131072,qstar-Wxx,18,36,0.0,0.01,0.01,0.0101,131072.0,0.12499999999999999,13592.853398101584,49165.743672053766,33538.09870682273,297477.54762601433,0.2621943749276659,5.266465908737595,1.7976931348623157e+308,0.125,1520.6764002374623,True,24,83860.56055663819,2.1973312555516777,0.0,0.01,1083.1007889488633,14675.954187050447,1,897.2688119297167,True
target,T04-strong-c131072,span-sin1-sin2,18,35,0.0,0.01,0.01,0.0101,131072.0,0.12499999999999999,4000.413609277482,-3.3563556625705373e-12,29639.1172609571,281375.43271340244,0.21100586255423434,11.575177671266472,1.7976931348623157e+308,0.125,1309.0131343646365,True,24,80740.30665685864,5.3365759233709875,0.0,0.01,1042.8011601586468,5043.214769436128,2,838.5983988920909,True
target,T04-strong-c131072,unprojected,24,49,0.0,0.01,0.01,0.0101,131072.0,0.12499999999999999,50793.14626812863,-1.042615889110117e-12,5109001.063488781,10224078.916528903,0.9994276101445627,322.9200873077906,1.7976931348623157e+308,0.125,277051.3712388778,True,24,10218233.03905811,0.9673356059499255,0.0,0.01,367224.255157069,418017.40142519766,0,1019.8928617780788,True
target,T04-strong-c131072,qstar-Wxx,24,48,0.0,0.01,0.01,0.0101,131072.0,0.12499999999999999,13520.589264991791,49146.9196191893,33538.098706822755,347077.7472704836,0.2251122901123025,5.78743660440613,1.7976931348623157e+308,0.125,1520.6764002374634,True,24,83944.89377139825,2.264709335074284,0.0,0.01,1084.1899943015933,14604.779259293384,1,897.2688119297167,True
target,T04-strong-c131072,span-sin1-sin2,24,47,0.0,0.01,0.01,0.0101,131072.0,0.12499999999999999,3991.1050259968174,1.7579971368205332e-14,29639.117260957115,333379.97156910994,0.17816396309153543,11.89339803491168,1.7976931348623157e+308,0.125,1309.0131343646372,True,24,82501.72794425914,5.320691383900754,0.0,0.01,1065.5507908955688,5056.655816892386,2,838.5983988920909,True
target,T04-strong-c131072,unprojected,32,65,0.0,0.01,0.01,0.0101,131072.0,0.12499999999999999,50793.14626812991,-1.0010621951883569e-10,5109001.063488783,10226170.736313486,0.9992232113815719,325.7253490179156,1.7976931348623157e+308,0.125,277051.37123887794,True,24,10218233.039058115,0.9673356059491592,0.0,0.01,367224.2551570692,418017.4014251991,0,1019.8928617780788,True
target,T04-strong-c131072,qstar-Wxx,32,64,0.0,0.01,0.01,0.0101,131072.0,0.12499999999999999,13529.413620568883,-49141.861363831566,33538.09870682275,404031.18626394443,0.19350648436075962,11.439573522643686,1.7976931348623157e+308,0.125,1520.676400237463,True,24,84058.19055433299,2.2510290362538754,0.0,0.01,1085.6532785220595,14615.066899090942,1,897.2688119297167,True
target,T04-strong-c131072,span-sin1-sin2,32,63,0.0,0.01,0.01,0.0101,131072.0,0.12499999999999999,3993.731988422381,6.95571017955581e-12,29639.117260957122,392326.95837390143,0.15157789346145276,13.529672575350805,1.7976931348623157e+308,0.125,1309.0131343646376,True,24,83596.7050147097,5.229542237451665,0.0,0.01,1079.692963580963,5073.4249520033445,2,838.5983988920909,True
target,T04-strong-c131072,unprojected,40,81,0.0,0.01,0.01,0.0101,131072.0,0.12499999999999999,50793.14626813002,-5.4378673064635515e-12,5109001.063488781,10228266.604024088,0.999018576951335,327.332878049698,1.7976931348623157e+308,0.125,277051.3712388778,True,24,10218233.03905811,0.9673356059477788,0.0,0.01,367224.255157069,418017.401425199,0,1019.8928617780788,True
target,T04-strong-c131072,qstar-Wxx,40,80,0.0,0.01,0.01,0.0101,131072.0,0.12499999999999999,13529.243302496576,49141.13496072634,33538.09870682274,453994.4870083893,0.17255561428828317,109.3854875699206,1.7976931348623157e+308,0.125,1520.6764002374628,True,24,84247.79880767399,2.2462901234318173,0.0,0.01,1088.1021632829256,14617.345465779501,1,897.2688119297167,True
target,T04-strong-c131072,span-sin1-sin2,40,79,0.0,0.01,0.01,0.0101,131072.0,0.12499999999999999,3993.651094734523,8.448541794101619e-13,29639.11726095711,443610.45639961807,0.13448648011801398,111.98940085937859,1.7976931348623157e+308,0.125,1309.0131343646372,True,24,84132.29233465387,5.196687764880607,0.0,0.01,1086.610339817564,5080.261434552087,2,838.5983988920909,True
target,T05-post-collision,unprojected,12,25,0.25,0.0,0.0001,0.0001,4096.0,0.24999999999999997,1157.9343869789402,-2.54968557748517e-13,7757173.715872782,15514350.590232806,0.9999999429628272,15916.803125269278,1.7976931348623157e+308,0.4999999999999999,1684148.8699842459,True,24,15514349.760327913,40.42693329336813,0.0,0.01,1551434.9760327914,1552592.9104197703,0,2.8446752284953027,True
target,T05-post-collision,qstar-Wxx,12,24,0.25,0.0,0.0001,0.0001,4096.0,0.24999999999999997,54.30435559357433,771.6934585146291,490.96377551876185,5107.669880102294,0.2246561146712326,5.11048117083908,1516714075668.2146,0.4999999999999999,12.180903717198529,False,24,1610.6702254807656,147.24720091921662,0.0,0.01,20.802605901691283,75.10696149526561,1,1.5034542268648932,True
target,T05-post-collision,span-sin1-sin2,12,23,0.25,0.0,0.0001,0.0001,4096.0,0.24999999999999997,-9.999999992828612e-05,3.361773478953541e-14,336.0815586871845,4885.739397953649,0.15514773054446118,3.801225176815485,2.05460043665674,0.0053860867250797,0.3127273760771563,False,24,1605.58378896864,62.282641794970836,1.5257503310538338,0.01,20.73691204795773,20.7368120479578,2,0.1327837217661676,True
target,T05-post-collision,unprojected,18,37,0.25,0.0,0.0001,0.0001,4096.0,0.24999999999999997,1157.9343869794884,4.0832615066932476e-13,7757173.715872781,15514351.127905238,0.9999999095997465,17770.250733675923,1.7976931348623157e+308,0.4999999999999999,1684148.8699842456,True,24,15514349.760327907,40.42693329380106,0.0,0.01,1551434.9760327907,1552592.9104197703,0,2.8446752284953027,True
target,T05-post-collision,qstar-Wxx,18,36,0.25,0.0,0.0001,0.0001,4096.0,0.24999999999999997,-0.00012886527575631764,5.102483539948199e-14,490.9637755187622,6539.997639842934,0.2129384738462979,21.307998798257614,8.84748540019922,0.0518945407778107,0.9468198546530792,False,24,1681.9360061303194,85.30314204039121,7.294146257674889,0.01,60.44564600476122,60.44551713948547,1,1.5034542268648932,True
target,T05-post-collision,span-sin1-sin2,18,35,0.25,0.0,0.0001,0.0001,4096.0,0.24999999999999997,-0.00010000000015616373,1.7058537132315274e-14,336.08155868718484,6368.180822634003,0.16792931315644896,7.405462798936029,2.0543067753157525,0.0053860867250797,0.31266529850101404,False,24,1681.3331152472888,59.4766135839113,1.5488759409738158,0.01,21.71525221776065,21.715152217760494,2,0.1327837217661676,True
target,T05-post-collision,unprojected,24,49,0.25,0.0,0.0001,0.0001,4096.0,0.24999999999999997,1157.93438697949,9.865387586710517e-13,7757173.715872782,15514351.730231183,0.999999874772627,22245.366444208856,1.7976931348623157e+308,0.4999999999999999,1684148.8699842459,True,24,15514349.760327913,40.426933293799415,0.0,0.01,1551434.9760327914,1552592.910419771,0,2.8446752284953027,True
target,T05-post-collision,qstar-Wxx,24,48,0.25,0.0,0.0001,0.0001,4096.0,0.24999999999999997,15.369015358121525,-826.8450066474556,490.9637755187615,7839.704194894912,0.2507108317980096,42.67361363545482,12293.011883611494,0.4999999999999999,4.089658301452685,False,24,1726.6129619515034,320.16710906479375,0.0,0.01,62.051252547634896,77.42026790575642,1,1.5034542268648932,True
target,T05-post-collision,span-sin1-sin2,24,47,0.25,0.0,0.0001,0.0001,4096.0,0.24999999999999997,-0.00010000000010847016,-1.1769326290489703e-14,336.0815586871846,7696.955224247131,0.22734882327201666,40.989432808553126,2.0543066731909296,0.0053860867250797,0.31266527691112855,False,24,1726.5898136826274,57.9176357976883,1.5504356742737495,0.01,22.299764954799063,22.299664954798953,2,0.1327837217661676,True
target,T05-post-collision,unprojected,32,65,0.25,0.0,0.0001,0.0001,4096.0,0.24999999999999997,1157.9343869794864,-4.547473508864641e-13,7757173.715872788,15514352.774036933,0.9999998224284522,29184.766528801967,1.7976931348623157e+308,0.4999999999999999,1684148.869984247,True,24,15514349.760327915,40.42693329380061,0.0,0.01,1551434.9760327917,1552592.9104197712,0,2.8446752284953027,True
target,T05-post-collision,qstar-Wxx,32,64,0.25,0.0,0.0001,0.0001,4096.0,0.24999999999999997,15.597679398828921,826.6598562311474,490.9637755187628,9687.564298876616,0.3431853084764007,10982.354749990189,13660.2173362889,0.4999999999999999,4.13545760909662,False,24,1839.4774720838227,297.73888311187704,0.0,0.01,66.10739273435634,81.70507213318525,1,1.5034542268648932,True
target,T05-post-collision,span-sin1-sin2,32,63,0.25,0.0,0.0001,0.0001,4096.0,0.24999999999999997,-9.999999987746002e-05,-1.1179696491976491e-14,336.0815586871845,9572.411394496225,0.3345683044105703,11344.351710379484,2.0543066731889623,0.0053860867250797,0.31266527691071266,False,24,1839.4774674307475,54.36326444372428,1.5506233276814032,0.01,23.757765068626068,23.75766506862619,2,0.1327837217661676,True
target,T05-post-collision,unprojected,40,81,0.25,0.0,0.0001,0.0001,4096.0,0.24999999999999997,1157.9343869794925,-6.884820637938901e-13,7757173.715872785,15514354.402156306,0.9999997522515736,181132099.13505828,1.7976931348623157e+308,0.4999999999999999,1684148.8699842463,True,24,15514349.760327905,40.426933293798825,0.0,0.01,1551434.9760327907,1552592.9104197703,0,2.8446752284953027,True
target,T05-post-collision,qstar-Wxx,40,80,0.25,0.0,0.0001,0.0001,4096.0,0.24999999999999997,15.597650565818649,826.6599112761028,490.9637755187596,12015.29614111326,0.43873614344991235,180853589.30210516,13660.039013636902,0.4999999999999999,4.135451939710303,False,24,2124.3588296053963,257.80677515056385,0.0,0.01,76.34549788659876,91.94314845241742,1,1.5034542268648932,True
target,T05-post-collision,span-sin1-sin2,40,79,0.25,0.0,0.0001,0.0001,4096.0,0.24999999999999997,-9.999999989153981e-05,2.3850861102121992e-14,336.08155868718706,11922.646485544372,0.435873532057734,215849820.18214366,2.0543066731889588,0.0053860867250797,0.3126652769107119,False,24,2124.358829605395,47.073026744022314,1.5502573853290487,0.01,27.437149347482563,27.43704934748267,2,0.1327837217661676,True
target,T06-late-weak-bloch,unprojected,12,25,1.0,0.01,0.0001,0.0002,128.0,0.5,8.698286442539473,-17.26694899521713,41817.7921678888,83637.4178139125,0.9999914936015246,5774.860925438563,1.7976931348623157e+308,2.0,36022.47276778226,True,24,83636.66103376931,1527.8510779003345,0.0,0.01,8363.666103376932,8372.364389819471,0,1.1960115374563653,True
target,T06-late-weak-bloch,qstar-Wxx,12,24,1.0,0.01,0.0001,0.0002,128.0,0.5,0.26028068499994617,-2.2499524720000796e-16,2.333549894254126,355.79622457975694,0.2696232147889882,138.65549873437502,1.890888584860289,2.0,0.27666594005292944,False,24,144.75977411746726,778.0204066737397,0.0,0.01,0.6719153510999439,0.9321960360998901,1,0.5279493300469281,True
target,T06-late-weak-bloch,span-sin1-sin2,12,23,1.0,0.01,0.0001,0.0002,128.0,0.5,-0.00020000000000787714,1.3624221546696108e-15,0.028244803676631302,355.39745625582333,0.2633487251625664,200.37444731553174,1.0427741901179977,2.0,0.018190273332453464,False,24,144.7597741174674,730.3378903405699,1.0472562588404515,0.01,0.6719153510999446,0.6717153510999367,2,0.03329481438717029,True
target,T06-late-weak-bloch,unprojected,18,37,1.0,0.01,0.0001,0.0002,128.0,0.5,8.698286442539297,17.266948995216108,41817.79216788879,83641.88082591521,0.999938606802142,5774.86078084758,1.7976931348623157e+308,2.0,36022.472767782245,True,24,83636.66103376931,1527.8510779158987,0.0,0.01,8363.666103376932,8372.364389819471,0,1.1960115374563653,True
target,T06-late-weak-bloch,qstar-Wxx,18,36,1.0,0.01,0.0001,0.0002,128.0,0.5,0.26028068500000345,4.332590892624859e-15,2.3335498942540087,934.4305597834541,0.13450602938586098,138.65441700542746,1.8908885848602939,2.0,0.2766659400529306,False,24,324.5853493517345,346.9490982921375,0.0,0.01,1.5065917331053134,1.7668724181053168,1,0.5279493300469281,True
target,T06-late-weak-bloch,span-sin1-sin2,18,35,1.0,0.01,0.0001,0.0002,128.0,0.5,-0.00020000000022293068,-2.8908936787094386e-15,0.028244803676754235,934.2787964762554,0.1326281550463646,200.37322540774213,1.0427741901179957,2.0,0.018190273332452607,False,24,324.58534935173435,325.65554505168143,1.047313103572616,0.01,1.5065917331053125,1.5063917331050896,2,0.03329481438717029,True
target,T06-late-weak-bloch,unprojected,24,49,1.0,0.01,0.0001,0.0002,128.0,0.5,8.698286442539365,17.266948995216957,41817.792167888794,83657.80833362164,0.9997487031586331,5774.860780848035,1.7976931348623157e+308,2.0,36022.47276778225,True,24,83636.6610337693,1527.8510779061785,0.0,0.01,8363.66610337693,8372.36438981947,0,1.1960115374563653,True
target,T06-late-weak-bloch,qstar-Wxx,24,48,1.0,0.01,0.0001,0.0002,128.0,0.5,0.26028068500001433,-6.83749316103187e-15,2.3335498942542454,1880.9113640546532,0.07961085005625582,138.6544169913436,1.8908885848603612,2.0,0.27666594005294604,False,24,576.6052905641246,195.2785273378089,0.0,0.01,2.6763646780844916,2.936645363084506,1,0.5279493300469281,True
target,T06-late-weak-bloch,span-sin1-sin2,24,47,1.0,0.01,0.0001,0.0002,128.0,0.5,-0.00019999999981640935,-2.844879077381141e-15,0.028244803676555894,1880.8359731560422,0.07882363918265073,200.37322520640222,1.0427741901179897,2.0,0.018190273332450147,False,24,576.6052905641241,183.27006352829932,1.0479562395588486,0.01,2.676364678084489,2.6761646780846724,2,0.03329481438717029,True
target,T06-late-weak-bloch,unprojected,32,65,1.0,0.01,0.0001,0.0002,128.0,0.5,8.698286442539823,-17.26694899521615,41817.792167888765,83723.35088543293,0.9989666852011836,5774.860780847313,1.7976931348623157e+308,2.0,36022.47276778222,True,24,83636.66103376931,1527.8510778841319,0.0,0.01,8363.666103376932,8372.364389819471,0,1.1960115374563653,True
target,T06-late-weak-bloch,qstar-Wxx,32,64,1.0,0.01,0.0001,0.0002,128.0,0.5,0.2602806849998685,-2.4147198114480942e-14,2.333549894254134,3808.9914491607233,0.04642820524198109,138.6544169908189,1.8908885848603358,2.0,0.27666594005294026,False,24,1024.7099114803018,109.85601479825313,0.0,0.01,4.756282082819307,5.016562767819175,1,0.5279493300469281,True
target,T06-late-weak-bloch,span-sin1-sin2,32,63,1.0,0.01,0.0001,0.0002,128.0,0.5,-0.00019999999996006245,-2.937035058596705e-15,0.028244803676416907,3808.954221077933,0.04609864917410186,200.37322520345379,1.0427741901179808,2.0,0.01819027333244646,False,24,1024.7099114803002,103.07740727480943,1.0468953555178275,0.01,4.756282082819299,4.756082082819338,2,0.03329481438717029,True
target,T06-late-weak-bloch,unprojected,40,81,1.0,0.01,0.0001,0.0002,128.0,0.5,8.69828644253926,17.266948995216577,41817.792167888794,83896.80806248324,0.9969019467145199,5774.860780847127,1.7976931348623157e+308,2.0,36022.47276778225,True,24,83636.6610337693,1527.8510778823365,0.0,0.01,8363.66610337693,8372.36438981947,0,1.1960115374563653,True
target,T06-late-weak-bloch,qstar-Wxx,40,80,1.0,0.01,0.0001,0.0002,128.0,0.5,0.26028068500012747,1.923014761273763e-15,2.333549894254247,6601.767600242235,0.03034598171564702,138.65441699101777,1.8908885848604065,2.0,0.27666594005295647,False,24,1600.844564226521,70.29726053762505,0.0,0.01,7.430462253663532,7.69074293866366,1,0.5279493300469281,True
target,T06-late-weak-bloch,span-sin1-sin2,40,79,1.0,0.01,0.0001,0.0002,128.0,0.5,-0.0002000000003781808,-1.1469262256582476e-14,0.028244803676551095,6601.746120996778,0.030178137601595965,200.3732252042272,1.0427741901179943,2.0,0.01819027333245205,False,24,1600.8445642265185,65.9410340868866,1.0479553510727595,0.01,7.430462253663521,7.430262253663143,2,0.03329481438717029,True
target,T07-off-axis,unprojected,12,25,0.05,0.25,0.0001,0.0626,4096.0,0.24999999999999997,34.12770580913882,2436.545996680161,21042.1021735606,43266.810293576054,0.9852648641225867,179.0859171650218,1.7976931348623157e+308,0.4999999999999999,4269.234430810894,True,24,42645.26386776957,57.05458300082655,0.0,0.01,1532.59131984544,1566.719025654579,0,813.5212594821302,True
target,T07-off-axis,qstar-Wxx,12,24,0.05,0.25,0.0001,0.0626,4096.0,0.24999999999999997,504.69838387049845,1.8755011180611363e-14,1915.339688203273,7326.834859266713,0.45584591590397977,5.954936811236827,8.141956513910299e+115,0.4999999999999999,115.91072877848808,False,24,3639.7421217325364,52.4774617407697,0.0,0.01,47.00907718064216,551.7074610511406,1,672.8471581989431,True
target,T07-off-axis,span-sin1-sin2,12,23,0.05,0.25,0.0001,0.0626,4096.0,0.24999999999999997,1148.2386502606544,-9.098795215510849e-13,1687.7239025304466,6607.239299977189,0.3206406369882643,3.526847050853031,3.603212425758673e+249,0.4999999999999999,249.55668986651202,False,24,2550.51726676744,65.04322542033266,0.0,0.01,32.941197215081615,1181.179847475736,2,633.7005798984143,True
target,T07-off-axis,unprojected,18,37,0.05,0.25,0.0001,0.0626,4096.0,0.24999999999999997,35.97529732383338,-2438.8506563738833,21042.102173560572,43581.76316830264,0.9783023059285664,321.761365899369,1.7976931348623157e+308,0.4999999999999999,4269.234430810888,True,24,42645.263867769565,53.52224732825927,0.0,0.01,1532.5913198454396,1568.5666171692728,0,813.5212594821302,True
target,T07-off-axis,qstar-Wxx,18,36,0.05,0.25,0.0001,0.0626,4096.0,0.24999999999999997,504.64176074525125,-4.8941470975652917e-14,1915.3396882032735,9001.984055345138,0.3814693070001312,13.887967527210629,8.14195651391215e+115,0.4999999999999999,115.91072877848818,False,24,3639.7422606833698,52.47691244309528,0.0,0.01,47.00907897526118,551.6508397205124,1,672.8471581989431,True
target,T07-off-axis,span-sin1-sin2,18,35,0.05,0.25,0.0001,0.0626,4096.0,0.24999999999999997,1148.2402459554928,-3.195205919990363e-13,1687.7239025304461,8426.673070962543,0.26576079759406385,11.725791968220442,3.60601577055076e+249,0.4999999999999999,249.55702762173416,False,24,2550.8875409302254,65.03247451217175,0.0,0.01,32.94597948979071,1181.1862254452835,2,633.7005798984143,True
target,T07-off-axis,unprojected,24,49,0.05,0.25,0.0001,0.0626,4096.0,0.24999999999999997,35.89147500202603,-2438.7979370195344,21042.10217356056,43918.49386263545,0.9713487367383683,2400.5275836730316,1.7976931348623157e+308,0.4999999999999999,4269.234430810886,True,24,42645.26386776954,53.65993706459407,0.0,0.01,1532.5913198454389,1568.482794847465,0,813.5212594821302,True
target,T07-off-axis,qstar-Wxx,24,48,0.05,0.25,0.0001,0.0626,4096.0,0.24999999999999997,504.64195952585885,1.7772397055298617e-14,1915.3396882032725,10511.885617576645,0.3530086464388131,1422.3313489153225,8.141956513908447e+115,0.4999999999999999,115.91072877848798,False,24,3639.7422607165668,52.47585299902706,0.0,0.01,47.00907897568994,551.6510385015488,1,672.8471581989431,True
target,T07-off-axis,span-sin1-sin2,24,47,0.05,0.25,0.0001,0.0626,4096.0,0.24999999999999997,1148.2402491664072,-1.227636657045044e-12,1687.7239025304477,10023.614185971639,0.2639148305982263,1305.0210728582076,3.606021306896597e+249,0.4999999999999999,249.55702828850957,False,24,2550.905854700726,65.03200305060311,0.0,0.01,32.94621602123226,1181.1864651876394,2,633.7005798984143,True
target,T07-off-axis,unprojected,32,65,0.05,0.25,0.0001,0.0626,4096.0,0.24999999999999997,35.891894588402465,-2438.7991393997836,21042.102173560575,44448.27992645164,0.9617349330247782,413361.8394717972,1.7976931348623157e+308,0.4999999999999999,4269.234430810889,True,24,42645.26386776954,53.65771025512178,0.0,0.01,1532.5913198454389,1568.4832144338413,0,813.5212594821302,True
target,T07-off-axis,qstar-Wxx,32,64,0.05,0.25,0.0001,0.0626,4096.0,0.24999999999999997,504.64196074111175,4.580469918523868e-13,1915.339688203272,12542.536605283296,0.36499773952103265,291326.68077781907,8.141956513906596e+115,0.4999999999999999,115.91072877848788,False,24,3639.7422607165768,52.475830713285006,0.0,0.01,47.009078975690066,551.6510397168018,1,672.8471581989431,True
target,T07-off-axis,span-sin1-sin2,32,63,0.05,0.25,0.0001,0.0626,4096.0,0.24999999999999997,1148.2402491679984,1.3941085319732313e-12,1687.723902530447,12136.240217096423,0.3123998360288917,241276.37551223865,3.606021308824215e+249,0.4999999999999999,249.55702828874172,False,24,2550.907578579539,65.03195908175509,0.0,0.01,32.94623828598329,1181.1864874539817,2,633.7005798984143,True
target,T07-off-axis,unprojected,40,81,0.05,0.25,0.0001,0.0626,4096.0,0.24999999999999997,35.891894669775866,-2438.799140081647,21042.10217356058,45173.31977766822,0.9507087060597694,128356725.48853202,1.7976931348623157e+308,0.4999999999999999,4269.2344308108895,True,24,42645.263867769565,53.65770902221149,0.0,0.01,1532.5913198454396,1568.4832145152154,0,813.5212594821302,True
target,T07-off-axis,qstar-Wxx,40,80,0.05,0.25,0.0001,0.0626,4096.0,0.24999999999999997,504.6419607413027,-6.289713676766474e-13,1915.3396882032723,14909.542441340649,0.4118895076632677,106417753.62518647,8.141956513907522e+115,0.4999999999999999,115.91072877848792,False,24,3639.7422607165768,52.475830673570805,0.0,0.01,47.009078975690066,551.6510397169927,1,672.8471581989431,True
target,T07-off-axis,span-sin1-sin2,40,79,0.05,0.25,0.0001,0.0626,4096.0,0.24999999999999997,1148.2402491679939,-1.8189894035458565e-12,1687.723902530447,14569.40485820664,0.38482832657528654,85089364.88906503,3.606021308825445e+249,0.4999999999999999,249.55702828874186,False,24,2632.52596916383,63.01569753205623,0.0,0.01,34.000380336165236,1182.2406295041592,2,633.7005798984143,True
target,T08-edge-bloch,unprojected,12,25,0.25,0.49,0.01,0.2501,128.0,0.5,4.141838245218415,54.53601650334033,90.33099027225519,443.9293379895836,0.6181757876351702,7981.332301011727,19235.166179251173,2.0,4.284095942679228,False,24,193.02213389682362,1871.4016311493951,0.0,0.01,2.492976723749004,6.634814968967419,0,67.69628176064319,True
target,T08-edge-bloch,qstar-Wxx,12,24,0.25,0.49,0.01,0.2501,128.0,0.5,45.87458478681557,-5.668040652323884e-14,78.48168916286555,402.1884118755221,0.5201248859078289,2970.243251931346,1.4004764170019667e+40,2.0,40.146275800019886,False,24,158.37451984863387,1260.1575526312379,0.0,0.01,2.04548558057396,47.92007036738953,1,53.53710830743999,True
target,T08-edge-bloch,span-sin1-sin2,12,23,0.25,0.49,0.01,0.2501,128.0,0.5,37.793259539246115,2.7533531010703882e-14,65.66928662416426,394.64627105595247,0.501405592194459,3919.433115606059,1.4502336135269404e+33,2.0,33.16143796698912,False,24,158.37451984861613,1364.3723227029107,0.0,0.01,2.0454855805737306,39.83874511981985,2,53.26203949211977,True
target,T08-edge-bloch,unprojected,18,37,0.25,0.49,0.01,0.2501,128.0,0.5,4.1418382531107,-54.53601650190581,90.33099027225542,979.8835882259442,0.3373139809412426,17424.09867121518,19235.166456905656,2.0,4.284095948948153,False,24,342.9133229055488,1053.355176920809,0.0,0.01,4.428895873278019,8.570734126388718,0,67.69628176064319,True
target,T08-edge-bloch,qstar-Wxx,18,36,0.25,0.49,0.01,0.2501,128.0,0.5,45.87458478683587,-2.6656076439231428e-14,78.48168916286505,961.6933544501784,0.28984673811334005,3310.885461606645,1.400476417050209e+40,2.0,40.14627580003484,False,24,342.9133229055485,581.9919408113434,0.0,0.01,4.428895873278015,50.303480660113884,1,53.53710830743999,True
target,T08-edge-bloch,span-sin1-sin2,18,35,0.25,0.49,0.01,0.2501,128.0,0.5,37.79325953920672,2.961975290815694e-14,65.66928662416424,958.56364869791,0.2820450342557609,4688.296173554139,1.4502336134128487e+33,2.0,33.16143796695495,False,24,342.9133229055488,630.1157320821034,0.0,0.01,4.428895873278019,42.22215541248474,2,53.26203949211977,True
target,T08-edge-bloch,unprojected,24,49,0.25,0.49,0.01,0.2501,128.0,0.5,4.141838253110795,-54.536016501905785,90.33099027225538,1909.2741827692553,0.19678971681018634,17424.100363072605,19235.166456905656,2.0,4.284095948948153,False,24,600.3421464389128,601.6372699670383,0.0,0.01,7.753716981274935,11.89555523438573,0,67.69628176064319,True
target,T08-edge-bloch,qstar-Wxx,24,48,0.25,0.49,0.01,0.2501,128.0,0.5,45.874584786835804,1.446255770049578e-14,78.48168916286505,1900.002675395035,0.17425612097946414,3310.8861488179987,1.400476417050229e+40,2.0,40.14627580003485,False,24,600.3421464389138,332.42232363172093,0.0,0.01,7.753716981274948,53.62830176811075,1,53.53710830743999,True
target,T08-edge-bloch,span-sin1-sin2,24,47,0.25,0.49,0.01,0.2501,128.0,0.5,37.79325953920667,1.1512235081006998e-14,65.66928662416434,1898.420482169244,0.17069919458574492,4688.300892953394,1.4502336134126634e+33,2.0,33.16143796695489,False,24,600.342146438913,359.9042494945099,0.0,0.01,7.753716981274938,45.54697652048161,2,53.26203949211977,True
target,T08-edge-bloch,unprojected,32,65,0.25,0.49,0.01,0.2501,128.0,0.5,4.1418382531111355,-54.536016501905664,90.3309902722551,3827.728465441534,0.11176223290881351,17424.100346453397,19235.166456907842,2.0,4.284095948948202,False,24,1055.9310795087367,342.020899937125,0.0,0.01,13.637874320183125,17.779712573294262,0,67.69628176064319,True
target,T08-edge-bloch,qstar-Wxx,32,64,0.25,0.49,0.01,0.2501,128.0,0.5,45.87458478683493,1.3575225319952238e-14,78.48168916286532,3823.112274923467,0.10179560077446585,3310.886149395581,1.400476417050448e+40,2.0,40.14627580003492,False,24,1055.9310795087367,188.98687731523796,0.0,0.01,13.637874320183125,59.51245910701805,1,53.53710830743999,True
target,T08-edge-bloch,span-sin1-sin2,32,63,0.25,0.49,0.01,0.2501,128.0,0.5,37.793259539206524,1.0891088174538458e-14,65.66928662416493,3822.32620628877,0.10025690932409148,4688.300895457475,1.4502336134119627e+33,2.0,33.161437966954686,False,24,1055.9310795087388,204.60528083921963,0.0,0.01,13.637874320183151,51.431133859389675,2,53.26203949211977,True
target,T08-edge-bloch,unprojected,40,81,0.25,0.49,0.01,0.2501,128.0,0.5,4.141838253110933,-54.53601650190573,90.33099027225494,6616.20588409061,0.07167789070092681,17424.100353843547,19235.1664569062,2.0,4.284095948948165,False,24,1639.6553477690086,220.23054799524493,0.0,0.01,21.17696315150924,25.318801404620174,0,67.69628176064319,True
target,T08-edge-bloch,qstar-Wxx,40,80,0.25,0.49,0.01,0.2501,128.0,0.5,45.87458478683571,1.1897968668762441e-14,78.4816891628653,6613.53631291114,0.06648698433828831,3310.886149410981,1.4004764170501893e+40,2.0,40.14627580003484,False,24,1639.6553477690093,121.69892263485235,0.0,0.01,21.17696315150925,67.05154793834495,1,53.53710830743999,True
target,T08-edge-bloch,span-sin1-sin2,40,79,0.25,0.49,0.01,0.2501,128.0,0.5,37.7932595392065,3.624790400125864e-14,65.66928662416404,6613.081938310283,0.06569504490766682,4688.300895854817,1.450233613413364e+33,2.0,33.161437966955106,False,24,1639.6553477690113,131.75195260056032,0.0,0.01,21.176963151509277,58.97022269071578,2,53.26203949211977,True
target,T09-collision-alpha025,unprojected,12,25,0.0625,0.0,0.0625,0.0625,4096.0,0.24999999999999997,1413.5169783890788,-1.629441604194712e-13,20513.824659629867,41508.37118117761,0.9869672694521042,34.60210120141945,1.7976931348623157e+308,0.4999999999999999,4154.520426204052,True,24,40984.383703430794,34.510687827876076,0.0,0.01,1472.9023815600121,2886.419359949091,0,92.74350437861767,True
target,T09-collision-alpha025,qstar-Wxx,12,24,0.0625,0.0,0.0625,0.0625,4096.0,0.24999999999999997,298.04696557913365,-1287.1441872673515,786.63026199082,6630.235184218453,0.2799685628139137,4.233299065759913,9.684710358029495e+64,0.4999999999999999,64.98608663674428,False,24,2179.0814099454406,82.4495308778266,0.0,0.01,28.14391865055192,326.1908842296856,1,92.68610937839497,True
target,T09-collision-alpha025,span-sin1-sin2,12,23,0.0625,0.0,0.0625,0.0625,4096.0,0.24999999999999997,1.5010846707002399,-6.393441670797299e-14,663.5851408524293,6188.158164471236,0.22729705396493402,7.455360503002392,7.352798130886181,0.4999999999999999,0.8664526426961148,False,24,2135.4996847294406,162.54030975119315,0.0,0.01,27.581039024516965,29.082123695217206,2,92.6766131229338,True
target,T09-collision-alpha025,unprojected,18,37,0.0625,0.0,0.0625,0.0625,4096.0,0.24999999999999997,1413.5169888085338,5.111016555359337e-13,20513.82465962989,41825.297362718025,0.979668844519194,37.85338113301115,1.7976931348623157e+308,0.4999999999999999,4154.520426204056,True,24,40984.383703430794,34.51068604620948,0.0,0.01,1472.9023815600121,2886.419370368546,0,92.74350437861767,True
target,T09-collision-alpha025,qstar-Wxx,18,36,0.0625,0.0,0.0625,0.0625,4096.0,0.24999999999999997,285.8951552900402,-1289.8895409092286,786.6302619908201,8388.720996875532,0.24032761028483773,10.55279709076,2.571978033210086e+62,0.4999999999999999,62.41026725503897,False,24,2256.186596923724,90.58910435911957,0.0,0.01,29.139770434679043,315.03492572471924,1,92.68610937839497,True
target,T09-collision-alpha025,span-sin1-sin2,18,35,0.0625,0.0,0.0625,0.0625,4096.0,0.24999999999999997,1.546682421503793,1.5196374961213651e-13,663.5851408524286,8043.87486438496,0.19842117128130787,10.770315911791961,7.639356726900353,0.4999999999999999,0.8830567902878107,False,24,2250.885568585562,156.60953312253864,0.0,0.01,29.071305020935164,30.617987442438956,2,92.6766131229338,True
target,T09-collision-alpha025,unprojected,24,49,0.0625,0.0,0.0625,0.0625,4096.0,0.24999999999999997,1413.5169888123799,2.2737367544323206e-13,20513.824659629874,42164.73782733654,0.9723289119005862,4507.127159243393,1.7976931348623157e+308,0.4999999999999999,4154.5204262040525,True,24,40984.383703430794,34.510686044340076,0.0,0.01,1472.9023815600121,2886.419370372392,0,92.74350437861767,True
target,T09-collision-alpha025,qstar-Wxx,24,48,0.0625,0.0,0.0625,0.0625,4096.0,0.24999999999999997,286.62378946462917,1289.57227838106,786.6302619908192,9943.85521473732,0.24540093533602095,4497.094441687771,3.66036137952963e+62,0.4999999999999999,62.56352396446214,False,24,2309.553717003271,87.4569326453372,0.0,0.01,29.829033295294515,316.45282275992366,1,92.68610937839497,True
target,T09-collision-alpha025,span-sin1-sin2,24,47,0.0625,0.0,0.0625,0.0625,4096.0,0.24999999999999997,1.546154140450569,1.6864885504229946e-13,663.5851408524288,9654.71591514335,0.22194716348135532,4326.227578291592,7.635749332159886,0.4999999999999999,0.8828516628532909,False,24,2308.813859132029,152.64808764493762,0.0,0.01,29.819477663436906,31.365631803887474,2,92.6766131229338,True
target,T09-collision-alpha025,unprojected,32,65,0.0625,0.0,0.0625,0.0625,4096.0,0.24999999999999997,1413.516988812375,-2.7284841053187847e-12,20513.82465962988,42701.29259343719,0.9621732236164374,1894274.2542533947,1.7976931348623157e+308,0.4999999999999999,4154.520426204054,True,24,40984.3837034308,34.51068604477975,0.0,0.01,1472.9023815600124,2886.4193703723877,0,92.74350437861767,True
target,T09-collision-alpha025,qstar-Wxx,32,64,0.0625,0.0,0.0625,0.0625,4096.0,0.24999999999999997,286.6098279148342,1289.580216993051,786.6302619908196,12017.30126251179,0.3021895881295315,1880374.0208156486,3.6358988719969414e+62,0.4999999999999999,62.560611795357275,False,24,2388.297294629346,84.59658166381541,0.0,0.01,30.84604570834483,317.45587362317906,1,92.68610937839497,True
target,T09-collision-alpha025,span-sin1-sin2,32,63,0.0625,0.0,0.0625,0.0625,4096.0,0.24999999999999997,1.5461659756533048,1.0640901208469455e-13,663.5851408524286,11779.168582902237,0.2953953857492235,1520311.5375209565,7.635827025683487,0.4999999999999999,0.8828560817643174,False,24,2388.291088112566,147.56858393223044,0.0,0.01,30.845965548098143,32.392131523751445,2,92.6766131229338,True
target,T09-collision-alpha025,unprojected,40,81,0.0625,0.0,0.0625,0.0625,4096.0,0.24999999999999997,1413.5169888123773,-1.4137499716823479e-12,20513.824659629903,43440.69715326733,0.950508998801118,543597140.1777346,1.7976931348623157e+308,0.4999999999999999,4154.520426204059,True,24,40984.38370343077,34.510686044605784,0.0,0.01,1472.9023815600115,2886.4193703723886,0,92.74350437861767,True
target,T09-collision-alpha025,qstar-Wxx,40,80,0.0625,0.0,0.0625,0.0625,4096.0,0.24999999999999997,286.60981653940195,1289.5802238805006,786.6302619908193,14425.994234212114,0.3800713827992459,528523196.3468653,3.635879193980781e+62,0.4999999999999999,62.5606094448857,False,24,2579.4668850052008,78.3267505930878,0.0,0.01,33.3150959124545,319.92491245185647,1,92.68610937839497,True
target,T09-collision-alpha025,span-sin1-sin2,40,79,0.0625,0.0,0.0625,0.0625,4096.0,0.24999999999999997,1.5461659805438532,-2.845734829531783e-13,663.5851408524281,14228.232234398793,0.3806924495050542,629571345.8691453,7.635827053346574,0.4999999999999999,0.8828560833376801,False,24,2579.4668848813067,136.63088191215576,0.0,0.01,33.315095910854346,34.8612618913982,2,92.6766131229338,True
target,T10-collision-alpha0125,unprojected,12,25,0.015625,0.0,0.015625,0.015625,131072.0,0.12499999999999999,50111.61425426879,1.3363739279164563e-11,3125521.723948512,6254852.942378848,0.9993200655604716,153.80520656847287,1.7976931348623157e+308,0.125,169374.60472244717,True,24,6250650.288644342,0.9905636008060325,0.0,0.01,224636.72414994362,274748.3384042124,0,808.3700598889102,True
target,T10-collision-alpha0125,qstar-Wxx,12,24,0.015625,0.0,0.015625,0.015625,131072.0,0.12499999999999999,12735.351797361418,46656.72971188831,31066.17943364306,231227.382172057,0.3160227273836454,5.414896769671633,1.7976931348623157e+308,0.125,1386.4837877309337,True,24,79586.51915666892,2.317780111625,0.0,0.01,1027.899421564963,13763.251218926382,1,808.3630379687619,True
target,T10-collision-alpha0125,span-sin1-sin2,12,23,0.015625,0.0,0.015625,0.015625,131072.0,0.12499999999999999,605.9003330699751,-57475.989162205806,27086.19298030908,212455.4093180784,0.26203799588429716,17.97328081210071,1.7976931348623157e+308,0.125,1170.4230183893535,True,24,74552.88929449167,1.5346653893882976,0.0,0.01,2679.2919222265778,3285.192255296553,2,808.3620970910616,True
target,T10-collision-alpha0125,unprojected,18,37,0.015625,0.0,0.015625,0.015625,131072.0,0.12499999999999999,50111.614471945824,-4.713107314963626e-11,3125521.7239485118,6257267.011198531,0.9989348223135297,156.29117047447698,1.7976931348623157e+308,0.125,169374.60472244714,True,24,6250650.288644341,0.9905635681204156,0.0,0.01,224636.7241499436,274748.3386218894,0,808.3700598889102,True
target,T10-collision-alpha0125,qstar-Wxx,18,36,0.015625,0.0,0.015625,0.015625,131072.0,0.12499999999999999,12664.43664440633,47173.324068817696,31066.179433643094,289259.78101734765,0.25320322884291346,5.287547477124666,1.7976931348623157e+308,0.125,1386.4837877309355,True,24,80001.87979842552,2.3385469950036013,0.0,0.01,1033.264010542174,13697.700654948505,1,808.3630379687619,True
target,T10-collision-alpha0125,span-sin1-sin2,18,35,0.015625,0.0,0.015625,0.015625,131072.0,0.12499999999999999,326.77007025046686,-58876.90607615806,27086.19298030904,274485.73659950646,0.2028740108712548,21.768909738564066,1.7976931348623157e+308,0.125,1170.4230183893512,True,24,78345.34610399128,1.4272617533189558,0.0,0.01,2815.585753240264,3142.3558234907305,2,808.3620970910616,True
target,T10-collision-alpha0125,unprojected,24,49,0.015625,0.0,0.015625,0.015625,131072.0,0.12499999999999999,50111.61447233647,4.870502052642815e-11,3125521.723948513,6259698.801454125,0.9985469883261714,157.94432310004956,1.7976931348623157e+308,0.125,169374.60472244723,True,24,6250650.288644343,0.9905635680240328,0.0,0.01,224636.72414994368,274748.33862228016,0,808.3700598889102,True
target,T10-collision-alpha0125,qstar-Wxx,24,48,0.015625,0.0,0.015625,0.015625,131072.0,0.12499999999999999,12604.048466503718,-47114.85804822502,31066.17943364306,337801.50444752735,0.2171899261121274,6.906098010786818,1.7976931348623157e+308,0.125,1386.4837877309337,True,24,80466.32297662954,2.3940480764652636,0.0,0.01,1039.2625248544525,13643.31099135817,1,808.3630379687619,True
target,T10-collision-alpha0125,span-sin1-sin2,24,47,0.015625,0.0,0.015625,0.015625,131072.0,0.12499999999999999,126.65170704320876,59626.076447789004,27086.19298030903,325239.9961403618,0.17130229876696,23.38523423617018,1.7976931348623157e+308,0.125,1170.4230183893508,True,24,80036.12255914578,1.3855691445378933,0.0,0.01,2876.349108509997,3003.000815553206,2,808.3620970910616,True
target,T10-collision-alpha0125,unprojected,32,65,0.015625,0.0,0.015625,0.015625,131072.0,0.12499999999999999,50111.61447233674,-9.368338115244725e-11,3125521.7239485127,6262950.942907556,0.9980285630984489,158.9347420430168,1.7976931348623157e+308,0.125,169374.6047224472,True,24,6250650.2886443455,0.9905635680263266,0.0,0.01,224636.72414994377,274748.3386222805,0,808.3700598889102,True
target,T10-collision-alpha0125,qstar-Wxx,32,64,0.015625,0.0,0.015625,0.015625,131072.0,0.12499999999999999,12615.353679122412,-47116.71462105701,31066.17943364306,393491.14951604384,0.18656853282203018,6.011908874884984,1.7976931348623157e+308,0.125,1386.4837877309337,True,24,81154.79983452134,2.358348805005548,0.0,0.01,1048.154545406259,13663.508224528672,1,808.3630379687619,True
target,T10-collision-alpha0125,span-sin1-sin2,32,63,0.015625,0.0,0.015625,0.015625,131072.0,0.12499999999999999,7.876098703471558,1.7677535444264515e-11,27086.192980309017,382761.65355195565,0.14578422459723234,24.04355049032379,1.7976931348623157e+308,0.125,1170.42301838935,True,24,81080.28332908511,11.391536918841627,0.0,0.01,2913.8743009321647,2921.7503996356363,2,808.3620970910616,True
target,T10-collision-alpha0125,unprojected,40,81,0.015625,0.0,0.015625,0.015625,131072.0,0.12499999999999999,50111.61447233665,-7.303538228640879e-12,3125521.7239485127,6266208.261147846,0.9975100773900234,163.0929285986306,1.7976931348623157e+308,0.125,169374.6047224472,True,24,6250650.288644341,0.9905635680279229,0.0,0.01,224636.7241499436,274748.3386222802,0,808.3700598889102,True
target,T10-collision-alpha0125,qstar-Wxx,40,80,0.015625,0.0,0.015625,0.015625,131072.0,0.12499999999999999,12615.90511213144,-47116.021042630884,31066.179433643098,442319.73001248663,0.1663488335652924,13.231156972629098,1.7976931348623157e+308,0.125,1386.4837877309358,True,24,81609.89299361962,2.3442615977068857,0.0,0.01,1054.0322995780984,13669.93741170954,1,808.3630379687619,True
target,T10-collision-alpha0125,span-sin1-sin2,40,79,0.015625,0.0,0.015625,0.015625,131072.0,0.12499999999999999,7.888718451561552,-4.981773981596533e-12,27086.192980309024,432802.4286446287,0.12943927528798366,25.15669631582105,1.7976931348623157e+308,0.125,1170.4230183893505,True,24,81589.95430902024,11.337318946174888,0.0,0.01,2932.19092624952,2940.0796447010816,2,808.3620970910616,True
