panel,series,x,y,xUnit,yUnit,evidence,source,note
A,old M^-2,0.0,0.8571428571428571,beta in L=M^-beta,alpha in eta=M^alpha,analytic formula,R0.72B power-law corollary,strict inequality below the displayed boundary
A,target participation M^-3,0.0,1.2857142857142858,beta in L=M^-beta,alpha in eta=M^alpha,analytic formula,R0.72B power-law corollary,strict inequality below the displayed boundary
A,coherent M^-10/3,0.0,1.4285714285714286,beta in L=M^-beta,alpha in eta=M^alpha,analytic formula,R0.72B power-law corollary,strict inequality below the displayed boundary
A,old M^-2,0.025,0.8678571428571429,beta in L=M^-beta,alpha in eta=M^alpha,analytic formula,R0.72B power-law corollary,strict inequality below the displayed boundary
A,target participation M^-3,0.025,1.2964285714285713,beta in L=M^-beta,alpha in eta=M^alpha,analytic formula,R0.72B power-law corollary,strict inequality below the displayed boundary
A,coherent M^-10/3,0.025,1.4392857142857143,beta in L=M^-beta,alpha in eta=M^alpha,analytic formula,R0.72B power-law corollary,strict inequality below the displayed boundary
A,old M^-2,0.05,0.8785714285714287,beta in L=M^-beta,alpha in eta=M^alpha,analytic formula,R0.72B power-law corollary,strict inequality below the displayed boundary
A,target participation M^-3,0.05,1.3071428571428572,beta in L=M^-beta,alpha in eta=M^alpha,analytic formula,R0.72B power-law corollary,strict inequality below the displayed boundary
A,coherent M^-10/3,0.05,1.45,beta in L=M^-beta,alpha in eta=M^alpha,analytic formula,R0.72B power-law corollary,strict inequality below the displayed boundary
A,old M^-2,0.07500000000000001,0.8892857142857142,beta in L=M^-beta,alpha in eta=M^alpha,analytic formula,R0.72B power-law corollary,strict inequality below the displayed boundary
A,target participation M^-3,0.07500000000000001,1.3178571428571428,beta in L=M^-beta,alpha in eta=M^alpha,analytic formula,R0.72B power-law corollary,strict inequality below the displayed boundary
A,coherent M^-10/3,0.07500000000000001,1.4607142857142856,beta in L=M^-beta,alpha in eta=M^alpha,analytic formula,R0.72B power-law corollary,strict inequality below the displayed boundary
A,old M^-2,0.1,0.9,beta in L=M^-beta,alpha in eta=M^alpha,analytic formula,R0.72B power-law corollary,strict inequality below the displayed boundary
A,target participation M^-3,0.1,1.3285714285714287,beta in L=M^-beta,alpha in eta=M^alpha,analytic formula,R0.72B power-law corollary,strict inequality below the displayed boundary
A,coherent M^-10/3,0.1,1.4714285714285715,beta in L=M^-beta,alpha in eta=M^alpha,analytic formula,R0.72B power-law corollary,strict inequality below the displayed boundary
A,old M^-2,0.125,0.9107142857142857,beta in L=M^-beta,alpha in eta=M^alpha,analytic formula,R0.72B power-law corollary,strict inequality below the displayed boundary
A,target participation M^-3,0.125,1.3392857142857142,beta in L=M^-beta,alpha in eta=M^alpha,analytic formula,R0.72B power-law corollary,strict inequality below the displayed boundary
A,coherent M^-10/3,0.125,1.4821428571428572,beta in L=M^-beta,alpha in eta=M^alpha,analytic formula,R0.72B power-law corollary,strict inequality below the displayed boundary
A,old M^-2,0.15000000000000002,0.9214285714285715,beta in L=M^-beta,alpha in eta=M^alpha,analytic formula,R0.72B power-law corollary,strict inequality below the displayed boundary
A,target participation M^-3,0.15000000000000002,1.3499999999999999,beta in L=M^-beta,alpha in eta=M^alpha,analytic formula,R0.72B power-law corollary,strict inequality below the displayed boundary
A,coherent M^-10/3,0.15000000000000002,1.4928571428571427,beta in L=M^-beta,alpha in eta=M^alpha,analytic formula,R0.72B power-law corollary,strict inequality below the displayed boundary
A,old M^-2,0.17500000000000002,0.9321428571428572,beta in L=M^-beta,alpha in eta=M^alpha,analytic formula,R0.72B power-law corollary,strict inequality below the displayed boundary
A,target participation M^-3,0.17500000000000002,1.3607142857142858,beta in L=M^-beta,alpha in eta=M^alpha,analytic formula,R0.72B power-law corollary,strict inequality below the displayed boundary
A,coherent M^-10/3,0.17500000000000002,1.5035714285714286,beta in L=M^-beta,alpha in eta=M^alpha,analytic formula,R0.72B power-law corollary,strict inequality below the displayed boundary
A,old M^-2,0.2,0.9428571428571428,beta in L=M^-beta,alpha in eta=M^alpha,analytic formula,R0.72B power-law corollary,strict inequality below the displayed boundary
A,target participation M^-3,0.2,1.3714285714285714,beta in L=M^-beta,alpha in eta=M^alpha,analytic formula,R0.72B power-law corollary,strict inequality below the displayed boundary
A,coherent M^-10/3,0.2,1.5142857142857142,beta in L=M^-beta,alpha in eta=M^alpha,analytic formula,R0.72B power-law corollary,strict inequality below the displayed boundary
A,old M^-2,0.225,0.9535714285714285,beta in L=M^-beta,alpha in eta=M^alpha,analytic formula,R0.72B power-law corollary,strict inequality below the displayed boundary
A,target participation M^-3,0.225,1.3821428571428573,beta in L=M^-beta,alpha in eta=M^alpha,analytic formula,R0.72B power-law corollary,strict inequality below the displayed boundary
A,coherent M^-10/3,0.225,1.5250000000000001,beta in L=M^-beta,alpha in eta=M^alpha,analytic formula,R0.72B power-law corollary,strict inequality below the displayed boundary
A,old M^-2,0.25,0.9642857142857143,beta in L=M^-beta,alpha in eta=M^alpha,analytic formula,R0.72B power-law corollary,strict inequality below the displayed boundary
A,target participation M^-3,0.25,1.3928571428571428,beta in L=M^-beta,alpha in eta=M^alpha,analytic formula,R0.72B power-law corollary,strict inequality below the displayed boundary
A,coherent M^-10/3,0.25,1.5357142857142858,beta in L=M^-beta,alpha in eta=M^alpha,analytic formula,R0.72B power-law corollary,strict inequality below the displayed boundary
A,old M^-2,0.275,0.975,beta in L=M^-beta,alpha in eta=M^alpha,analytic formula,R0.72B power-law corollary,strict inequality below the displayed boundary
A,target participation M^-3,0.275,1.4035714285714285,beta in L=M^-beta,alpha in eta=M^alpha,analytic formula,R0.72B power-law corollary,strict inequality below the displayed boundary
A,coherent M^-10/3,0.275,1.5464285714285713,beta in L=M^-beta,alpha in eta=M^alpha,analytic formula,R0.72B power-law corollary,strict inequality below the displayed boundary
A,old M^-2,0.30000000000000004,0.9857142857142858,beta in L=M^-beta,alpha in eta=M^alpha,analytic formula,R0.72B power-law corollary,strict inequality below the displayed boundary
A,target participation M^-3,0.30000000000000004,1.4142857142857144,beta in L=M^-beta,alpha in eta=M^alpha,analytic formula,R0.72B power-law corollary,strict inequality below the displayed boundary
A,coherent M^-10/3,0.30000000000000004,1.5571428571428572,beta in L=M^-beta,alpha in eta=M^alpha,analytic formula,R0.72B power-law corollary,strict inequality below the displayed boundary
A,old M^-2,0.325,0.9964285714285713,beta in L=M^-beta,alpha in eta=M^alpha,analytic formula,R0.72B power-law corollary,strict inequality below the displayed boundary
A,target participation M^-3,0.325,1.425,beta in L=M^-beta,alpha in eta=M^alpha,analytic formula,R0.72B power-law corollary,strict inequality below the displayed boundary
A,coherent M^-10/3,0.325,1.5678571428571428,beta in L=M^-beta,alpha in eta=M^alpha,analytic formula,R0.72B power-law corollary,strict inequality below the displayed boundary
A,old M^-2,0.35000000000000003,1.0071428571428571,beta in L=M^-beta,alpha in eta=M^alpha,analytic formula,R0.72B power-law corollary,strict inequality below the displayed boundary
A,target participation M^-3,0.35000000000000003,1.4357142857142857,beta in L=M^-beta,alpha in eta=M^alpha,analytic formula,R0.72B power-law corollary,strict inequality below the displayed boundary
A,coherent M^-10/3,0.35000000000000003,1.5785714285714287,beta in L=M^-beta,alpha in eta=M^alpha,analytic formula,R0.72B power-law corollary,strict inequality below the displayed boundary
A,old M^-2,0.375,1.0178571428571428,beta in L=M^-beta,alpha in eta=M^alpha,analytic formula,R0.72B power-law corollary,strict inequality below the displayed boundary
A,target participation M^-3,0.375,1.4464285714285714,beta in L=M^-beta,alpha in eta=M^alpha,analytic formula,R0.72B power-law corollary,strict inequality below the displayed boundary
A,coherent M^-10/3,0.375,1.5892857142857142,beta in L=M^-beta,alpha in eta=M^alpha,analytic formula,R0.72B power-law corollary,strict inequality below the displayed boundary
A,old M^-2,0.4,1.0285714285714287,beta in L=M^-beta,alpha in eta=M^alpha,analytic formula,R0.72B power-law corollary,strict inequality below the displayed boundary
A,target participation M^-3,0.4,1.457142857142857,beta in L=M^-beta,alpha in eta=M^alpha,analytic formula,R0.72B power-law corollary,strict inequality below the displayed boundary
A,coherent M^-10/3,0.4,1.5999999999999999,beta in L=M^-beta,alpha in eta=M^alpha,analytic formula,R0.72B power-law corollary,strict inequality below the displayed boundary
A,old M^-2,0.42500000000000004,1.0392857142857144,beta in L=M^-beta,alpha in eta=M^alpha,analytic formula,R0.72B power-law corollary,strict inequality below the displayed boundary
A,target participation M^-3,0.42500000000000004,1.467857142857143,beta in L=M^-beta,alpha in eta=M^alpha,analytic formula,R0.72B power-law corollary,strict inequality below the displayed boundary
A,coherent M^-10/3,0.42500000000000004,1.6107142857142858,beta in L=M^-beta,alpha in eta=M^alpha,analytic formula,R0.72B power-law corollary,strict inequality below the displayed boundary
A,old M^-2,0.45,1.05,beta in L=M^-beta,alpha in eta=M^alpha,analytic formula,R0.72B power-law corollary,strict inequality below the displayed boundary
A,target participation M^-3,0.45,1.4785714285714284,beta in L=M^-beta,alpha in eta=M^alpha,analytic formula,R0.72B power-law corollary,strict inequality below the displayed boundary
A,coherent M^-10/3,0.45,1.6214285714285714,beta in L=M^-beta,alpha in eta=M^alpha,analytic formula,R0.72B power-law corollary,strict inequality below the displayed boundary
A,old M^-2,0.47500000000000003,1.0607142857142857,beta in L=M^-beta,alpha in eta=M^alpha,analytic formula,R0.72B power-law corollary,strict inequality below the displayed boundary
A,target participation M^-3,0.47500000000000003,1.4892857142857143,beta in L=M^-beta,alpha in eta=M^alpha,analytic formula,R0.72B power-law corollary,strict inequality below the displayed boundary
A,coherent M^-10/3,0.47500000000000003,1.6321428571428573,beta in L=M^-beta,alpha in eta=M^alpha,analytic formula,R0.72B power-law corollary,strict inequality below the displayed boundary
A,old M^-2,0.5,1.0714285714285714,beta in L=M^-beta,alpha in eta=M^alpha,analytic formula,R0.72B power-law corollary,strict inequality below the displayed boundary
A,target participation M^-3,0.5,1.5,beta in L=M^-beta,alpha in eta=M^alpha,analytic formula,R0.72B power-law corollary,strict inequality below the displayed boundary
A,coherent M^-10/3,0.5,1.6428571428571428,beta in L=M^-beta,alpha in eta=M^alpha,analytic formula,R0.72B power-law corollary,strict inequality below the displayed boundary
A,old M^-2,0.525,1.082142857142857,beta in L=M^-beta,alpha in eta=M^alpha,analytic formula,R0.72B power-law corollary,strict inequality below the displayed boundary
A,target participation M^-3,0.525,1.5107142857142857,beta in L=M^-beta,alpha in eta=M^alpha,analytic formula,R0.72B power-law corollary,strict inequality below the displayed boundary
A,coherent M^-10/3,0.525,1.6535714285714285,beta in L=M^-beta,alpha in eta=M^alpha,analytic formula,R0.72B power-law corollary,strict inequality below the displayed boundary
A,old M^-2,0.55,1.092857142857143,beta in L=M^-beta,alpha in eta=M^alpha,analytic formula,R0.72B power-law corollary,strict inequality below the displayed boundary
A,target participation M^-3,0.55,1.5214285714285716,beta in L=M^-beta,alpha in eta=M^alpha,analytic formula,R0.72B power-law corollary,strict inequality below the displayed boundary
A,coherent M^-10/3,0.55,1.6642857142857144,beta in L=M^-beta,alpha in eta=M^alpha,analytic formula,R0.72B power-law corollary,strict inequality below the displayed boundary
A,old M^-2,0.5750000000000001,1.1035714285714284,beta in L=M^-beta,alpha in eta=M^alpha,analytic formula,R0.72B power-law corollary,strict inequality below the displayed boundary
A,target participation M^-3,0.5750000000000001,1.532142857142857,beta in L=M^-beta,alpha in eta=M^alpha,analytic formula,R0.72B power-law corollary,strict inequality below the displayed boundary
A,coherent M^-10/3,0.5750000000000001,1.675,beta in L=M^-beta,alpha in eta=M^alpha,analytic formula,R0.72B power-law corollary,strict inequality below the displayed boundary
A,old M^-2,0.6000000000000001,1.1142857142857143,beta in L=M^-beta,alpha in eta=M^alpha,analytic formula,R0.72B power-law corollary,strict inequality below the displayed boundary
A,target participation M^-3,0.6000000000000001,1.542857142857143,beta in L=M^-beta,alpha in eta=M^alpha,analytic formula,R0.72B power-law corollary,strict inequality below the displayed boundary
A,coherent M^-10/3,0.6000000000000001,1.6857142857142857,beta in L=M^-beta,alpha in eta=M^alpha,analytic formula,R0.72B power-law corollary,strict inequality below the displayed boundary
A,old M^-2,0.625,1.125,beta in L=M^-beta,alpha in eta=M^alpha,analytic formula,R0.72B power-law corollary,strict inequality below the displayed boundary
A,target participation M^-3,0.625,1.5535714285714286,beta in L=M^-beta,alpha in eta=M^alpha,analytic formula,R0.72B power-law corollary,strict inequality below the displayed boundary
A,coherent M^-10/3,0.625,1.6964285714285714,beta in L=M^-beta,alpha in eta=M^alpha,analytic formula,R0.72B power-law corollary,strict inequality below the displayed boundary
A,old M^-2,0.65,1.1357142857142857,beta in L=M^-beta,alpha in eta=M^alpha,analytic formula,R0.72B power-law corollary,strict inequality below the displayed boundary
A,target participation M^-3,0.65,1.5642857142857143,beta in L=M^-beta,alpha in eta=M^alpha,analytic formula,R0.72B power-law corollary,strict inequality below the displayed boundary
A,coherent M^-10/3,0.65,1.707142857142857,beta in L=M^-beta,alpha in eta=M^alpha,analytic formula,R0.72B power-law corollary,strict inequality below the displayed boundary
A,old M^-2,0.675,1.1464285714285716,beta in L=M^-beta,alpha in eta=M^alpha,analytic formula,R0.72B power-law corollary,strict inequality below the displayed boundary
A,target participation M^-3,0.675,1.575,beta in L=M^-beta,alpha in eta=M^alpha,analytic formula,R0.72B power-law corollary,strict inequality below the displayed boundary
A,coherent M^-10/3,0.675,1.717857142857143,beta in L=M^-beta,alpha in eta=M^alpha,analytic formula,R0.72B power-law corollary,strict inequality below the displayed boundary
A,old M^-2,0.7000000000000001,1.157142857142857,beta in L=M^-beta,alpha in eta=M^alpha,analytic formula,R0.72B power-law corollary,strict inequality below the displayed boundary
A,target participation M^-3,0.7000000000000001,1.5857142857142856,beta in L=M^-beta,alpha in eta=M^alpha,analytic formula,R0.72B power-law corollary,strict inequality below the displayed boundary
A,coherent M^-10/3,0.7000000000000001,1.7285714285714284,beta in L=M^-beta,alpha in eta=M^alpha,analytic formula,R0.72B power-law corollary,strict inequality below the displayed boundary
A,old M^-2,0.7250000000000001,1.167857142857143,beta in L=M^-beta,alpha in eta=M^alpha,analytic formula,R0.72B power-law corollary,strict inequality below the displayed boundary
A,target participation M^-3,0.7250000000000001,1.5964285714285715,beta in L=M^-beta,alpha in eta=M^alpha,analytic formula,R0.72B power-law corollary,strict inequality below the displayed boundary
A,coherent M^-10/3,0.7250000000000001,1.7392857142857143,beta in L=M^-beta,alpha in eta=M^alpha,analytic formula,R0.72B power-law corollary,strict inequality below the displayed boundary
A,old M^-2,0.75,1.1785714285714286,beta in L=M^-beta,alpha in eta=M^alpha,analytic formula,R0.72B power-law corollary,strict inequality below the displayed boundary
A,target participation M^-3,0.75,1.6071428571428572,beta in L=M^-beta,alpha in eta=M^alpha,analytic formula,R0.72B power-law corollary,strict inequality below the displayed boundary
A,coherent M^-10/3,0.75,1.75,beta in L=M^-beta,alpha in eta=M^alpha,analytic formula,R0.72B power-law corollary,strict inequality below the displayed boundary
A,old M^-2,0.775,1.1892857142857143,beta in L=M^-beta,alpha in eta=M^alpha,analytic formula,R0.72B power-law corollary,strict inequality below the displayed boundary
A,target participation M^-3,0.775,1.6178571428571427,beta in L=M^-beta,alpha in eta=M^alpha,analytic formula,R0.72B power-law corollary,strict inequality below the displayed boundary
A,coherent M^-10/3,0.775,1.7607142857142857,beta in L=M^-beta,alpha in eta=M^alpha,analytic formula,R0.72B power-law corollary,strict inequality below the displayed boundary
A,old M^-2,0.8,1.2,beta in L=M^-beta,alpha in eta=M^alpha,analytic formula,R0.72B power-law corollary,strict inequality below the displayed boundary
A,target participation M^-3,0.8,1.6285714285714286,beta in L=M^-beta,alpha in eta=M^alpha,analytic formula,R0.72B power-law corollary,strict inequality below the displayed boundary
A,coherent M^-10/3,0.8,1.7714285714285716,beta in L=M^-beta,alpha in eta=M^alpha,analytic formula,R0.72B power-law corollary,strict inequality below the displayed boundary
A,old M^-2,0.8250000000000001,1.2107142857142856,beta in L=M^-beta,alpha in eta=M^alpha,analytic formula,R0.72B power-law corollary,strict inequality below the displayed boundary
A,target participation M^-3,0.8250000000000001,1.6392857142857142,beta in L=M^-beta,alpha in eta=M^alpha,analytic formula,R0.72B power-law corollary,strict inequality below the displayed boundary
A,coherent M^-10/3,0.8250000000000001,1.782142857142857,beta in L=M^-beta,alpha in eta=M^alpha,analytic formula,R0.72B power-law corollary,strict inequality below the displayed boundary
A,old M^-2,0.8500000000000001,1.2214285714285715,beta in L=M^-beta,alpha in eta=M^alpha,analytic formula,R0.72B power-law corollary,strict inequality below the displayed boundary
A,target participation M^-3,0.8500000000000001,1.6500000000000001,beta in L=M^-beta,alpha in eta=M^alpha,analytic formula,R0.72B power-law corollary,strict inequality below the displayed boundary
A,coherent M^-10/3,0.8500000000000001,1.792857142857143,beta in L=M^-beta,alpha in eta=M^alpha,analytic formula,R0.72B power-law corollary,strict inequality below the displayed boundary
A,old M^-2,0.875,1.2321428571428572,beta in L=M^-beta,alpha in eta=M^alpha,analytic formula,R0.72B power-law corollary,strict inequality below the displayed boundary
A,target participation M^-3,0.875,1.6607142857142858,beta in L=M^-beta,alpha in eta=M^alpha,analytic formula,R0.72B power-law corollary,strict inequality below the displayed boundary
A,coherent M^-10/3,0.875,1.8035714285714286,beta in L=M^-beta,alpha in eta=M^alpha,analytic formula,R0.72B power-law corollary,strict inequality below the displayed boundary
A,old M^-2,0.9,1.2428571428571427,beta in L=M^-beta,alpha in eta=M^alpha,analytic formula,R0.72B power-law corollary,strict inequality below the displayed boundary
A,target participation M^-3,0.9,1.6714285714285713,beta in L=M^-beta,alpha in eta=M^alpha,analytic formula,R0.72B power-law corollary,strict inequality below the displayed boundary
A,coherent M^-10/3,0.9,1.8142857142857143,beta in L=M^-beta,alpha in eta=M^alpha,analytic formula,R0.72B power-law corollary,strict inequality below the displayed boundary
A,old M^-2,0.925,1.2535714285714286,beta in L=M^-beta,alpha in eta=M^alpha,analytic formula,R0.72B power-law corollary,strict inequality below the displayed boundary
A,target participation M^-3,0.925,1.6821428571428572,beta in L=M^-beta,alpha in eta=M^alpha,analytic formula,R0.72B power-law corollary,strict inequality below the displayed boundary
A,coherent M^-10/3,0.925,1.825,beta in L=M^-beta,alpha in eta=M^alpha,analytic formula,R0.72B power-law corollary,strict inequality below the displayed boundary
A,old M^-2,0.9500000000000001,1.2642857142857142,beta in L=M^-beta,alpha in eta=M^alpha,analytic formula,R0.72B power-law corollary,strict inequality below the displayed boundary
A,target participation M^-3,0.9500000000000001,1.6928571428571428,beta in L=M^-beta,alpha in eta=M^alpha,analytic formula,R0.72B power-law corollary,strict inequality below the displayed boundary
A,coherent M^-10/3,0.9500000000000001,1.8357142857142856,beta in L=M^-beta,alpha in eta=M^alpha,analytic formula,R0.72B power-law corollary,strict inequality below the displayed boundary
A,old M^-2,0.9750000000000001,1.2750000000000001,beta in L=M^-beta,alpha in eta=M^alpha,analytic formula,R0.72B power-law corollary,strict inequality below the displayed boundary
A,target participation M^-3,0.9750000000000001,1.7035714285714287,beta in L=M^-beta,alpha in eta=M^alpha,analytic formula,R0.72B power-law corollary,strict inequality below the displayed boundary
A,coherent M^-10/3,0.9750000000000001,1.8464285714285715,beta in L=M^-beta,alpha in eta=M^alpha,analytic formula,R0.72B power-law corollary,strict inequality below the displayed boundary
A,old M^-2,1.0,1.2857142857142858,beta in L=M^-beta,alpha in eta=M^alpha,analytic formula,R0.72B power-law corollary,strict inequality below the displayed boundary
A,target participation M^-3,1.0,1.7142857142857142,beta in L=M^-beta,alpha in eta=M^alpha,analytic formula,R0.72B power-law corollary,strict inequality below the displayed boundary
A,coherent M^-10/3,1.0,1.8571428571428572,beta in L=M^-beta,alpha in eta=M^alpha,analytic formula,R0.72B power-law corollary,strict inequality below the displayed boundary
A,old M^-2,1.0250000000000001,1.2964285714285713,beta in L=M^-beta,alpha in eta=M^alpha,analytic formula,R0.72B power-law corollary,strict inequality below the displayed boundary
A,target participation M^-3,1.0250000000000001,1.7249999999999999,beta in L=M^-beta,alpha in eta=M^alpha,analytic formula,R0.72B power-law corollary,strict inequality below the displayed boundary
A,coherent M^-10/3,1.0250000000000001,1.8678571428571427,beta in L=M^-beta,alpha in eta=M^alpha,analytic formula,R0.72B power-law corollary,strict inequality below the displayed boundary
A,old M^-2,1.05,1.3071428571428572,beta in L=M^-beta,alpha in eta=M^alpha,analytic formula,R0.72B power-law corollary,strict inequality below the displayed boundary
A,target participation M^-3,1.05,1.7357142857142858,beta in L=M^-beta,alpha in eta=M^alpha,analytic formula,R0.72B power-law corollary,strict inequality below the displayed boundary
A,coherent M^-10/3,1.05,1.8785714285714286,beta in L=M^-beta,alpha in eta=M^alpha,analytic formula,R0.72B power-law corollary,strict inequality below the displayed boundary
A,old M^-2,1.075,1.3178571428571428,beta in L=M^-beta,alpha in eta=M^alpha,analytic formula,R0.72B power-law corollary,strict inequality below the displayed boundary
A,target participation M^-3,1.075,1.7464285714285714,beta in L=M^-beta,alpha in eta=M^alpha,analytic formula,R0.72B power-law corollary,strict inequality below the displayed boundary
A,coherent M^-10/3,1.075,1.8892857142857142,beta in L=M^-beta,alpha in eta=M^alpha,analytic formula,R0.72B power-law corollary,strict inequality below the displayed boundary
A,old M^-2,1.1,1.3285714285714287,beta in L=M^-beta,alpha in eta=M^alpha,analytic formula,R0.72B power-law corollary,strict inequality below the displayed boundary
A,target participation M^-3,1.1,1.7571428571428573,beta in L=M^-beta,alpha in eta=M^alpha,analytic formula,R0.72B power-law corollary,strict inequality below the displayed boundary
A,coherent M^-10/3,1.1,1.9000000000000001,beta in L=M^-beta,alpha in eta=M^alpha,analytic formula,R0.72B power-law corollary,strict inequality below the displayed boundary
A,old M^-2,1.125,1.3392857142857142,beta in L=M^-beta,alpha in eta=M^alpha,analytic formula,R0.72B power-law corollary,strict inequality below the displayed boundary
A,target participation M^-3,1.125,1.7678571428571428,beta in L=M^-beta,alpha in eta=M^alpha,analytic formula,R0.72B power-law corollary,strict inequality below the displayed boundary
A,coherent M^-10/3,1.125,1.9107142857142858,beta in L=M^-beta,alpha in eta=M^alpha,analytic formula,R0.72B power-law corollary,strict inequality below the displayed boundary
A,old M^-2,1.1500000000000001,1.3499999999999999,beta in L=M^-beta,alpha in eta=M^alpha,analytic formula,R0.72B power-law corollary,strict inequality below the displayed boundary
A,target participation M^-3,1.1500000000000001,1.7785714285714285,beta in L=M^-beta,alpha in eta=M^alpha,analytic formula,R0.72B power-law corollary,strict inequality below the displayed boundary
A,coherent M^-10/3,1.1500000000000001,1.9214285714285713,beta in L=M^-beta,alpha in eta=M^alpha,analytic formula,R0.72B power-law corollary,strict inequality below the displayed boundary
A,old M^-2,1.175,1.3607142857142858,beta in L=M^-beta,alpha in eta=M^alpha,analytic formula,R0.72B power-law corollary,strict inequality below the displayed boundary
A,target participation M^-3,1.175,1.7892857142857144,beta in L=M^-beta,alpha in eta=M^alpha,analytic formula,R0.72B power-law corollary,strict inequality below the displayed boundary
A,coherent M^-10/3,1.175,1.9321428571428572,beta in L=M^-beta,alpha in eta=M^alpha,analytic formula,R0.72B power-law corollary,strict inequality below the displayed boundary
A,old M^-2,1.2000000000000002,1.3714285714285717,beta in L=M^-beta,alpha in eta=M^alpha,analytic formula,R0.72B power-law corollary,strict inequality below the displayed boundary
A,target participation M^-3,1.2000000000000002,1.8000000000000003,beta in L=M^-beta,alpha in eta=M^alpha,analytic formula,R0.72B power-law corollary,strict inequality below the displayed boundary
A,coherent M^-10/3,1.2000000000000002,1.942857142857143,beta in L=M^-beta,alpha in eta=M^alpha,analytic formula,R0.72B power-law corollary,strict inequality below the displayed boundary
A,old M^-2,1.225,1.3821428571428573,beta in L=M^-beta,alpha in eta=M^alpha,analytic formula,R0.72B power-law corollary,strict inequality below the displayed boundary
A,target participation M^-3,1.225,1.8107142857142857,beta in L=M^-beta,alpha in eta=M^alpha,analytic formula,R0.72B power-law corollary,strict inequality below the displayed boundary
A,coherent M^-10/3,1.225,1.9535714285714287,beta in L=M^-beta,alpha in eta=M^alpha,analytic formula,R0.72B power-law corollary,strict inequality below the displayed boundary
A,old M^-2,1.25,1.3928571428571428,beta in L=M^-beta,alpha in eta=M^alpha,analytic formula,R0.72B power-law corollary,strict inequality below the displayed boundary
A,target participation M^-3,1.25,1.8214285714285714,beta in L=M^-beta,alpha in eta=M^alpha,analytic formula,R0.72B power-law corollary,strict inequality below the displayed boundary
A,coherent M^-10/3,1.25,1.9642857142857142,beta in L=M^-beta,alpha in eta=M^alpha,analytic formula,R0.72B power-law corollary,strict inequality below the displayed boundary
A,old M^-2,1.2750000000000001,1.4035714285714285,beta in L=M^-beta,alpha in eta=M^alpha,analytic formula,R0.72B power-law corollary,strict inequality below the displayed boundary
A,target participation M^-3,1.2750000000000001,1.832142857142857,beta in L=M^-beta,alpha in eta=M^alpha,analytic formula,R0.72B power-law corollary,strict inequality below the displayed boundary
A,coherent M^-10/3,1.2750000000000001,1.9749999999999999,beta in L=M^-beta,alpha in eta=M^alpha,analytic formula,R0.72B power-law corollary,strict inequality below the displayed boundary
A,old M^-2,1.3,1.4142857142857144,beta in L=M^-beta,alpha in eta=M^alpha,analytic formula,R0.72B power-law corollary,strict inequality below the displayed boundary
A,target participation M^-3,1.3,1.842857142857143,beta in L=M^-beta,alpha in eta=M^alpha,analytic formula,R0.72B power-law corollary,strict inequality below the displayed boundary
A,coherent M^-10/3,1.3,1.9857142857142858,beta in L=M^-beta,alpha in eta=M^alpha,analytic formula,R0.72B power-law corollary,strict inequality below the displayed boundary
A,old M^-2,1.3250000000000002,1.4250000000000003,beta in L=M^-beta,alpha in eta=M^alpha,analytic formula,R0.72B power-law corollary,strict inequality below the displayed boundary
A,target participation M^-3,1.3250000000000002,1.8535714285714289,beta in L=M^-beta,alpha in eta=M^alpha,analytic formula,R0.72B power-law corollary,strict inequality below the displayed boundary
A,coherent M^-10/3,1.3250000000000002,1.9964285714285717,beta in L=M^-beta,alpha in eta=M^alpha,analytic formula,R0.72B power-law corollary,strict inequality below the displayed boundary
A,old M^-2,1.35,1.4357142857142857,beta in L=M^-beta,alpha in eta=M^alpha,analytic formula,R0.72B power-law corollary,strict inequality below the displayed boundary
A,target participation M^-3,1.35,1.8642857142857143,beta in L=M^-beta,alpha in eta=M^alpha,analytic formula,R0.72B power-law corollary,strict inequality below the displayed boundary
A,coherent M^-10/3,1.35,2.007142857142857,beta in L=M^-beta,alpha in eta=M^alpha,analytic formula,R0.72B power-law corollary,strict inequality below the displayed boundary
A,old M^-2,1.375,1.4464285714285714,beta in L=M^-beta,alpha in eta=M^alpha,analytic formula,R0.72B power-law corollary,strict inequality below the displayed boundary
A,target participation M^-3,1.375,1.875,beta in L=M^-beta,alpha in eta=M^alpha,analytic formula,R0.72B power-law corollary,strict inequality below the displayed boundary
A,coherent M^-10/3,1.375,2.017857142857143,beta in L=M^-beta,alpha in eta=M^alpha,analytic formula,R0.72B power-law corollary,strict inequality below the displayed boundary
A,old M^-2,1.4000000000000001,1.457142857142857,beta in L=M^-beta,alpha in eta=M^alpha,analytic formula,R0.72B power-law corollary,strict inequality below the displayed boundary
A,target participation M^-3,1.4000000000000001,1.8857142857142857,beta in L=M^-beta,alpha in eta=M^alpha,analytic formula,R0.72B power-law corollary,strict inequality below the displayed boundary
A,coherent M^-10/3,1.4000000000000001,2.0285714285714285,beta in L=M^-beta,alpha in eta=M^alpha,analytic formula,R0.72B power-law corollary,strict inequality below the displayed boundary
A,old M^-2,1.425,1.467857142857143,beta in L=M^-beta,alpha in eta=M^alpha,analytic formula,R0.72B power-law corollary,strict inequality below the displayed boundary
A,target participation M^-3,1.425,1.8964285714285716,beta in L=M^-beta,alpha in eta=M^alpha,analytic formula,R0.72B power-law corollary,strict inequality below the displayed boundary
A,coherent M^-10/3,1.425,2.039285714285714,beta in L=M^-beta,alpha in eta=M^alpha,analytic formula,R0.72B power-law corollary,strict inequality below the displayed boundary
A,old M^-2,1.4500000000000002,1.4785714285714289,beta in L=M^-beta,alpha in eta=M^alpha,analytic formula,R0.72B power-law corollary,strict inequality below the displayed boundary
A,target participation M^-3,1.4500000000000002,1.9071428571428573,beta in L=M^-beta,alpha in eta=M^alpha,analytic formula,R0.72B power-law corollary,strict inequality below the displayed boundary
A,coherent M^-10/3,1.4500000000000002,2.0500000000000003,beta in L=M^-beta,alpha in eta=M^alpha,analytic formula,R0.72B power-law corollary,strict inequality below the displayed boundary
A,old M^-2,1.475,1.4892857142857143,beta in L=M^-beta,alpha in eta=M^alpha,analytic formula,R0.72B power-law corollary,strict inequality below the displayed boundary
A,target participation M^-3,1.475,1.917857142857143,beta in L=M^-beta,alpha in eta=M^alpha,analytic formula,R0.72B power-law corollary,strict inequality below the displayed boundary
A,coherent M^-10/3,1.475,2.060714285714286,beta in L=M^-beta,alpha in eta=M^alpha,analytic formula,R0.72B power-law corollary,strict inequality below the displayed boundary
A,old M^-2,1.5,1.5,beta in L=M^-beta,alpha in eta=M^alpha,analytic formula,R0.72B power-law corollary,strict inequality below the displayed boundary
A,target participation M^-3,1.5,1.9285714285714286,beta in L=M^-beta,alpha in eta=M^alpha,analytic formula,R0.72B power-law corollary,strict inequality below the displayed boundary
A,coherent M^-10/3,1.5,2.0714285714285716,beta in L=M^-beta,alpha in eta=M^alpha,analytic formula,R0.72B power-law corollary,strict inequality below the displayed boundary
A,old M^-2,1.5250000000000001,1.5,beta in L=M^-beta,alpha in eta=M^alpha,analytic formula,R0.72B power-law corollary,strict inequality below the displayed boundary
A,target participation M^-3,1.5250000000000001,1.9392857142857143,beta in L=M^-beta,alpha in eta=M^alpha,analytic formula,R0.72B power-law corollary,strict inequality below the displayed boundary
A,coherent M^-10/3,1.5250000000000001,2.082142857142857,beta in L=M^-beta,alpha in eta=M^alpha,analytic formula,R0.72B power-law corollary,strict inequality below the displayed boundary
A,old M^-2,1.55,1.5,beta in L=M^-beta,alpha in eta=M^alpha,analytic formula,R0.72B power-law corollary,strict inequality below the displayed boundary
A,target participation M^-3,1.55,1.95,beta in L=M^-beta,alpha in eta=M^alpha,analytic formula,R0.72B power-law corollary,strict inequality below the displayed boundary
A,coherent M^-10/3,1.55,2.092857142857143,beta in L=M^-beta,alpha in eta=M^alpha,analytic formula,R0.72B power-law corollary,strict inequality below the displayed boundary
A,old M^-2,1.5750000000000002,1.5,beta in L=M^-beta,alpha in eta=M^alpha,analytic formula,R0.72B power-law corollary,strict inequality below the displayed boundary
A,target participation M^-3,1.5750000000000002,1.9607142857142859,beta in L=M^-beta,alpha in eta=M^alpha,analytic formula,R0.72B power-law corollary,strict inequality below the displayed boundary
A,coherent M^-10/3,1.5750000000000002,2.1035714285714286,beta in L=M^-beta,alpha in eta=M^alpha,analytic formula,R0.72B power-law corollary,strict inequality below the displayed boundary
A,old M^-2,1.6,1.5,beta in L=M^-beta,alpha in eta=M^alpha,analytic formula,R0.72B power-law corollary,strict inequality below the displayed boundary
A,target participation M^-3,1.6,1.9714285714285715,beta in L=M^-beta,alpha in eta=M^alpha,analytic formula,R0.72B power-law corollary,strict inequality below the displayed boundary
A,coherent M^-10/3,1.6,2.1142857142857143,beta in L=M^-beta,alpha in eta=M^alpha,analytic formula,R0.72B power-law corollary,strict inequality below the displayed boundary
A,old M^-2,1.625,1.5,beta in L=M^-beta,alpha in eta=M^alpha,analytic formula,R0.72B power-law corollary,strict inequality below the displayed boundary
A,target participation M^-3,1.625,1.9821428571428572,beta in L=M^-beta,alpha in eta=M^alpha,analytic formula,R0.72B power-law corollary,strict inequality below the displayed boundary
A,coherent M^-10/3,1.625,2.125,beta in L=M^-beta,alpha in eta=M^alpha,analytic formula,R0.72B power-law corollary,strict inequality below the displayed boundary
A,old M^-2,1.6500000000000001,1.5,beta in L=M^-beta,alpha in eta=M^alpha,analytic formula,R0.72B power-law corollary,strict inequality below the displayed boundary
A,target participation M^-3,1.6500000000000001,1.9928571428571427,beta in L=M^-beta,alpha in eta=M^alpha,analytic formula,R0.72B power-law corollary,strict inequality below the displayed boundary
A,coherent M^-10/3,1.6500000000000001,2.1357142857142857,beta in L=M^-beta,alpha in eta=M^alpha,analytic formula,R0.72B power-law corollary,strict inequality below the displayed boundary
A,old M^-2,1.675,1.5,beta in L=M^-beta,alpha in eta=M^alpha,analytic formula,R0.72B power-law corollary,strict inequality below the displayed boundary
A,target participation M^-3,1.675,2.0035714285714286,beta in L=M^-beta,alpha in eta=M^alpha,analytic formula,R0.72B power-law corollary,strict inequality below the displayed boundary
A,coherent M^-10/3,1.675,2.1464285714285714,beta in L=M^-beta,alpha in eta=M^alpha,analytic formula,R0.72B power-law corollary,strict inequality below the displayed boundary
A,old M^-2,1.7000000000000002,1.5,beta in L=M^-beta,alpha in eta=M^alpha,analytic formula,R0.72B power-law corollary,strict inequality below the displayed boundary
A,target participation M^-3,1.7000000000000002,2.0142857142857147,beta in L=M^-beta,alpha in eta=M^alpha,analytic formula,R0.72B power-law corollary,strict inequality below the displayed boundary
A,coherent M^-10/3,1.7000000000000002,2.1571428571428575,beta in L=M^-beta,alpha in eta=M^alpha,analytic formula,R0.72B power-law corollary,strict inequality below the displayed boundary
A,old M^-2,1.725,1.5,beta in L=M^-beta,alpha in eta=M^alpha,analytic formula,R0.72B power-law corollary,strict inequality below the displayed boundary
A,target participation M^-3,1.725,2.025,beta in L=M^-beta,alpha in eta=M^alpha,analytic formula,R0.72B power-law corollary,strict inequality below the displayed boundary
A,coherent M^-10/3,1.725,2.167857142857143,beta in L=M^-beta,alpha in eta=M^alpha,analytic formula,R0.72B power-law corollary,strict inequality below the displayed boundary
A,old M^-2,1.75,1.5,beta in L=M^-beta,alpha in eta=M^alpha,analytic formula,R0.72B power-law corollary,strict inequality below the displayed boundary
A,target participation M^-3,1.75,2.0357142857142856,beta in L=M^-beta,alpha in eta=M^alpha,analytic formula,R0.72B power-law corollary,strict inequality below the displayed boundary
A,coherent M^-10/3,1.75,2.1785714285714284,beta in L=M^-beta,alpha in eta=M^alpha,analytic formula,R0.72B power-law corollary,strict inequality below the displayed boundary
A,old M^-2,1.7750000000000001,1.5,beta in L=M^-beta,alpha in eta=M^alpha,analytic formula,R0.72B power-law corollary,strict inequality below the displayed boundary
A,target participation M^-3,1.7750000000000001,2.0464285714285713,beta in L=M^-beta,alpha in eta=M^alpha,analytic formula,R0.72B power-law corollary,strict inequality below the displayed boundary
A,coherent M^-10/3,1.7750000000000001,2.189285714285714,beta in L=M^-beta,alpha in eta=M^alpha,analytic formula,R0.72B power-law corollary,strict inequality below the displayed boundary
A,old M^-2,1.8,1.5,beta in L=M^-beta,alpha in eta=M^alpha,analytic formula,R0.72B power-law corollary,strict inequality below the displayed boundary
A,target participation M^-3,1.8,2.0571428571428574,beta in L=M^-beta,alpha in eta=M^alpha,analytic formula,R0.72B power-law corollary,strict inequality below the displayed boundary
A,coherent M^-10/3,1.8,2.2,beta in L=M^-beta,alpha in eta=M^alpha,analytic formula,R0.72B power-law corollary,strict inequality below the displayed boundary
A,old M^-2,1.8250000000000002,1.5,beta in L=M^-beta,alpha in eta=M^alpha,analytic formula,R0.72B power-law corollary,strict inequality below the displayed boundary
A,target participation M^-3,1.8250000000000002,2.067857142857143,beta in L=M^-beta,alpha in eta=M^alpha,analytic formula,R0.72B power-law corollary,strict inequality below the displayed boundary
A,coherent M^-10/3,1.8250000000000002,2.210714285714286,beta in L=M^-beta,alpha in eta=M^alpha,analytic formula,R0.72B power-law corollary,strict inequality below the displayed boundary
A,old M^-2,1.85,1.5,beta in L=M^-beta,alpha in eta=M^alpha,analytic formula,R0.72B power-law corollary,strict inequality below the displayed boundary
A,target participation M^-3,1.85,2.0785714285714287,beta in L=M^-beta,alpha in eta=M^alpha,analytic formula,R0.72B power-law corollary,strict inequality below the displayed boundary
A,coherent M^-10/3,1.85,2.2214285714285715,beta in L=M^-beta,alpha in eta=M^alpha,analytic formula,R0.72B power-law corollary,strict inequality below the displayed boundary
A,old M^-2,1.875,1.5,beta in L=M^-beta,alpha in eta=M^alpha,analytic formula,R0.72B power-law corollary,strict inequality below the displayed boundary
A,target participation M^-3,1.875,2.0892857142857144,beta in L=M^-beta,alpha in eta=M^alpha,analytic formula,R0.72B power-law corollary,strict inequality below the displayed boundary
A,coherent M^-10/3,1.875,2.232142857142857,beta in L=M^-beta,alpha in eta=M^alpha,analytic formula,R0.72B power-law corollary,strict inequality below the displayed boundary
A,old M^-2,1.9000000000000001,1.5,beta in L=M^-beta,alpha in eta=M^alpha,analytic formula,R0.72B power-law corollary,strict inequality below the displayed boundary
A,target participation M^-3,1.9000000000000001,2.1,beta in L=M^-beta,alpha in eta=M^alpha,analytic formula,R0.72B power-law corollary,strict inequality below the displayed boundary
A,coherent M^-10/3,1.9000000000000001,2.242857142857143,beta in L=M^-beta,alpha in eta=M^alpha,analytic formula,R0.72B power-law corollary,strict inequality below the displayed boundary
A,old M^-2,1.925,1.5,beta in L=M^-beta,alpha in eta=M^alpha,analytic formula,R0.72B power-law corollary,strict inequality below the displayed boundary
A,target participation M^-3,1.925,2.1107142857142858,beta in L=M^-beta,alpha in eta=M^alpha,analytic formula,R0.72B power-law corollary,strict inequality below the displayed boundary
A,coherent M^-10/3,1.925,2.2535714285714286,beta in L=M^-beta,alpha in eta=M^alpha,analytic formula,R0.72B power-law corollary,strict inequality below the displayed boundary
A,old M^-2,1.9500000000000002,1.5,beta in L=M^-beta,alpha in eta=M^alpha,analytic formula,R0.72B power-law corollary,strict inequality below the displayed boundary
A,target participation M^-3,1.9500000000000002,2.1214285714285714,beta in L=M^-beta,alpha in eta=M^alpha,analytic formula,R0.72B power-law corollary,strict inequality below the displayed boundary
A,coherent M^-10/3,1.9500000000000002,2.2642857142857147,beta in L=M^-beta,alpha in eta=M^alpha,analytic formula,R0.72B power-law corollary,strict inequality below the displayed boundary
A,old M^-2,1.975,1.5,beta in L=M^-beta,alpha in eta=M^alpha,analytic formula,R0.72B power-law corollary,strict inequality below the displayed boundary
A,target participation M^-3,1.975,2.132142857142857,beta in L=M^-beta,alpha in eta=M^alpha,analytic formula,R0.72B power-law corollary,strict inequality below the displayed boundary
A,coherent M^-10/3,1.975,2.275,beta in L=M^-beta,alpha in eta=M^alpha,analytic formula,R0.72B power-law corollary,strict inequality below the displayed boundary
A,old M^-2,2.0,1.5,beta in L=M^-beta,alpha in eta=M^alpha,analytic formula,R0.72B power-law corollary,strict inequality below the displayed boundary
A,target participation M^-3,2.0,2.142857142857143,beta in L=M^-beta,alpha in eta=M^alpha,analytic formula,R0.72B power-law corollary,strict inequality below the displayed boundary
A,coherent M^-10/3,2.0,2.2857142857142856,beta in L=M^-beta,alpha in eta=M^alpha,analytic formula,R0.72B power-law corollary,strict inequality below the displayed boundary
A,old M^-2,2.025,1.5,beta in L=M^-beta,alpha in eta=M^alpha,analytic formula,R0.72B power-law corollary,strict inequality below the displayed boundary
A,target participation M^-3,2.025,2.1535714285714285,beta in L=M^-beta,alpha in eta=M^alpha,analytic formula,R0.72B power-law corollary,strict inequality below the displayed boundary
A,coherent M^-10/3,2.025,2.2964285714285713,beta in L=M^-beta,alpha in eta=M^alpha,analytic formula,R0.72B power-law corollary,strict inequality below the displayed boundary
A,old M^-2,2.0500000000000003,1.5,beta in L=M^-beta,alpha in eta=M^alpha,analytic formula,R0.72B power-law corollary,strict inequality below the displayed boundary
A,target participation M^-3,2.0500000000000003,2.164285714285714,beta in L=M^-beta,alpha in eta=M^alpha,analytic formula,R0.72B power-law corollary,strict inequality below the displayed boundary
A,coherent M^-10/3,2.0500000000000003,2.307142857142857,beta in L=M^-beta,alpha in eta=M^alpha,analytic formula,R0.72B power-law corollary,strict inequality below the displayed boundary
A,old M^-2,2.075,1.5,beta in L=M^-beta,alpha in eta=M^alpha,analytic formula,R0.72B power-law corollary,strict inequality below the displayed boundary
A,target participation M^-3,2.075,2.1750000000000003,beta in L=M^-beta,alpha in eta=M^alpha,analytic formula,R0.72B power-law corollary,strict inequality below the displayed boundary
A,coherent M^-10/3,2.075,2.317857142857143,beta in L=M^-beta,alpha in eta=M^alpha,analytic formula,R0.72B power-law corollary,strict inequality below the displayed boundary
A,old M^-2,2.1,1.5,beta in L=M^-beta,alpha in eta=M^alpha,analytic formula,R0.72B power-law corollary,strict inequality below the displayed boundary
A,target participation M^-3,2.1,2.185714285714286,beta in L=M^-beta,alpha in eta=M^alpha,analytic formula,R0.72B power-law corollary,strict inequality below the displayed boundary
A,coherent M^-10/3,2.1,2.3285714285714287,beta in L=M^-beta,alpha in eta=M^alpha,analytic formula,R0.72B power-law corollary,strict inequality below the displayed boundary
A,old M^-2,2.125,1.5,beta in L=M^-beta,alpha in eta=M^alpha,analytic formula,R0.72B power-law corollary,strict inequality below the displayed boundary
A,target participation M^-3,2.125,2.1964285714285716,beta in L=M^-beta,alpha in eta=M^alpha,analytic formula,R0.72B power-law corollary,strict inequality below the displayed boundary
A,coherent M^-10/3,2.125,2.3392857142857144,beta in L=M^-beta,alpha in eta=M^alpha,analytic formula,R0.72B power-law corollary,strict inequality below the displayed boundary
A,old M^-2,2.15,1.5,beta in L=M^-beta,alpha in eta=M^alpha,analytic formula,R0.72B power-law corollary,strict inequality below the displayed boundary
A,target participation M^-3,2.15,2.207142857142857,beta in L=M^-beta,alpha in eta=M^alpha,analytic formula,R0.72B power-law corollary,strict inequality below the displayed boundary
A,coherent M^-10/3,2.15,2.35,beta in L=M^-beta,alpha in eta=M^alpha,analytic formula,R0.72B power-law corollary,strict inequality below the displayed boundary
A,old M^-2,2.1750000000000003,1.5,beta in L=M^-beta,alpha in eta=M^alpha,analytic formula,R0.72B power-law corollary,strict inequality below the displayed boundary
A,target participation M^-3,2.1750000000000003,2.217857142857143,beta in L=M^-beta,alpha in eta=M^alpha,analytic formula,R0.72B power-law corollary,strict inequality below the displayed boundary
A,coherent M^-10/3,2.1750000000000003,2.3607142857142853,beta in L=M^-beta,alpha in eta=M^alpha,analytic formula,R0.72B power-law corollary,strict inequality below the displayed boundary
A,old M^-2,2.2,1.5,beta in L=M^-beta,alpha in eta=M^alpha,analytic formula,R0.72B power-law corollary,strict inequality below the displayed boundary
A,target participation M^-3,2.2,2.2285714285714286,beta in L=M^-beta,alpha in eta=M^alpha,analytic formula,R0.72B power-law corollary,strict inequality below the displayed boundary
A,coherent M^-10/3,2.2,2.3714285714285714,beta in L=M^-beta,alpha in eta=M^alpha,analytic formula,R0.72B power-law corollary,strict inequality below the displayed boundary
A,old M^-2,2.225,1.5,beta in L=M^-beta,alpha in eta=M^alpha,analytic formula,R0.72B power-law corollary,strict inequality below the displayed boundary
A,target participation M^-3,2.225,2.2392857142857143,beta in L=M^-beta,alpha in eta=M^alpha,analytic formula,R0.72B power-law corollary,strict inequality below the displayed boundary
A,coherent M^-10/3,2.225,2.382142857142857,beta in L=M^-beta,alpha in eta=M^alpha,analytic formula,R0.72B power-law corollary,strict inequality below the displayed boundary
A,old M^-2,2.25,1.5,beta in L=M^-beta,alpha in eta=M^alpha,analytic formula,R0.72B power-law corollary,strict inequality below the displayed boundary
A,target participation M^-3,2.25,2.25,beta in L=M^-beta,alpha in eta=M^alpha,analytic formula,R0.72B power-law corollary,strict inequality below the displayed boundary
A,coherent M^-10/3,2.25,2.392857142857143,beta in L=M^-beta,alpha in eta=M^alpha,analytic formula,R0.72B power-law corollary,strict inequality below the displayed boundary
A,old M^-2,2.275,1.5,beta in L=M^-beta,alpha in eta=M^alpha,analytic formula,R0.72B power-law corollary,strict inequality below the displayed boundary
A,target participation M^-3,2.275,2.25,beta in L=M^-beta,alpha in eta=M^alpha,analytic formula,R0.72B power-law corollary,strict inequality below the displayed boundary
A,coherent M^-10/3,2.275,2.4035714285714285,beta in L=M^-beta,alpha in eta=M^alpha,analytic formula,R0.72B power-law corollary,strict inequality below the displayed boundary
A,old M^-2,2.3000000000000003,1.5,beta in L=M^-beta,alpha in eta=M^alpha,analytic formula,R0.72B power-law corollary,strict inequality below the displayed boundary
A,target participation M^-3,2.3000000000000003,2.25,beta in L=M^-beta,alpha in eta=M^alpha,analytic formula,R0.72B power-law corollary,strict inequality below the displayed boundary
A,coherent M^-10/3,2.3000000000000003,2.414285714285714,beta in L=M^-beta,alpha in eta=M^alpha,analytic formula,R0.72B power-law corollary,strict inequality below the displayed boundary
A,old M^-2,2.325,1.5,beta in L=M^-beta,alpha in eta=M^alpha,analytic formula,R0.72B power-law corollary,strict inequality below the displayed boundary
A,target participation M^-3,2.325,2.25,beta in L=M^-beta,alpha in eta=M^alpha,analytic formula,R0.72B power-law corollary,strict inequality below the displayed boundary
A,coherent M^-10/3,2.325,2.4250000000000003,beta in L=M^-beta,alpha in eta=M^alpha,analytic formula,R0.72B power-law corollary,strict inequality below the displayed boundary
A,old M^-2,2.35,1.5,beta in L=M^-beta,alpha in eta=M^alpha,analytic formula,R0.72B power-law corollary,strict inequality below the displayed boundary
A,target participation M^-3,2.35,2.25,beta in L=M^-beta,alpha in eta=M^alpha,analytic formula,R0.72B power-law corollary,strict inequality below the displayed boundary
A,coherent M^-10/3,2.35,2.435714285714286,beta in L=M^-beta,alpha in eta=M^alpha,analytic formula,R0.72B power-law corollary,strict inequality below the displayed boundary
A,old M^-2,2.375,1.5,beta in L=M^-beta,alpha in eta=M^alpha,analytic formula,R0.72B power-law corollary,strict inequality below the displayed boundary
A,target participation M^-3,2.375,2.25,beta in L=M^-beta,alpha in eta=M^alpha,analytic formula,R0.72B power-law corollary,strict inequality below the displayed boundary
A,coherent M^-10/3,2.375,2.4464285714285716,beta in L=M^-beta,alpha in eta=M^alpha,analytic formula,R0.72B power-law corollary,strict inequality below the displayed boundary
A,old M^-2,2.4000000000000004,1.5,beta in L=M^-beta,alpha in eta=M^alpha,analytic formula,R0.72B power-law corollary,strict inequality below the displayed boundary
A,target participation M^-3,2.4000000000000004,2.25,beta in L=M^-beta,alpha in eta=M^alpha,analytic formula,R0.72B power-law corollary,strict inequality below the displayed boundary
A,coherent M^-10/3,2.4000000000000004,2.4571428571428577,beta in L=M^-beta,alpha in eta=M^alpha,analytic formula,R0.72B power-law corollary,strict inequality below the displayed boundary
A,old M^-2,2.4250000000000003,1.5,beta in L=M^-beta,alpha in eta=M^alpha,analytic formula,R0.72B power-law corollary,strict inequality below the displayed boundary
A,target participation M^-3,2.4250000000000003,2.25,beta in L=M^-beta,alpha in eta=M^alpha,analytic formula,R0.72B power-law corollary,strict inequality below the displayed boundary
A,coherent M^-10/3,2.4250000000000003,2.4678571428571425,beta in L=M^-beta,alpha in eta=M^alpha,analytic formula,R0.72B power-law corollary,strict inequality below the displayed boundary
A,old M^-2,2.45,1.5,beta in L=M^-beta,alpha in eta=M^alpha,analytic formula,R0.72B power-law corollary,strict inequality below the displayed boundary
A,target participation M^-3,2.45,2.25,beta in L=M^-beta,alpha in eta=M^alpha,analytic formula,R0.72B power-law corollary,strict inequality below the displayed boundary
A,coherent M^-10/3,2.45,2.4785714285714286,beta in L=M^-beta,alpha in eta=M^alpha,analytic formula,R0.72B power-law corollary,strict inequality below the displayed boundary
A,old M^-2,2.475,1.5,beta in L=M^-beta,alpha in eta=M^alpha,analytic formula,R0.72B power-law corollary,strict inequality below the displayed boundary
A,target participation M^-3,2.475,2.25,beta in L=M^-beta,alpha in eta=M^alpha,analytic formula,R0.72B power-law corollary,strict inequality below the displayed boundary
A,coherent M^-10/3,2.475,2.4892857142857143,beta in L=M^-beta,alpha in eta=M^alpha,analytic formula,R0.72B power-law corollary,strict inequality below the displayed boundary
A,old M^-2,2.5,1.5,beta in L=M^-beta,alpha in eta=M^alpha,analytic formula,R0.72B power-law corollary,strict inequality below the displayed boundary
A,target participation M^-3,2.5,2.25,beta in L=M^-beta,alpha in eta=M^alpha,analytic formula,R0.72B power-law corollary,strict inequality below the displayed boundary
A,coherent M^-10/3,2.5,2.5,beta in L=M^-beta,alpha in eta=M^alpha,analytic formula,R0.72B power-law corollary,strict inequality below the displayed boundary
A,old M^-2,2.5250000000000004,1.5,beta in L=M^-beta,alpha in eta=M^alpha,analytic formula,R0.72B power-law corollary,strict inequality below the displayed boundary
A,target participation M^-3,2.5250000000000004,2.25,beta in L=M^-beta,alpha in eta=M^alpha,analytic formula,R0.72B power-law corollary,strict inequality below the displayed boundary
A,coherent M^-10/3,2.5250000000000004,2.5,beta in L=M^-beta,alpha in eta=M^alpha,analytic formula,R0.72B power-law corollary,strict inequality below the displayed boundary
A,old M^-2,2.5500000000000003,1.5,beta in L=M^-beta,alpha in eta=M^alpha,analytic formula,R0.72B power-law corollary,strict inequality below the displayed boundary
A,target participation M^-3,2.5500000000000003,2.25,beta in L=M^-beta,alpha in eta=M^alpha,analytic formula,R0.72B power-law corollary,strict inequality below the displayed boundary
A,coherent M^-10/3,2.5500000000000003,2.5,beta in L=M^-beta,alpha in eta=M^alpha,analytic formula,R0.72B power-law corollary,strict inequality below the displayed boundary
A,old M^-2,2.575,1.5,beta in L=M^-beta,alpha in eta=M^alpha,analytic formula,R0.72B power-law corollary,strict inequality below the displayed boundary
A,target participation M^-3,2.575,2.25,beta in L=M^-beta,alpha in eta=M^alpha,analytic formula,R0.72B power-law corollary,strict inequality below the displayed boundary
A,coherent M^-10/3,2.575,2.5,beta in L=M^-beta,alpha in eta=M^alpha,analytic formula,R0.72B power-law corollary,strict inequality below the displayed boundary
A,old M^-2,2.6,1.5,beta in L=M^-beta,alpha in eta=M^alpha,analytic formula,R0.72B power-law corollary,strict inequality below the displayed boundary
A,target participation M^-3,2.6,2.25,beta in L=M^-beta,alpha in eta=M^alpha,analytic formula,R0.72B power-law corollary,strict inequality below the displayed boundary
A,coherent M^-10/3,2.6,2.5,beta in L=M^-beta,alpha in eta=M^alpha,analytic formula,R0.72B power-law corollary,strict inequality below the displayed boundary
A,old M^-2,2.625,1.5,beta in L=M^-beta,alpha in eta=M^alpha,analytic formula,R0.72B power-law corollary,strict inequality below the displayed boundary
A,target participation M^-3,2.625,2.25,beta in L=M^-beta,alpha in eta=M^alpha,analytic formula,R0.72B power-law corollary,strict inequality below the displayed boundary
A,coherent M^-10/3,2.625,2.5,beta in L=M^-beta,alpha in eta=M^alpha,analytic formula,R0.72B power-law corollary,strict inequality below the displayed boundary
A,old M^-2,2.6500000000000004,1.5,beta in L=M^-beta,alpha in eta=M^alpha,analytic formula,R0.72B power-law corollary,strict inequality below the displayed boundary
A,target participation M^-3,2.6500000000000004,2.25,beta in L=M^-beta,alpha in eta=M^alpha,analytic formula,R0.72B power-law corollary,strict inequality below the displayed boundary
A,coherent M^-10/3,2.6500000000000004,2.5,beta in L=M^-beta,alpha in eta=M^alpha,analytic formula,R0.72B power-law corollary,strict inequality below the displayed boundary
A,old M^-2,2.6750000000000003,1.5,beta in L=M^-beta,alpha in eta=M^alpha,analytic formula,R0.72B power-law corollary,strict inequality below the displayed boundary
A,target participation M^-3,2.6750000000000003,2.25,beta in L=M^-beta,alpha in eta=M^alpha,analytic formula,R0.72B power-law corollary,strict inequality below the displayed boundary
A,coherent M^-10/3,2.6750000000000003,2.5,beta in L=M^-beta,alpha in eta=M^alpha,analytic formula,R0.72B power-law corollary,strict inequality below the displayed boundary
A,old M^-2,2.7,1.5,beta in L=M^-beta,alpha in eta=M^alpha,analytic formula,R0.72B power-law corollary,strict inequality below the displayed boundary
A,target participation M^-3,2.7,2.25,beta in L=M^-beta,alpha in eta=M^alpha,analytic formula,R0.72B power-law corollary,strict inequality below the displayed boundary
A,coherent M^-10/3,2.7,2.5,beta in L=M^-beta,alpha in eta=M^alpha,analytic formula,R0.72B power-law corollary,strict inequality below the displayed boundary
A,old M^-2,2.725,1.5,beta in L=M^-beta,alpha in eta=M^alpha,analytic formula,R0.72B power-law corollary,strict inequality below the displayed boundary
A,target participation M^-3,2.725,2.25,beta in L=M^-beta,alpha in eta=M^alpha,analytic formula,R0.72B power-law corollary,strict inequality below the displayed boundary
A,coherent M^-10/3,2.725,2.5,beta in L=M^-beta,alpha in eta=M^alpha,analytic formula,R0.72B power-law corollary,strict inequality below the displayed boundary
A,old M^-2,2.75,1.5,beta in L=M^-beta,alpha in eta=M^alpha,analytic formula,R0.72B power-law corollary,strict inequality below the displayed boundary
A,target participation M^-3,2.75,2.25,beta in L=M^-beta,alpha in eta=M^alpha,analytic formula,R0.72B power-law corollary,strict inequality below the displayed boundary
A,coherent M^-10/3,2.75,2.5,beta in L=M^-beta,alpha in eta=M^alpha,analytic formula,R0.72B power-law corollary,strict inequality below the displayed boundary
A,old M^-2,2.7750000000000004,1.5,beta in L=M^-beta,alpha in eta=M^alpha,analytic formula,R0.72B power-law corollary,strict inequality below the displayed boundary
A,target participation M^-3,2.7750000000000004,2.25,beta in L=M^-beta,alpha in eta=M^alpha,analytic formula,R0.72B power-law corollary,strict inequality below the displayed boundary
A,coherent M^-10/3,2.7750000000000004,2.5,beta in L=M^-beta,alpha in eta=M^alpha,analytic formula,R0.72B power-law corollary,strict inequality below the displayed boundary
A,old M^-2,2.8000000000000003,1.5,beta in L=M^-beta,alpha in eta=M^alpha,analytic formula,R0.72B power-law corollary,strict inequality below the displayed boundary
A,target participation M^-3,2.8000000000000003,2.25,beta in L=M^-beta,alpha in eta=M^alpha,analytic formula,R0.72B power-law corollary,strict inequality below the displayed boundary
A,coherent M^-10/3,2.8000000000000003,2.5,beta in L=M^-beta,alpha in eta=M^alpha,analytic formula,R0.72B power-law corollary,strict inequality below the displayed boundary
A,old M^-2,2.825,1.5,beta in L=M^-beta,alpha in eta=M^alpha,analytic formula,R0.72B power-law corollary,strict inequality below the displayed boundary
A,target participation M^-3,2.825,2.25,beta in L=M^-beta,alpha in eta=M^alpha,analytic formula,R0.72B power-law corollary,strict inequality below the displayed boundary
A,coherent M^-10/3,2.825,2.5,beta in L=M^-beta,alpha in eta=M^alpha,analytic formula,R0.72B power-law corollary,strict inequality below the displayed boundary
A,old M^-2,2.85,1.5,beta in L=M^-beta,alpha in eta=M^alpha,analytic formula,R0.72B power-law corollary,strict inequality below the displayed boundary
A,target participation M^-3,2.85,2.25,beta in L=M^-beta,alpha in eta=M^alpha,analytic formula,R0.72B power-law corollary,strict inequality below the displayed boundary
A,coherent M^-10/3,2.85,2.5,beta in L=M^-beta,alpha in eta=M^alpha,analytic formula,R0.72B power-law corollary,strict inequality below the displayed boundary
A,old M^-2,2.875,1.5,beta in L=M^-beta,alpha in eta=M^alpha,analytic formula,R0.72B power-law corollary,strict inequality below the displayed boundary
A,target participation M^-3,2.875,2.25,beta in L=M^-beta,alpha in eta=M^alpha,analytic formula,R0.72B power-law corollary,strict inequality below the displayed boundary
A,coherent M^-10/3,2.875,2.5,beta in L=M^-beta,alpha in eta=M^alpha,analytic formula,R0.72B power-law corollary,strict inequality below the displayed boundary
A,old M^-2,2.9000000000000004,1.5,beta in L=M^-beta,alpha in eta=M^alpha,analytic formula,R0.72B power-law corollary,strict inequality below the displayed boundary
A,target participation M^-3,2.9000000000000004,2.25,beta in L=M^-beta,alpha in eta=M^alpha,analytic formula,R0.72B power-law corollary,strict inequality below the displayed boundary
A,coherent M^-10/3,2.9000000000000004,2.5,beta in L=M^-beta,alpha in eta=M^alpha,analytic formula,R0.72B power-law corollary,strict inequality below the displayed boundary
A,old M^-2,2.9250000000000003,1.5,beta in L=M^-beta,alpha in eta=M^alpha,analytic formula,R0.72B power-law corollary,strict inequality below the displayed boundary
A,target participation M^-3,2.9250000000000003,2.25,beta in L=M^-beta,alpha in eta=M^alpha,analytic formula,R0.72B power-law corollary,strict inequality below the displayed boundary
A,coherent M^-10/3,2.9250000000000003,2.5,beta in L=M^-beta,alpha in eta=M^alpha,analytic formula,R0.72B power-law corollary,strict inequality below the displayed boundary
A,old M^-2,2.95,1.5,beta in L=M^-beta,alpha in eta=M^alpha,analytic formula,R0.72B power-law corollary,strict inequality below the displayed boundary
A,target participation M^-3,2.95,2.25,beta in L=M^-beta,alpha in eta=M^alpha,analytic formula,R0.72B power-law corollary,strict inequality below the displayed boundary
A,coherent M^-10/3,2.95,2.5,beta in L=M^-beta,alpha in eta=M^alpha,analytic formula,R0.72B power-law corollary,strict inequality below the displayed boundary
A,old M^-2,2.975,1.5,beta in L=M^-beta,alpha in eta=M^alpha,analytic formula,R0.72B power-law corollary,strict inequality below the displayed boundary
A,target participation M^-3,2.975,2.25,beta in L=M^-beta,alpha in eta=M^alpha,analytic formula,R0.72B power-law corollary,strict inequality below the displayed boundary
A,coherent M^-10/3,2.975,2.5,beta in L=M^-beta,alpha in eta=M^alpha,analytic formula,R0.72B power-law corollary,strict inequality below the displayed boundary
A,old M^-2,3.0,1.5,beta in L=M^-beta,alpha in eta=M^alpha,analytic formula,R0.72B power-law corollary,strict inequality below the displayed boundary
A,target participation M^-3,3.0,2.25,beta in L=M^-beta,alpha in eta=M^alpha,analytic formula,R0.72B power-law corollary,strict inequality below the displayed boundary
A,coherent M^-10/3,3.0,2.5,beta in L=M^-beta,alpha in eta=M^alpha,analytic formula,R0.72B power-law corollary,strict inequality below the displayed boundary
A,old M^-2,3.0250000000000004,1.5,beta in L=M^-beta,alpha in eta=M^alpha,analytic formula,R0.72B power-law corollary,strict inequality below the displayed boundary
A,target participation M^-3,3.0250000000000004,2.25,beta in L=M^-beta,alpha in eta=M^alpha,analytic formula,R0.72B power-law corollary,strict inequality below the displayed boundary
A,coherent M^-10/3,3.0250000000000004,2.5,beta in L=M^-beta,alpha in eta=M^alpha,analytic formula,R0.72B power-law corollary,strict inequality below the displayed boundary
A,old M^-2,3.0500000000000003,1.5,beta in L=M^-beta,alpha in eta=M^alpha,analytic formula,R0.72B power-law corollary,strict inequality below the displayed boundary
A,target participation M^-3,3.0500000000000003,2.25,beta in L=M^-beta,alpha in eta=M^alpha,analytic formula,R0.72B power-law corollary,strict inequality below the displayed boundary
A,coherent M^-10/3,3.0500000000000003,2.5,beta in L=M^-beta,alpha in eta=M^alpha,analytic formula,R0.72B power-law corollary,strict inequality below the displayed boundary
A,old M^-2,3.075,1.5,beta in L=M^-beta,alpha in eta=M^alpha,analytic formula,R0.72B power-law corollary,strict inequality below the displayed boundary
A,target participation M^-3,3.075,2.25,beta in L=M^-beta,alpha in eta=M^alpha,analytic formula,R0.72B power-law corollary,strict inequality below the displayed boundary
A,coherent M^-10/3,3.075,2.5,beta in L=M^-beta,alpha in eta=M^alpha,analytic formula,R0.72B power-law corollary,strict inequality below the displayed boundary
A,old M^-2,3.1,1.5,beta in L=M^-beta,alpha in eta=M^alpha,analytic formula,R0.72B power-law corollary,strict inequality below the displayed boundary
A,target participation M^-3,3.1,2.25,beta in L=M^-beta,alpha in eta=M^alpha,analytic formula,R0.72B power-law corollary,strict inequality below the displayed boundary
A,coherent M^-10/3,3.1,2.5,beta in L=M^-beta,alpha in eta=M^alpha,analytic formula,R0.72B power-law corollary,strict inequality below the displayed boundary
A,old M^-2,3.125,1.5,beta in L=M^-beta,alpha in eta=M^alpha,analytic formula,R0.72B power-law corollary,strict inequality below the displayed boundary
A,target participation M^-3,3.125,2.25,beta in L=M^-beta,alpha in eta=M^alpha,analytic formula,R0.72B power-law corollary,strict inequality below the displayed boundary
A,coherent M^-10/3,3.125,2.5,beta in L=M^-beta,alpha in eta=M^alpha,analytic formula,R0.72B power-law corollary,strict inequality below the displayed boundary
A,old M^-2,3.1500000000000004,1.5,beta in L=M^-beta,alpha in eta=M^alpha,analytic formula,R0.72B power-law corollary,strict inequality below the displayed boundary
A,target participation M^-3,3.1500000000000004,2.25,beta in L=M^-beta,alpha in eta=M^alpha,analytic formula,R0.72B power-law corollary,strict inequality below the displayed boundary
A,coherent M^-10/3,3.1500000000000004,2.5,beta in L=M^-beta,alpha in eta=M^alpha,analytic formula,R0.72B power-law corollary,strict inequality below the displayed boundary
A,old M^-2,3.1750000000000003,1.5,beta in L=M^-beta,alpha in eta=M^alpha,analytic formula,R0.72B power-law corollary,strict inequality below the displayed boundary
A,target participation M^-3,3.1750000000000003,2.25,beta in L=M^-beta,alpha in eta=M^alpha,analytic formula,R0.72B power-law corollary,strict inequality below the displayed boundary
A,coherent M^-10/3,3.1750000000000003,2.5,beta in L=M^-beta,alpha in eta=M^alpha,analytic formula,R0.72B power-law corollary,strict inequality below the displayed boundary
A,old M^-2,3.2,1.5,beta in L=M^-beta,alpha in eta=M^alpha,analytic formula,R0.72B power-law corollary,strict inequality below the displayed boundary
A,target participation M^-3,3.2,2.25,beta in L=M^-beta,alpha in eta=M^alpha,analytic formula,R0.72B power-law corollary,strict inequality below the displayed boundary
A,coherent M^-10/3,3.2,2.5,beta in L=M^-beta,alpha in eta=M^alpha,analytic formula,R0.72B power-law corollary,strict inequality below the displayed boundary
A,old M^-2,3.225,1.5,beta in L=M^-beta,alpha in eta=M^alpha,analytic formula,R0.72B power-law corollary,strict inequality below the displayed boundary
A,target participation M^-3,3.225,2.25,beta in L=M^-beta,alpha in eta=M^alpha,analytic formula,R0.72B power-law corollary,strict inequality below the displayed boundary
A,coherent M^-10/3,3.225,2.5,beta in L=M^-beta,alpha in eta=M^alpha,analytic formula,R0.72B power-law corollary,strict inequality below the displayed boundary
A,old M^-2,3.25,1.5,beta in L=M^-beta,alpha in eta=M^alpha,analytic formula,R0.72B power-law corollary,strict inequality below the displayed boundary
A,target participation M^-3,3.25,2.25,beta in L=M^-beta,alpha in eta=M^alpha,analytic formula,R0.72B power-law corollary,strict inequality below the displayed boundary
A,coherent M^-10/3,3.25,2.5,beta in L=M^-beta,alpha in eta=M^alpha,analytic formula,R0.72B power-law corollary,strict inequality below the displayed boundary
A,old M^-2,3.2750000000000004,1.5,beta in L=M^-beta,alpha in eta=M^alpha,analytic formula,R0.72B power-law corollary,strict inequality below the displayed boundary
A,target participation M^-3,3.2750000000000004,2.25,beta in L=M^-beta,alpha in eta=M^alpha,analytic formula,R0.72B power-law corollary,strict inequality below the displayed boundary
A,coherent M^-10/3,3.2750000000000004,2.5,beta in L=M^-beta,alpha in eta=M^alpha,analytic formula,R0.72B power-law corollary,strict inequality below the displayed boundary
A,old M^-2,3.3000000000000003,1.5,beta in L=M^-beta,alpha in eta=M^alpha,analytic formula,R0.72B power-law corollary,strict inequality below the displayed boundary
A,target participation M^-3,3.3000000000000003,2.25,beta in L=M^-beta,alpha in eta=M^alpha,analytic formula,R0.72B power-law corollary,strict inequality below the displayed boundary
A,coherent M^-10/3,3.3000000000000003,2.5,beta in L=M^-beta,alpha in eta=M^alpha,analytic formula,R0.72B power-law corollary,strict inequality below the displayed boundary
A,old M^-2,3.325,1.5,beta in L=M^-beta,alpha in eta=M^alpha,analytic formula,R0.72B power-law corollary,strict inequality below the displayed boundary
A,target participation M^-3,3.325,2.25,beta in L=M^-beta,alpha in eta=M^alpha,analytic formula,R0.72B power-law corollary,strict inequality below the displayed boundary
A,coherent M^-10/3,3.325,2.5,beta in L=M^-beta,alpha in eta=M^alpha,analytic formula,R0.72B power-law corollary,strict inequality below the displayed boundary
A,old M^-2,3.35,1.5,beta in L=M^-beta,alpha in eta=M^alpha,analytic formula,R0.72B power-law corollary,strict inequality below the displayed boundary
A,target participation M^-3,3.35,2.25,beta in L=M^-beta,alpha in eta=M^alpha,analytic formula,R0.72B power-law corollary,strict inequality below the displayed boundary
A,coherent M^-10/3,3.35,2.5,beta in L=M^-beta,alpha in eta=M^alpha,analytic formula,R0.72B power-law corollary,strict inequality below the displayed boundary
A,old M^-2,3.375,1.5,beta in L=M^-beta,alpha in eta=M^alpha,analytic formula,R0.72B power-law corollary,strict inequality below the displayed boundary
A,target participation M^-3,3.375,2.25,beta in L=M^-beta,alpha in eta=M^alpha,analytic formula,R0.72B power-law corollary,strict inequality below the displayed boundary
A,coherent M^-10/3,3.375,2.5,beta in L=M^-beta,alpha in eta=M^alpha,analytic formula,R0.72B power-law corollary,strict inequality below the displayed boundary
A,old M^-2,3.4000000000000004,1.5,beta in L=M^-beta,alpha in eta=M^alpha,analytic formula,R0.72B power-law corollary,strict inequality below the displayed boundary
A,target participation M^-3,3.4000000000000004,2.25,beta in L=M^-beta,alpha in eta=M^alpha,analytic formula,R0.72B power-law corollary,strict inequality below the displayed boundary
A,coherent M^-10/3,3.4000000000000004,2.5,beta in L=M^-beta,alpha in eta=M^alpha,analytic formula,R0.72B power-law corollary,strict inequality below the displayed boundary
A,old M^-2,3.4250000000000003,1.5,beta in L=M^-beta,alpha in eta=M^alpha,analytic formula,R0.72B power-law corollary,strict inequality below the displayed boundary
A,target participation M^-3,3.4250000000000003,2.25,beta in L=M^-beta,alpha in eta=M^alpha,analytic formula,R0.72B power-law corollary,strict inequality below the displayed boundary
A,coherent M^-10/3,3.4250000000000003,2.5,beta in L=M^-beta,alpha in eta=M^alpha,analytic formula,R0.72B power-law corollary,strict inequality below the displayed boundary
A,old M^-2,3.45,1.5,beta in L=M^-beta,alpha in eta=M^alpha,analytic formula,R0.72B power-law corollary,strict inequality below the displayed boundary
A,target participation M^-3,3.45,2.25,beta in L=M^-beta,alpha in eta=M^alpha,analytic formula,R0.72B power-law corollary,strict inequality below the displayed boundary
A,coherent M^-10/3,3.45,2.5,beta in L=M^-beta,alpha in eta=M^alpha,analytic formula,R0.72B power-law corollary,strict inequality below the displayed boundary
A,old M^-2,3.475,1.5,beta in L=M^-beta,alpha in eta=M^alpha,analytic formula,R0.72B power-law corollary,strict inequality below the displayed boundary
A,target participation M^-3,3.475,2.25,beta in L=M^-beta,alpha in eta=M^alpha,analytic formula,R0.72B power-law corollary,strict inequality below the displayed boundary
A,coherent M^-10/3,3.475,2.5,beta in L=M^-beta,alpha in eta=M^alpha,analytic formula,R0.72B power-law corollary,strict inequality below the displayed boundary
A,old M^-2,3.5,1.5,beta in L=M^-beta,alpha in eta=M^alpha,analytic formula,R0.72B power-law corollary,strict inequality below the displayed boundary
A,target participation M^-3,3.5,2.25,beta in L=M^-beta,alpha in eta=M^alpha,analytic formula,R0.72B power-law corollary,strict inequality below the displayed boundary
A,coherent M^-10/3,3.5,2.5,beta in L=M^-beta,alpha in eta=M^alpha,analytic formula,R0.72B power-law corollary,strict inequality below the displayed boundary
A,old M^-2,3.5250000000000004,1.5,beta in L=M^-beta,alpha in eta=M^alpha,analytic formula,R0.72B power-law corollary,strict inequality below the displayed boundary
A,target participation M^-3,3.5250000000000004,2.25,beta in L=M^-beta,alpha in eta=M^alpha,analytic formula,R0.72B power-law corollary,strict inequality below the displayed boundary
A,coherent M^-10/3,3.5250000000000004,2.5,beta in L=M^-beta,alpha in eta=M^alpha,analytic formula,R0.72B power-law corollary,strict inequality below the displayed boundary
A,old M^-2,3.5500000000000003,1.5,beta in L=M^-beta,alpha in eta=M^alpha,analytic formula,R0.72B power-law corollary,strict inequality below the displayed boundary
A,target participation M^-3,3.5500000000000003,2.25,beta in L=M^-beta,alpha in eta=M^alpha,analytic formula,R0.72B power-law corollary,strict inequality below the displayed boundary
A,coherent M^-10/3,3.5500000000000003,2.5,beta in L=M^-beta,alpha in eta=M^alpha,analytic formula,R0.72B power-law corollary,strict inequality below the displayed boundary
A,old M^-2,3.575,1.5,beta in L=M^-beta,alpha in eta=M^alpha,analytic formula,R0.72B power-law corollary,strict inequality below the displayed boundary
A,target participation M^-3,3.575,2.25,beta in L=M^-beta,alpha in eta=M^alpha,analytic formula,R0.72B power-law corollary,strict inequality below the displayed boundary
A,coherent M^-10/3,3.575,2.5,beta in L=M^-beta,alpha in eta=M^alpha,analytic formula,R0.72B power-law corollary,strict inequality below the displayed boundary
A,old M^-2,3.6,1.5,beta in L=M^-beta,alpha in eta=M^alpha,analytic formula,R0.72B power-law corollary,strict inequality below the displayed boundary
A,target participation M^-3,3.6,2.25,beta in L=M^-beta,alpha in eta=M^alpha,analytic formula,R0.72B power-law corollary,strict inequality below the displayed boundary
A,coherent M^-10/3,3.6,2.5,beta in L=M^-beta,alpha in eta=M^alpha,analytic formula,R0.72B power-law corollary,strict inequality below the displayed boundary
A,old M^-2,3.625,1.5,beta in L=M^-beta,alpha in eta=M^alpha,analytic formula,R0.72B power-law corollary,strict inequality below the displayed boundary
A,target participation M^-3,3.625,2.25,beta in L=M^-beta,alpha in eta=M^alpha,analytic formula,R0.72B power-law corollary,strict inequality below the displayed boundary
A,coherent M^-10/3,3.625,2.5,beta in L=M^-beta,alpha in eta=M^alpha,analytic formula,R0.72B power-law corollary,strict inequality below the displayed boundary
A,old M^-2,3.6500000000000004,1.5,beta in L=M^-beta,alpha in eta=M^alpha,analytic formula,R0.72B power-law corollary,strict inequality below the displayed boundary
A,target participation M^-3,3.6500000000000004,2.25,beta in L=M^-beta,alpha in eta=M^alpha,analytic formula,R0.72B power-law corollary,strict inequality below the displayed boundary
A,coherent M^-10/3,3.6500000000000004,2.5,beta in L=M^-beta,alpha in eta=M^alpha,analytic formula,R0.72B power-law corollary,strict inequality below the displayed boundary
A,old M^-2,3.6750000000000003,1.5,beta in L=M^-beta,alpha in eta=M^alpha,analytic formula,R0.72B power-law corollary,strict inequality below the displayed boundary
A,target participation M^-3,3.6750000000000003,2.25,beta in L=M^-beta,alpha in eta=M^alpha,analytic formula,R0.72B power-law corollary,strict inequality below the displayed boundary
A,coherent M^-10/3,3.6750000000000003,2.5,beta in L=M^-beta,alpha in eta=M^alpha,analytic formula,R0.72B power-law corollary,strict inequality below the displayed boundary
A,old M^-2,3.7,1.5,beta in L=M^-beta,alpha in eta=M^alpha,analytic formula,R0.72B power-law corollary,strict inequality below the displayed boundary
A,target participation M^-3,3.7,2.25,beta in L=M^-beta,alpha in eta=M^alpha,analytic formula,R0.72B power-law corollary,strict inequality below the displayed boundary
A,coherent M^-10/3,3.7,2.5,beta in L=M^-beta,alpha in eta=M^alpha,analytic formula,R0.72B power-law corollary,strict inequality below the displayed boundary
A,old M^-2,3.725,1.5,beta in L=M^-beta,alpha in eta=M^alpha,analytic formula,R0.72B power-law corollary,strict inequality below the displayed boundary
A,target participation M^-3,3.725,2.25,beta in L=M^-beta,alpha in eta=M^alpha,analytic formula,R0.72B power-law corollary,strict inequality below the displayed boundary
A,coherent M^-10/3,3.725,2.5,beta in L=M^-beta,alpha in eta=M^alpha,analytic formula,R0.72B power-law corollary,strict inequality below the displayed boundary
A,old M^-2,3.75,1.5,beta in L=M^-beta,alpha in eta=M^alpha,analytic formula,R0.72B power-law corollary,strict inequality below the displayed boundary
A,target participation M^-3,3.75,2.25,beta in L=M^-beta,alpha in eta=M^alpha,analytic formula,R0.72B power-law corollary,strict inequality below the displayed boundary
A,coherent M^-10/3,3.75,2.5,beta in L=M^-beta,alpha in eta=M^alpha,analytic formula,R0.72B power-law corollary,strict inequality below the displayed boundary
A,old M^-2,3.7750000000000004,1.5,beta in L=M^-beta,alpha in eta=M^alpha,analytic formula,R0.72B power-law corollary,strict inequality below the displayed boundary
A,target participation M^-3,3.7750000000000004,2.25,beta in L=M^-beta,alpha in eta=M^alpha,analytic formula,R0.72B power-law corollary,strict inequality below the displayed boundary
A,coherent M^-10/3,3.7750000000000004,2.5,beta in L=M^-beta,alpha in eta=M^alpha,analytic formula,R0.72B power-law corollary,strict inequality below the displayed boundary
A,old M^-2,3.8000000000000003,1.5,beta in L=M^-beta,alpha in eta=M^alpha,analytic formula,R0.72B power-law corollary,strict inequality below the displayed boundary
A,target participation M^-3,3.8000000000000003,2.25,beta in L=M^-beta,alpha in eta=M^alpha,analytic formula,R0.72B power-law corollary,strict inequality below the displayed boundary
A,coherent M^-10/3,3.8000000000000003,2.5,beta in L=M^-beta,alpha in eta=M^alpha,analytic formula,R0.72B power-law corollary,strict inequality below the displayed boundary
A,old M^-2,3.825,1.5,beta in L=M^-beta,alpha in eta=M^alpha,analytic formula,R0.72B power-law corollary,strict inequality below the displayed boundary
A,target participation M^-3,3.825,2.25,beta in L=M^-beta,alpha in eta=M^alpha,analytic formula,R0.72B power-law corollary,strict inequality below the displayed boundary
A,coherent M^-10/3,3.825,2.5,beta in L=M^-beta,alpha in eta=M^alpha,analytic formula,R0.72B power-law corollary,strict inequality below the displayed boundary
A,old M^-2,3.85,1.5,beta in L=M^-beta,alpha in eta=M^alpha,analytic formula,R0.72B power-law corollary,strict inequality below the displayed boundary
A,target participation M^-3,3.85,2.25,beta in L=M^-beta,alpha in eta=M^alpha,analytic formula,R0.72B power-law corollary,strict inequality below the displayed boundary
A,coherent M^-10/3,3.85,2.5,beta in L=M^-beta,alpha in eta=M^alpha,analytic formula,R0.72B power-law corollary,strict inequality below the displayed boundary
A,old M^-2,3.875,1.5,beta in L=M^-beta,alpha in eta=M^alpha,analytic formula,R0.72B power-law corollary,strict inequality below the displayed boundary
A,target participation M^-3,3.875,2.25,beta in L=M^-beta,alpha in eta=M^alpha,analytic formula,R0.72B power-law corollary,strict inequality below the displayed boundary
A,coherent M^-10/3,3.875,2.5,beta in L=M^-beta,alpha in eta=M^alpha,analytic formula,R0.72B power-law corollary,strict inequality below the displayed boundary
A,old M^-2,3.9000000000000004,1.5,beta in L=M^-beta,alpha in eta=M^alpha,analytic formula,R0.72B power-law corollary,strict inequality below the displayed boundary
A,target participation M^-3,3.9000000000000004,2.25,beta in L=M^-beta,alpha in eta=M^alpha,analytic formula,R0.72B power-law corollary,strict inequality below the displayed boundary
A,coherent M^-10/3,3.9000000000000004,2.5,beta in L=M^-beta,alpha in eta=M^alpha,analytic formula,R0.72B power-law corollary,strict inequality below the displayed boundary
A,old M^-2,3.9250000000000003,1.5,beta in L=M^-beta,alpha in eta=M^alpha,analytic formula,R0.72B power-law corollary,strict inequality below the displayed boundary
A,target participation M^-3,3.9250000000000003,2.25,beta in L=M^-beta,alpha in eta=M^alpha,analytic formula,R0.72B power-law corollary,strict inequality below the displayed boundary
A,coherent M^-10/3,3.9250000000000003,2.5,beta in L=M^-beta,alpha in eta=M^alpha,analytic formula,R0.72B power-law corollary,strict inequality below the displayed boundary
A,old M^-2,3.95,1.5,beta in L=M^-beta,alpha in eta=M^alpha,analytic formula,R0.72B power-law corollary,strict inequality below the displayed boundary
A,target participation M^-3,3.95,2.25,beta in L=M^-beta,alpha in eta=M^alpha,analytic formula,R0.72B power-law corollary,strict inequality below the displayed boundary
A,coherent M^-10/3,3.95,2.5,beta in L=M^-beta,alpha in eta=M^alpha,analytic formula,R0.72B power-law corollary,strict inequality below the displayed boundary
A,old M^-2,3.975,1.5,beta in L=M^-beta,alpha in eta=M^alpha,analytic formula,R0.72B power-law corollary,strict inequality below the displayed boundary
A,target participation M^-3,3.975,2.25,beta in L=M^-beta,alpha in eta=M^alpha,analytic formula,R0.72B power-law corollary,strict inequality below the displayed boundary
A,coherent M^-10/3,3.975,2.5,beta in L=M^-beta,alpha in eta=M^alpha,analytic formula,R0.72B power-law corollary,strict inequality below the displayed boundary
A,old M^-2,4.0,1.5,beta in L=M^-beta,alpha in eta=M^alpha,analytic formula,R0.72B power-law corollary,strict inequality below the displayed boundary
A,target participation M^-3,4.0,2.25,beta in L=M^-beta,alpha in eta=M^alpha,analytic formula,R0.72B power-law corollary,strict inequality below the displayed boundary
A,coherent M^-10/3,4.0,2.5,beta in L=M^-beta,alpha in eta=M^alpha,analytic formula,R0.72B power-law corollary,strict inequality below the displayed boundary
B,target-row factor chi,1,0.5,equal positive carriers M,dimensionless factor,exact finite-sum formula,research/certificates/r072b/result.json,exactly 1/(2M)
B,multiplier/enstrophy factor,1,4.0,equal positive carriers M,dimensionless factor,exact finite-sum formula,research/certificates/r072b/result.json,exactly 24M/[(M+1)(2M+1)] for Kz=1
B,combined gain vs old constants,1,0.4235654288187097,equal positive carriers M,dimensionless factor,exact finite-sum formula,research/certificates/r072b/result.json,chi*(Omega^2/Kv/(2pi^2/3))^(1/3)
B,target-row factor chi,2,0.25,equal positive carriers M,dimensionless factor,exact finite-sum formula,research/certificates/r072b/result.json,exactly 1/(2M)
B,multiplier/enstrophy factor,2,3.2,equal positive carriers M,dimensionless factor,exact finite-sum formula,research/certificates/r072b/result.json,exactly 24M/[(M+1)(2M+1)] for Kz=1
B,combined gain vs old constants,2,0.1966016564709331,equal positive carriers M,dimensionless factor,exact finite-sum formula,research/certificates/r072b/result.json,chi*(Omega^2/Kv/(2pi^2/3))^(1/3)
B,target-row factor chi,4,0.125,equal positive carriers M,dimensionless factor,exact finite-sum formula,research/certificates/r072b/result.json,exactly 1/(2M)
B,multiplier/enstrophy factor,4,2.1333333333333333,equal positive carriers M,dimensionless factor,exact finite-sum formula,research/certificates/r072b/result.json,exactly 24M/[(M+1)(2M+1)] for Kz=1
B,combined gain vs old constants,4,0.08587368321390197,equal positive carriers M,dimensionless factor,exact finite-sum formula,research/certificates/r072b/result.json,chi*(Omega^2/Kv/(2pi^2/3))^(1/3)
B,target-row factor chi,8,0.0625,equal positive carriers M,dimensionless factor,exact finite-sum formula,research/certificates/r072b/result.json,exactly 1/(2M)
B,multiplier/enstrophy factor,8,1.2549019607843137,equal positive carriers M,dimensionless factor,exact finite-sum formula,research/certificates/r072b/result.json,exactly 24M/[(M+1)(2M+1)] for Kz=1
B,combined gain vs old constants,8,0.03597607565600732,equal positive carriers M,dimensionless factor,exact finite-sum formula,research/certificates/r072b/result.json,chi*(Omega^2/Kv/(2pi^2/3))^(1/3)
B,target-row factor chi,16,0.03125,equal positive carriers M,dimensionless factor,exact finite-sum formula,research/certificates/r072b/result.json,exactly 1/(2M)
B,multiplier/enstrophy factor,16,0.6844919786096256,equal positive carriers M,dimensionless factor,exact finite-sum formula,research/certificates/r072b/result.json,exactly 24M/[(M+1)(2M+1)] for Kz=1
B,combined gain vs old constants,16,0.014697269143961439,equal positive carriers M,dimensionless factor,exact finite-sum formula,research/certificates/r072b/result.json,chi*(Omega^2/Kv/(2pi^2/3))^(1/3)
B,target-row factor chi,32,0.015625,equal positive carriers M,dimensionless factor,exact finite-sum formula,research/certificates/r072b/result.json,exactly 1/(2M)
B,multiplier/enstrophy factor,32,0.35804195804195804,equal positive carriers M,dimensionless factor,exact finite-sum formula,research/certificates/r072b/result.json,exactly 24M/[(M+1)(2M+1)] for Kz=1
B,combined gain vs old constants,32,0.005921001508697434,equal positive carriers M,dimensionless factor,exact finite-sum formula,research/certificates/r072b/result.json,chi*(Omega^2/Kv/(2pi^2/3))^(1/3)
B,target-row factor chi,64,0.0078125,equal positive carriers M,dimensionless factor,exact finite-sum formula,research/certificates/r072b/result.json,exactly 1/(2M)
B,multiplier/enstrophy factor,64,0.18318425760286225,equal positive carriers M,dimensionless factor,exact finite-sum formula,research/certificates/r072b/result.json,exactly 24M/[(M+1)(2M+1)] for Kz=1
B,combined gain vs old constants,64,0.002367826723979048,equal positive carriers M,dimensionless factor,exact finite-sum formula,research/certificates/r072b/result.json,chi*(Omega^2/Kv/(2pi^2/3))^(1/3)
B,target-row factor chi,128,0.00390625,equal positive carriers M,dimensionless factor,exact finite-sum formula,research/certificates/r072b/result.json,exactly 1/(2M)
B,multiplier/enstrophy factor,128,0.09266129762012487,equal positive carriers M,dimensionless factor,exact finite-sum formula,research/certificates/r072b/result.json,exactly 24M/[(M+1)(2M+1)] for Kz=1
B,combined gain vs old constants,128,0.0009433148366241888,equal positive carriers M,dimensionless factor,exact finite-sum formula,research/certificates/r072b/result.json,chi*(Omega^2/Kv/(2pi^2/3))^(1/3)
B,target-row factor chi,256,0.001953125,equal positive carriers M,dimensionless factor,exact finite-sum formula,research/certificates/r072b/result.json,exactly 1/(2M)
B,multiplier/enstrophy factor,256,0.046601588276787946,equal positive carriers M,dimensionless factor,exact finite-sum formula,research/certificates/r072b/result.json,exactly 24M/[(M+1)(2M+1)] for Kz=1
B,combined gain vs old constants,256,0.00037508305945138225,equal positive carriers M,dimensionless factor,exact finite-sum formula,research/certificates/r072b/result.json,chi*(Omega^2/Kv/(2pi^2/3))^(1/3)
B,target-row factor chi,512,0.0009765625,equal positive carriers M,dimensionless factor,exact finite-sum formula,research/certificates/r072b/result.json,exactly 1/(2M)
B,multiplier/enstrophy factor,512,0.02336899158465269,equal positive carriers M,dimensionless factor,exact finite-sum formula,research/certificates/r072b/result.json,exactly 24M/[(M+1)(2M+1)] for Kz=1
B,combined gain vs old constants,512,0.00014899689061658835,equal positive carriers M,dimensionless factor,exact finite-sum formula,research/certificates/r072b/result.json,chi*(Omega^2/Kv/(2pi^2/3))^(1/3)
B,target-row factor chi,1024,0.00048828125,equal positive carriers M,dimensionless factor,exact finite-sum formula,research/certificates/r072b/result.json,exactly 1/(2M)
B,multiplier/enstrophy factor,1024,0.011701603399635753,equal positive carriers M,dimensionless factor,exact finite-sum formula,research/certificates/r072b/result.json,exactly 24M/[(M+1)(2M+1)] for Kz=1
B,combined gain vs old constants,1024,5.9158298867461e-05,equal positive carriers M,dimensionless factor,exact finite-sum formula,research/certificates/r072b/result.json,chi*(Omega^2/Kv/(2pi^2/3))^(1/3)
B,target-row factor chi,2048,0.000244140625,equal positive carriers M,dimensionless factor,exact finite-sum formula,research/certificates/r072b/result.json,exactly 1/(2M)
B,multiplier/enstrophy factor,2048,0.005855085909019599,equal positive carriers M,dimensionless factor,exact finite-sum formula,research/certificates/r072b/result.json,exactly 24M/[(M+1)(2M+1)] for Kz=1
B,combined gain vs old constants,2048,2.348271535278094e-05,equal positive carriers M,dimensionless factor,exact finite-sum formula,research/certificates/r072b/result.json,chi*(Omega^2/Kv/(2pi^2/3))^(1/3)
B,target-row factor chi,4096,0.0001220703125,equal positive carriers M,dimensionless factor,exact finite-sum formula,research/certificates/r072b/result.json,exactly 1/(2M)
B,multiplier/enstrophy factor,4096,0.0029286149219043467,equal positive carriers M,dimensionless factor,exact finite-sum formula,research/certificates/r072b/result.json,exactly 24M/[(M+1)(2M+1)] for Kz=1
B,combined gain vs old constants,4096,9.320259073972072e-06,equal positive carriers M,dimensionless factor,exact finite-sum formula,research/certificates/r072b/result.json,chi*(Omega^2/Kv/(2pi^2/3))^(1/3)
B,target-row factor chi,8192,6.103515625e-05,equal positive carriers M,dimensionless factor,exact finite-sum formula,research/certificates/r072b/result.json,exactly 1/(2M)
B,multiplier/enstrophy factor,8192,0.0014645755672922929,equal positive carriers M,dimensionless factor,exact finite-sum formula,research/certificates/r072b/result.json,exactly 24M/[(M+1)(2M+1)] for Kz=1
B,combined gain vs old constants,8192,3.698972990723193e-06,equal positive carriers M,dimensionless factor,exact finite-sum formula,research/certificates/r072b/result.json,chi*(Omega^2/Kv/(2pi^2/3))^(1/3)
B,target-row factor chi,16384,3.0517578125e-05,equal positive carriers M,dimensionless factor,exact finite-sum formula,research/certificates/r072b/result.json,exactly 1/(2M)
B,multiplier/enstrophy factor,16384,0.0007323548245491626,equal positive carriers M,dimensionless factor,exact finite-sum formula,research/certificates/r072b/result.json,exactly 24M/[(M+1)(2M+1)] for Kz=1
B,combined gain vs old constants,16384,1.4679831993598667e-06,equal positive carriers M,dimensionless factor,exact finite-sum formula,research/certificates/r072b/result.json,chi*(Omega^2/Kv/(2pi^2/3))^(1/3)
B,target-row factor chi,32768,1.52587890625e-05,equal positive carriers M,dimensionless factor,exact finite-sum formula,research/certificates/r072b/result.json,exactly 1/(2M)
B,multiplier/enstrophy factor,32768,0.0003661941742904933,equal positive carriers M,dimensionless factor,exact finite-sum formula,research/certificates/r072b/result.json,exactly 24M/[(M+1)(2M+1)] for Kz=1
B,combined gain vs old constants,32768,5.825784077680041e-07,equal positive carriers M,dimensionless factor,exact finite-sum formula,research/certificates/r072b/result.json,chi*(Omega^2/Kv/(2pi^2/3))^(1/3)
B,target-row factor chi,65536,7.62939453125e-06,equal positive carriers M,dimensionless factor,exact finite-sum formula,research/certificates/r072b/result.json,exactly 1/(2M)
B,multiplier/enstrophy factor,65536,0.00018310127787302,equal positive carriers M,dimensionless factor,exact finite-sum formula,research/certificates/r072b/result.json,exactly 24M/[(M+1)(2M+1)] for Kz=1
B,combined gain vs old constants,65536,2.3119815819781437e-07,equal positive carriers M,dimensionless factor,exact finite-sum formula,research/certificates/r072b/result.json,chi*(Omega^2/Kv/(2pi^2/3))^(1/3)
B,target-row factor chi,131072,3.814697265625e-06,equal positive carriers M,dimensionless factor,exact finite-sum formula,research/certificates/r072b/result.json,exactly 1/(2M)
B,multiplier/enstrophy factor,131072,9.155168664642935e-05,equal positive carriers M,dimensionless factor,exact finite-sum formula,research/certificates/r072b/result.json,exactly 24M/[(M+1)(2M+1)] for Kz=1
B,combined gain vs old constants,131072,9.175139988388901e-08,equal positive carriers M,dimensionless factor,exact finite-sum formula,research/certificates/r072b/result.json,chi*(Omega^2/Kv/(2pi^2/3))^(1/3)
B,target-row factor chi,262144,1.9073486328125e-06,equal positive carriers M,dimensionless factor,exact finite-sum formula,research/certificates/r072b/result.json,exactly 1/(2M)
B,multiplier/enstrophy factor,262144,4.577610525419162e-05,equal positive carriers M,dimensionless factor,exact finite-sum formula,research/certificates/r072b/result.json,exactly 24M/[(M+1)(2M+1)] for Kz=1
B,combined gain vs old constants,262144,3.641163662309803e-08,equal positive carriers M,dimensionless factor,exact finite-sum formula,research/certificates/r072b/result.json,chi*(Omega^2/Kv/(2pi^2/3))^(1/3)
B,target-row factor chi,524288,9.5367431640625e-07,equal positive carriers M,dimensionless factor,exact finite-sum formula,research/certificates/r072b/result.json,exactly 1/(2M)
B,multiplier/enstrophy factor,524288,2.288811811027719e-05,equal positive carriers M,dimensionless factor,exact finite-sum formula,research/certificates/r072b/result.json,exactly 24M/[(M+1)(2M+1)] for Kz=1
B,combined gain vs old constants,524288,1.4449981350384067e-08,equal positive carriers M,dimensionless factor,exact finite-sum formula,research/certificates/r072b/result.json,chi*(Omega^2/Kv/(2pi^2/3))^(1/3)
B,target-row factor chi,1048576,4.76837158203125e-07,equal positive carriers M,dimensionless factor,exact finite-sum formula,research/certificates/r072b/result.json,exactly 1/(2M)
B,multiplier/enstrophy factor,1048576,1.1444075425988583e-05,equal positive carriers M,dimensionless factor,exact finite-sum formula,research/certificates/r072b/result.json,exactly 24M/[(M+1)(2M+1)] for Kz=1
B,combined gain vs old constants,1048576,5.734481633540147e-09,equal positive carriers M,dimensionless factor,exact finite-sum formula,research/certificates/r072b/result.json,chi*(Omega^2/Kv/(2pi^2/3))^(1/3)
C,layer x frozen ED rate,8,0.048066022451400695,selected Bessel roots R,dimensionless upper indicator,analytic formula evaluated at mpmath Bessel zero,research/certificates/r072b/result.json,L_R*R^2/(log R)^2
C,heat-freezing Xi,8,0.0431512353879765,selected Bessel roots R,dimensionless upper indicator,analytic formula evaluated at mpmath Bessel zero,research/certificates/r072b/result.json,2R^4[L_R-(1-exp(-L_R))]
C,energy-loss upper bound,8,1.7180810450194453,selected Bessel roots R,dimensionless upper indicator,analytic formula evaluated at mpmath Bessel zero,research/certificates/r072b/result.json,[4T_R+4T_R^2+(8/3)T_R^3]/R^4
C,layer x frozen ED rate,16,0.013146653942707281,selected Bessel roots R,dimensionless upper indicator,analytic formula evaluated at mpmath Bessel zero,research/certificates/r072b/result.json,L_R*R^2/(log R)^2
C,heat-freezing Xi,16,0.010212101548058839,selected Bessel roots R,dimensionless upper indicator,analytic formula evaluated at mpmath Bessel zero,research/certificates/r072b/result.json,2R^4[L_R-(1-exp(-L_R))]
C,energy-loss upper bound,16,0.7470725648339214,selected Bessel roots R,dimensionless upper indicator,analytic formula evaluated at mpmath Bessel zero,research/certificates/r072b/result.json,[4T_R+4T_R^2+(8/3)T_R^3]/R^4
C,layer x frozen ED rate,32,0.004146991991958746,selected Bessel roots R,dimensionless upper indicator,analytic formula evaluated at mpmath Bessel zero,research/certificates/r072b/result.json,L_R*R^2/(log R)^2
C,heat-freezing Xi,32,0.002481082543607083,selected Bessel roots R,dimensionless upper indicator,analytic formula evaluated at mpmath Bessel zero,research/certificates/r072b/result.json,2R^4[L_R-(1-exp(-L_R))]
C,energy-loss upper bound,32,0.3475936493456451,selected Bessel roots R,dimensionless upper indicator,analytic formula evaluated at mpmath Bessel zero,research/certificates/r072b/result.json,[4T_R+4T_R^2+(8/3)T_R^3]/R^4
C,layer x frozen ED rate,64,0.001429483570781429,selected Bessel roots R,dimensionless upper indicator,analytic formula evaluated at mpmath Bessel zero,research/certificates/r072b/result.json,L_R*R^2/(log R)^2
C,heat-freezing Xi,64,0.0006113139530246884,selected Bessel roots R,dimensionless upper indicator,analytic formula evaluated at mpmath Bessel zero,research/certificates/r072b/result.json,2R^4[L_R-(1-exp(-L_R))]
C,energy-loss upper bound,64,0.1675615675878884,selected Bessel roots R,dimensionless upper indicator,analytic formula evaluated at mpmath Bessel zero,research/certificates/r072b/result.json,[4T_R+4T_R^2+(8/3)T_R^3]/R^4
C,layer x frozen ED rate,128,0.0005231945131176246,selected Bessel roots R,dimensionless upper indicator,analytic formula evaluated at mpmath Bessel zero,research/certificates/r072b/result.json,L_R*R^2/(log R)^2
C,heat-freezing Xi,128,0.00015171211294546738,selected Bessel roots R,dimensionless upper indicator,analytic formula evaluated at mpmath Bessel zero,research/certificates/r072b/result.json,2R^4[L_R-(1-exp(-L_R))]
C,energy-loss upper bound,128,0.08225290565353574,selected Bessel roots R,dimensionless upper indicator,analytic formula evaluated at mpmath Bessel zero,research/certificates/r072b/result.json,[4T_R+4T_R^2+(8/3)T_R^3]/R^4
C,layer x frozen ED rate,256,0.00019991719104706516,selected Bessel roots R,dimensionless upper indicator,analytic formula evaluated at mpmath Bessel zero,research/certificates/r072b/result.json,L_R*R^2/(log R)^2
C,heat-freezing Xi,256,3.7788709489257666e-05,selected Bessel roots R,dimensionless upper indicator,analytic formula evaluated at mpmath Bessel zero,research/certificates/r072b/result.json,2R^4[L_R-(1-exp(-L_R))]
C,energy-loss upper bound,256,0.04074832744344905,selected Bessel roots R,dimensionless upper indicator,analytic formula evaluated at mpmath Bessel zero,research/certificates/r072b/result.json,[4T_R+4T_R^2+(8/3)T_R^3]/R^4
C,layer x frozen ED rate,512,7.890686432459987e-05,selected Bessel roots R,dimensionless upper indicator,analytic formula evaluated at mpmath Bessel zero,research/certificates/r072b/result.json,L_R*R^2/(log R)^2
C,heat-freezing Xi,512,9.429777617407351e-06,selected Bessel roots R,dimensionless upper indicator,analytic formula evaluated at mpmath Bessel zero,research/certificates/r072b/result.json,2R^4[L_R-(1-exp(-L_R))]
C,energy-loss upper bound,512,0.020280111462214846,selected Bessel roots R,dimensionless upper indicator,analytic formula evaluated at mpmath Bessel zero,research/certificates/r072b/result.json,[4T_R+4T_R^2+(8/3)T_R^3]/R^4
